VisitID,Date,Territory,Region,Rep,DealSize,Converted
5001,2025-09-01,Lagos Mainland,Lagos,Rep 12,230076.57,1
5002,2025-09-01,Lagos Mainland,Lagos,Rep 22,231653.0,1
5003,2025-09-01,Lagos Mainland,Lagos,Rep 03,141319.63,1
5004,2025-09-01,Lagos Mainland,Lagos,Rep 04,39147.39,1
5005,2025-09-01,Lagos Mainland,Lagos,Rep 02,42409.95,1
5006,2025-09-01,Lagos Mainland,Lagos,Rep 08,108841.18,1
5007,2025-09-01,Lagos Mainland,Lagos,Rep 01,73286.59,1
5008,2025-09-01,Lagos Mainland,Lagos,Rep 04,217322.0,1
5009,2025-09-01,Lagos Mainland,Lagos,Rep 02,0.0,0
5010,2025-09-01,Lagos Mainland,Lagos,Rep 06,20592.23,1
5011,2025-09-01,Lagos Mainland,Lagos,Rep 03,391202.07,1
5012,2025-09-01,Lagos Island,Lagos,Rep 12,0.0,0
5013,2025-09-01,Lagos Island,Lagos,Rep 12,0.0,0
5014,2025-09-01,Lagos Island,Lagos,Rep 13,0.0,0
5015,2025-09-01,Lagos Island,Lagos,Rep 07,0.0,0
5016,2025-09-01,Lagos Island,Lagos,Rep 16,242514.31,1
5017,2025-09-01,Lagos Island,Lagos,Rep 10,0.0,0
5018,2025-09-01,Lagos Island,Lagos,Rep 07,0.0,0
5019,2025-09-01,Lagos Island,Lagos,Rep 15,142687.83,1
5020,2025-09-01,Lekki-Ajah,Lagos,Rep 02,0.0,0
5021,2025-09-01,Lekki-Ajah,Lagos,Rep 20,0.0,0
5022,2025-09-01,Lekki-Ajah,Lagos,Rep 22,176905.44,1
5023,2025-09-01,Lekki-Ajah,Lagos,Rep 12,226401.14,1
5024,2025-09-01,Lekki-Ajah,Lagos,Rep 01,0.0,0
5025,2025-09-01,Lekki-Ajah,Lagos,Rep 14,0.0,0
5026,2025-09-01,Lekki-Ajah,Lagos,Rep 03,42124.23,1
5027,2025-09-01,Sagamu,Ogun,Rep 15,0.0,0
5028,2025-09-01,Ibadan North,Oyo,Rep 13,0.0,0
5029,2025-09-01,Ibadan North,Oyo,Rep 08,0.0,0
5030,2025-09-01,Ibadan North,Oyo,Rep 13,0.0,0
5031,2025-09-01,Ibadan North,Oyo,Rep 17,42763.91,1
5032,2025-09-01,Ibadan South,Oyo,Rep 11,0.0,0
5033,2025-09-01,Ibadan South,Oyo,Rep 16,205714.1,1
5034,2025-09-01,Ibadan South,Oyo,Rep 20,0.0,0
5035,2025-09-02,Lagos Mainland,Lagos,Rep 02,0.0,0
5036,2025-09-02,Lagos Mainland,Lagos,Rep 03,85998.63,1
5037,2025-09-02,Lagos Mainland,Lagos,Rep 21,0.0,0
5038,2025-09-02,Lagos Mainland,Lagos,Rep 19,94333.33,1
5039,2025-09-02,Lagos Mainland,Lagos,Rep 06,0.0,0
5040,2025-09-02,Lagos Mainland,Lagos,Rep 17,0.0,0
5041,2025-09-02,Lagos Mainland,Lagos,Rep 10,0.0,0
5042,2025-09-02,Lagos Mainland,Lagos,Rep 18,127461.42,1
5043,2025-09-02,Lagos Mainland,Lagos,Rep 21,0.0,0
5044,2025-09-02,Lagos Mainland,Lagos,Rep 12,0.0,0
5045,2025-09-02,Abeokuta,Ogun,Rep 21,125749.88,1
5046,2025-09-02,Abeokuta,Ogun,Rep 01,0.0,0
5047,2025-09-02,Abeokuta,Ogun,Rep 18,0.0,0
5048,2025-09-02,Abeokuta,Ogun,Rep 06,0.0,0
5049,2025-09-02,Sagamu,Ogun,Rep 16,0.0,0
5050,2025-09-02,Ibadan South,Oyo,Rep 07,78774.69,1
5051,2025-09-02,Ibadan South,Oyo,Rep 09,0.0,0
5052,2025-09-02,Ibadan South,Oyo,Rep 06,0.0,0
5053,2025-09-02,Ibadan South,Oyo,Rep 05,0.0,0
5054,2025-09-03,Lagos Mainland,Lagos,Rep 21,0.0,0
5055,2025-09-03,Lagos Mainland,Lagos,Rep 17,0.0,0
5056,2025-09-03,Lagos Mainland,Lagos,Rep 21,73406.09,1
5057,2025-09-03,Lagos Mainland,Lagos,Rep 01,0.0,0
5058,2025-09-03,Lagos Mainland,Lagos,Rep 22,0.0,0
5059,2025-09-03,Lagos Mainland,Lagos,Rep 20,0.0,0
5060,2025-09-03,Lagos Mainland,Lagos,Rep 08,145688.49,1
5061,2025-09-03,Lagos Mainland,Lagos,Rep 09,54207.9,1
5062,2025-09-03,Lagos Mainland,Lagos,Rep 05,266365.48,1
5063,2025-09-03,Lagos Mainland,Lagos,Rep 15,75010.79,1
5064,2025-09-03,Lagos Mainland,Lagos,Rep 01,0.0,0
5065,2025-09-03,Lagos Mainland,Lagos,Rep 06,0.0,0
5066,2025-09-03,Lekki-Ajah,Lagos,Rep 07,0.0,0
5067,2025-09-03,Lekki-Ajah,Lagos,Rep 03,0.0,0
5068,2025-09-03,Lekki-Ajah,Lagos,Rep 21,0.0,0
5069,2025-09-03,Lekki-Ajah,Lagos,Rep 16,0.0,0
5070,2025-09-03,Lekki-Ajah,Lagos,Rep 11,0.0,0
5071,2025-09-03,Lekki-Ajah,Lagos,Rep 21,0.0,0
5072,2025-09-03,Lekki-Ajah,Lagos,Rep 11,0.0,0
5073,2025-09-03,Lekki-Ajah,Lagos,Rep 03,0.0,0
5074,2025-09-03,Lekki-Ajah,Lagos,Rep 18,180881.38,1
5075,2025-09-03,Lekki-Ajah,Lagos,Rep 04,196644.88,1
5076,2025-09-03,Lekki-Ajah,Lagos,Rep 08,91432.67,1
5077,2025-09-03,Sagamu,Ogun,Rep 12,121710.5,1
5078,2025-09-04,Ibadan South,Oyo,Rep 15,0.0,0
5079,2025-09-04,Ibadan South,Oyo,Rep 09,151747.46,1
5080,2025-09-04,Ibadan South,Oyo,Rep 22,240378.3,1
5081,2025-09-04,Ibadan South,Oyo,Rep 01,80123.75,1
5082,2025-09-04,Ibadan South,Oyo,Rep 10,0.0,0
5083,2025-09-04,Ibadan South,Oyo,Rep 09,0.0,0
5084,2025-09-05,Lagos Island,Lagos,Rep 04,0.0,0
5085,2025-09-05,Lagos Island,Lagos,Rep 13,0.0,0
5086,2025-09-05,Lagos Island,Lagos,Rep 22,259140.79,1
5087,2025-09-05,Lagos Island,Lagos,Rep 08,0.0,0
5088,2025-09-05,Lagos Island,Lagos,Rep 13,0.0,0
5089,2025-09-05,Lagos Island,Lagos,Rep 04,134922.7,1
5090,2025-09-05,Sagamu,Ogun,Rep 01,138791.58,1
5091,2025-09-05,Ibadan North,Oyo,Rep 02,125891.35,1
5092,2025-09-05,Ibadan North,Oyo,Rep 16,52700.94,1
5093,2025-09-05,Ibadan North,Oyo,Rep 17,0.0,0
5094,2025-09-05,Ogbomosho,Oyo,Rep 08,139951.27,1
5095,2025-09-06,Lekki-Ajah,Lagos,Rep 20,64230.11,1
5096,2025-09-06,Lekki-Ajah,Lagos,Rep 12,0.0,0
5097,2025-09-06,Lekki-Ajah,Lagos,Rep 08,91710.81,1
5098,2025-09-06,Lekki-Ajah,Lagos,Rep 17,0.0,0
5099,2025-09-06,Lekki-Ajah,Lagos,Rep 16,108085.68,1
5100,2025-09-06,Lekki-Ajah,Lagos,Rep 05,0.0,0
5101,2025-09-06,Lekki-Ajah,Lagos,Rep 14,118186.87,1
5102,2025-09-06,Lekki-Ajah,Lagos,Rep 14,202597.19,1
5103,2025-09-06,Sagamu,Ogun,Rep 11,235974.14,1
5104,2025-09-06,Sagamu,Ogun,Rep 03,0.0,0
5105,2025-09-06,Ibadan North,Oyo,Rep 10,0.0,0
5106,2025-09-06,Ibadan North,Oyo,Rep 09,0.0,0
5107,2025-09-07,Lagos Mainland,Lagos,Rep 05,0.0,0
5108,2025-09-07,Lagos Mainland,Lagos,Rep 18,0.0,0
5109,2025-09-07,Lagos Mainland,Lagos,Rep 08,0.0,0
5110,2025-09-07,Lagos Mainland,Lagos,Rep 17,108652.29,1
5111,2025-09-07,Lagos Mainland,Lagos,Rep 17,322903.16,1
5112,2025-09-07,Lagos Mainland,Lagos,Rep 04,0.0,0
5113,2025-09-07,Lekki-Ajah,Lagos,Rep 03,103210.92,1
5114,2025-09-07,Lekki-Ajah,Lagos,Rep 15,0.0,0
5115,2025-09-07,Lekki-Ajah,Lagos,Rep 11,0.0,0
5116,2025-09-07,Lekki-Ajah,Lagos,Rep 10,197517.87,1
5117,2025-09-07,Sagamu,Ogun,Rep 21,0.0,0
5118,2025-09-07,Sagamu,Ogun,Rep 11,0.0,0
5119,2025-09-07,Ibadan North,Oyo,Rep 20,0.0,0
5120,2025-09-07,Ibadan North,Oyo,Rep 02,454504.0,1
5121,2025-09-08,Lagos Mainland,Lagos,Rep 21,0.0,0
5122,2025-09-08,Lagos Mainland,Lagos,Rep 11,163302.81,1
5123,2025-09-08,Lagos Mainland,Lagos,Rep 05,0.0,0
5124,2025-09-08,Lagos Mainland,Lagos,Rep 16,63659.72,1
5125,2025-09-08,Lagos Mainland,Lagos,Rep 08,157392.86,1
5126,2025-09-08,Lagos Mainland,Lagos,Rep 15,0.0,0
5127,2025-09-08,Lagos Mainland,Lagos,Rep 15,0.0,0
5128,2025-09-08,Lagos Mainland,Lagos,Rep 07,0.0,0
5129,2025-09-08,Lagos Mainland,Lagos,Rep 04,0.0,0
5130,2025-09-08,Lagos Mainland,Lagos,Rep 17,265088.04,1
5131,2025-09-08,Abeokuta,Ogun,Rep 22,151712.32,1
5132,2025-09-08,Abeokuta,Ogun,Rep 04,151690.98,1
5133,2025-09-08,Abeokuta,Ogun,Rep 10,0.0,0
5134,2025-09-08,Abeokuta,Ogun,Rep 12,0.0,0
5135,2025-09-08,Abeokuta,Ogun,Rep 11,0.0,0
5136,2025-09-08,Abeokuta,Ogun,Rep 12,193105.65,1
5137,2025-09-08,Abeokuta,Ogun,Rep 04,0.0,0
5138,2025-09-08,Ibadan North,Oyo,Rep 04,0.0,0
5139,2025-09-08,Ibadan North,Oyo,Rep 07,0.0,0
5140,2025-09-08,Ibadan North,Oyo,Rep 09,84760.45,1
5141,2025-09-08,Ibadan North,Oyo,Rep 09,99582.06,1
5142,2025-09-08,Ibadan North,Oyo,Rep 15,0.0,0
5143,2025-09-08,Ibadan South,Oyo,Rep 02,0.0,0
5144,2025-09-08,Ibadan South,Oyo,Rep 04,46233.44,1
5145,2025-09-08,Ibadan South,Oyo,Rep 18,0.0,0
5146,2025-09-09,Lagos Mainland,Lagos,Rep 14,0.0,0
5147,2025-09-09,Lagos Mainland,Lagos,Rep 07,212829.46,1
5148,2025-09-09,Lagos Mainland,Lagos,Rep 07,0.0,0
5149,2025-09-09,Lagos Mainland,Lagos,Rep 05,0.0,0
5150,2025-09-09,Lagos Mainland,Lagos,Rep 18,0.0,0
5151,2025-09-09,Lagos Mainland,Lagos,Rep 01,133931.08,1
5152,2025-09-09,Lagos Mainland,Lagos,Rep 13,0.0,0
5153,2025-09-09,Lagos Mainland,Lagos,Rep 07,0.0,0
5154,2025-09-09,Lagos Mainland,Lagos,Rep 21,0.0,0
5155,2025-09-09,Lagos Mainland,Lagos,Rep 16,147810.31,1
5156,2025-09-09,Lagos Island,Lagos,Rep 17,170250.01,1
5157,2025-09-09,Lagos Island,Lagos,Rep 06,0.0,0
5158,2025-09-09,Lagos Island,Lagos,Rep 12,230349.89,1
5159,2025-09-09,Lagos Island,Lagos,Rep 05,0.0,0
5160,2025-09-09,Lagos Island,Lagos,Rep 03,0.0,0
5161,2025-09-09,Abeokuta,Ogun,Rep 22,115214.93,1
5162,2025-09-09,Abeokuta,Ogun,Rep 10,0.0,0
5163,2025-09-09,Abeokuta,Ogun,Rep 01,167083.89,1
5164,2025-09-09,Abeokuta,Ogun,Rep 11,252369.93,1
5165,2025-09-09,Abeokuta,Ogun,Rep 21,138452.88,1
5166,2025-09-09,Abeokuta,Ogun,Rep 15,0.0,0
5167,2025-09-09,Abeokuta,Ogun,Rep 21,0.0,0
5168,2025-09-09,Abeokuta,Ogun,Rep 15,0.0,0
5169,2025-09-09,Sagamu,Ogun,Rep 11,0.0,0
5170,2025-09-09,Ibadan North,Oyo,Rep 06,65202.28,1
5171,2025-09-09,Ibadan North,Oyo,Rep 04,0.0,0
5172,2025-09-09,Ibadan North,Oyo,Rep 16,0.0,0
5173,2025-09-09,Ibadan North,Oyo,Rep 07,0.0,0
5174,2025-09-09,Ibadan North,Oyo,Rep 17,156942.06,1
5175,2025-09-09,Ibadan South,Oyo,Rep 21,194683.35,1
5176,2025-09-09,Ibadan South,Oyo,Rep 09,281273.77,1
5177,2025-09-09,Ibadan South,Oyo,Rep 04,0.0,0
5178,2025-09-09,Ibadan South,Oyo,Rep 18,0.0,0
5179,2025-09-09,Ibadan South,Oyo,Rep 20,0.0,0
5180,2025-09-09,Ibadan South,Oyo,Rep 16,0.0,0
5181,2025-09-09,Ibadan South,Oyo,Rep 20,0.0,0
5182,2025-09-10,Lagos Mainland,Lagos,Rep 12,95391.37,1
5183,2025-09-10,Lagos Mainland,Lagos,Rep 05,247898.65,1
5184,2025-09-10,Lagos Mainland,Lagos,Rep 04,0.0,0
5185,2025-09-10,Lagos Mainland,Lagos,Rep 15,0.0,0
5186,2025-09-10,Lagos Mainland,Lagos,Rep 19,0.0,0
5187,2025-09-10,Lagos Mainland,Lagos,Rep 08,151907.14,1
5188,2025-09-10,Lagos Mainland,Lagos,Rep 08,130924.29,1
5189,2025-09-10,Lagos Mainland,Lagos,Rep 17,113168.51,1
5190,2025-09-10,Lagos Mainland,Lagos,Rep 12,0.0,0
5191,2025-09-10,Lagos Island,Lagos,Rep 10,0.0,0
5192,2025-09-10,Lagos Island,Lagos,Rep 03,0.0,0
5193,2025-09-10,Lagos Island,Lagos,Rep 06,0.0,0
5194,2025-09-10,Lagos Island,Lagos,Rep 04,0.0,0
5195,2025-09-10,Lekki-Ajah,Lagos,Rep 22,0.0,0
5196,2025-09-10,Lekki-Ajah,Lagos,Rep 14,0.0,0
5197,2025-09-10,Lekki-Ajah,Lagos,Rep 04,0.0,0
5198,2025-09-10,Lekki-Ajah,Lagos,Rep 06,0.0,0
5199,2025-09-10,Lekki-Ajah,Lagos,Rep 07,0.0,0
5200,2025-09-10,Lekki-Ajah,Lagos,Rep 10,170368.05,1
5201,2025-09-10,Lekki-Ajah,Lagos,Rep 06,34291.29,1
5202,2025-09-10,Abeokuta,Ogun,Rep 17,257734.56,1
5203,2025-09-10,Abeokuta,Ogun,Rep 19,0.0,0
5204,2025-09-10,Abeokuta,Ogun,Rep 10,148714.71,1
5205,2025-09-10,Abeokuta,Ogun,Rep 01,0.0,0
5206,2025-09-10,Abeokuta,Ogun,Rep 10,0.0,0
5207,2025-09-10,Sagamu,Ogun,Rep 19,0.0,0
5208,2025-09-10,Sagamu,Ogun,Rep 17,0.0,0
5209,2025-09-10,Ibadan South,Oyo,Rep 16,113971.63,1
5210,2025-09-10,Ibadan South,Oyo,Rep 07,0.0,0
5211,2025-09-10,Ibadan South,Oyo,Rep 17,0.0,0
5212,2025-09-10,Ibadan South,Oyo,Rep 11,179455.61,1
5213,2025-09-10,Ibadan South,Oyo,Rep 22,0.0,0
5214,2025-09-10,Ibadan South,Oyo,Rep 14,0.0,0
5215,2025-09-10,Ibadan South,Oyo,Rep 20,48789.05,1
5216,2025-09-11,Lagos Mainland,Lagos,Rep 05,192707.53,1
5217,2025-09-11,Lagos Mainland,Lagos,Rep 06,0.0,0
5218,2025-09-11,Lagos Mainland,Lagos,Rep 11,229233.29,1
5219,2025-09-11,Lagos Mainland,Lagos,Rep 11,0.0,0
5220,2025-09-11,Lagos Island,Lagos,Rep 09,0.0,0
5221,2025-09-11,Lagos Island,Lagos,Rep 05,0.0,0
5222,2025-09-11,Lagos Island,Lagos,Rep 15,33384.31,1
5223,2025-09-11,Lagos Island,Lagos,Rep 19,0.0,0
5224,2025-09-11,Lagos Island,Lagos,Rep 04,51093.18,1
5225,2025-09-11,Lekki-Ajah,Lagos,Rep 11,0.0,0
5226,2025-09-11,Lekki-Ajah,Lagos,Rep 12,0.0,0
5227,2025-09-11,Lekki-Ajah,Lagos,Rep 03,174105.95,1
5228,2025-09-11,Lekki-Ajah,Lagos,Rep 17,0.0,0
5229,2025-09-11,Lekki-Ajah,Lagos,Rep 06,88542.5,1
5230,2025-09-11,Lekki-Ajah,Lagos,Rep 07,0.0,0
5231,2025-09-11,Lekki-Ajah,Lagos,Rep 07,253776.6,1
5232,2025-09-11,Abeokuta,Ogun,Rep 13,0.0,0
5233,2025-09-11,Abeokuta,Ogun,Rep 22,0.0,0
5234,2025-09-11,Abeokuta,Ogun,Rep 12,116484.85,1
5235,2025-09-11,Abeokuta,Ogun,Rep 19,0.0,0
5236,2025-09-11,Abeokuta,Ogun,Rep 17,0.0,0
5237,2025-09-11,Abeokuta,Ogun,Rep 16,0.0,0
5238,2025-09-11,Abeokuta,Ogun,Rep 01,0.0,0
5239,2025-09-11,Ibadan South,Oyo,Rep 14,0.0,0
5240,2025-09-11,Ibadan South,Oyo,Rep 22,65752.37,1
5241,2025-09-11,Ibadan South,Oyo,Rep 12,142475.32,1
5242,2025-09-11,Ibadan South,Oyo,Rep 11,0.0,0
5243,2025-09-11,Ibadan South,Oyo,Rep 13,0.0,0
5244,2025-09-11,Ibadan South,Oyo,Rep 06,142530.57,1
5245,2025-09-12,Lagos Mainland,Lagos,Rep 04,0.0,0
5246,2025-09-12,Lagos Mainland,Lagos,Rep 03,100191.43,1
5247,2025-09-12,Lagos Mainland,Lagos,Rep 22,0.0,0
5248,2025-09-12,Lagos Mainland,Lagos,Rep 17,0.0,0
5249,2025-09-12,Lagos Mainland,Lagos,Rep 03,52728.18,1
5250,2025-09-12,Lagos Mainland,Lagos,Rep 08,24236.27,1
5251,2025-09-12,Lagos Mainland,Lagos,Rep 09,105436.15,1
5252,2025-09-12,Lagos Mainland,Lagos,Rep 11,0.0,0
5253,2025-09-12,Lagos Island,Lagos,Rep 11,0.0,0
5254,2025-09-12,Lagos Island,Lagos,Rep 09,0.0,0
5255,2025-09-12,Lagos Island,Lagos,Rep 13,183726.17,1
5256,2025-09-12,Lagos Island,Lagos,Rep 03,0.0,0
5257,2025-09-12,Lekki-Ajah,Lagos,Rep 20,0.0,0
5258,2025-09-12,Lekki-Ajah,Lagos,Rep 08,147588.26,1
5259,2025-09-12,Lekki-Ajah,Lagos,Rep 12,151987.03,1
5260,2025-09-12,Lekki-Ajah,Lagos,Rep 19,0.0,0
5261,2025-09-12,Lekki-Ajah,Lagos,Rep 21,100783.5,1
5262,2025-09-12,Lekki-Ajah,Lagos,Rep 21,193462.4,1
5263,2025-09-12,Lekki-Ajah,Lagos,Rep 08,0.0,0
5264,2025-09-12,Sagamu,Ogun,Rep 20,0.0,0
5265,2025-09-12,Ibadan South,Oyo,Rep 09,140280.61,1
5266,2025-09-12,Ibadan South,Oyo,Rep 21,48555.31,1
5267,2025-09-12,Ibadan South,Oyo,Rep 13,302224.55,1
5268,2025-09-12,Ibadan South,Oyo,Rep 20,32935.01,1
5269,2025-09-12,Ibadan South,Oyo,Rep 12,0.0,0
5270,2025-09-12,Ibadan South,Oyo,Rep 18,0.0,0
5271,2025-09-12,Ibadan South,Oyo,Rep 19,0.0,0
5272,2025-09-12,Ibadan South,Oyo,Rep 10,0.0,0
5273,2025-09-12,Ogbomosho,Oyo,Rep 02,0.0,0
5274,2025-09-12,Ogbomosho,Oyo,Rep 10,0.0,0
5275,2025-09-13,Ibadan North,Oyo,Rep 16,30005.79,1
5276,2025-09-13,Ibadan North,Oyo,Rep 10,0.0,0
5277,2025-09-13,Ibadan North,Oyo,Rep 07,0.0,0
5278,2025-09-13,Ibadan North,Oyo,Rep 03,0.0,0
5279,2025-09-13,Ibadan South,Oyo,Rep 02,103778.59,1
5280,2025-09-13,Ibadan South,Oyo,Rep 21,62885.86,1
5281,2025-09-13,Ibadan South,Oyo,Rep 17,48807.55,1
5282,2025-09-13,Ibadan South,Oyo,Rep 10,42611.94,1
5283,2025-09-13,Ibadan South,Oyo,Rep 17,266223.35,1
5284,2025-09-14,Lagos Island,Lagos,Rep 20,0.0,0
5285,2025-09-14,Lagos Island,Lagos,Rep 08,0.0,0
5286,2025-09-14,Lagos Island,Lagos,Rep 12,315470.96,1
5287,2025-09-14,Lagos Island,Lagos,Rep 02,157352.56,1
5288,2025-09-14,Lagos Island,Lagos,Rep 01,0.0,0
5289,2025-09-14,Ibadan North,Oyo,Rep 14,191171.41,1
5290,2025-09-14,Ibadan South,Oyo,Rep 16,40503.25,1
5291,2025-09-14,Ibadan South,Oyo,Rep 22,139628.55,1
5292,2025-09-14,Ibadan South,Oyo,Rep 01,0.0,0
5293,2025-09-14,Ibadan South,Oyo,Rep 10,0.0,0
5294,2025-09-14,Ibadan South,Oyo,Rep 14,195875.22,1
5295,2025-09-14,Ibadan South,Oyo,Rep 09,115122.68,1
5296,2025-09-15,Lagos Mainland,Lagos,Rep 08,0.0,0
5297,2025-09-15,Lagos Mainland,Lagos,Rep 08,193588.38,1
5298,2025-09-15,Lagos Mainland,Lagos,Rep 11,0.0,0
5299,2025-09-15,Lagos Mainland,Lagos,Rep 02,163964.28,1
5300,2025-09-15,Lagos Mainland,Lagos,Rep 12,145327.24,1
5301,2025-09-15,Lagos Mainland,Lagos,Rep 22,0.0,0
5302,2025-09-15,Lagos Mainland,Lagos,Rep 08,0.0,0
5303,2025-09-15,Lagos Mainland,Lagos,Rep 21,24049.44,1
5304,2025-09-15,Lagos Mainland,Lagos,Rep 20,88703.66,1
5305,2025-09-15,Lagos Mainland,Lagos,Rep 10,135004.23,1
5306,2025-09-15,Lagos Mainland,Lagos,Rep 21,0.0,0
5307,2025-09-15,Lagos Mainland,Lagos,Rep 05,185035.2,1
5308,2025-09-15,Lagos Mainland,Lagos,Rep 17,131138.2,1
5309,2025-09-15,Lagos Mainland,Lagos,Rep 12,0.0,0
5310,2025-09-15,Lagos Island,Lagos,Rep 14,0.0,0
5311,2025-09-15,Lagos Island,Lagos,Rep 17,0.0,0
5312,2025-09-15,Lagos Island,Lagos,Rep 07,202228.51,1
5313,2025-09-15,Lagos Island,Lagos,Rep 08,27566.5,1
5314,2025-09-15,Ibadan North,Oyo,Rep 18,200510.47,1
5315,2025-09-15,Ibadan North,Oyo,Rep 01,45989.2,1
5316,2025-09-16,Ibadan South,Oyo,Rep 12,0.0,0
5317,2025-09-16,Ibadan South,Oyo,Rep 10,0.0,0
5318,2025-09-16,Ibadan South,Oyo,Rep 10,264509.55,1
5319,2025-09-17,Lagos Island,Lagos,Rep 22,0.0,0
5320,2025-09-17,Lagos Island,Lagos,Rep 06,254574.95,1
5321,2025-09-17,Lagos Island,Lagos,Rep 11,0.0,0
5322,2025-09-17,Lagos Island,Lagos,Rep 18,0.0,0
5323,2025-09-17,Lagos Island,Lagos,Rep 18,0.0,0
5324,2025-09-17,Lagos Island,Lagos,Rep 18,0.0,0
5325,2025-09-17,Lagos Island,Lagos,Rep 17,0.0,0
5326,2025-09-17,Sagamu,Ogun,Rep 13,0.0,0
5327,2025-09-17,Sagamu,Ogun,Rep 17,0.0,0
5328,2025-09-17,Ibadan North,Oyo,Rep 05,0.0,0
5329,2025-09-17,Ibadan North,Oyo,Rep 08,0.0,0
5330,2025-09-17,Ibadan North,Oyo,Rep 18,200856.8,1
5331,2025-09-17,Ibadan South,Oyo,Rep 01,0.0,0
5332,2025-09-17,Ibadan South,Oyo,Rep 21,0.0,0
5333,2025-09-17,Ibadan South,Oyo,Rep 15,0.0,0
5334,2025-09-17,Ibadan South,Oyo,Rep 16,0.0,0
5335,2025-09-17,Ibadan South,Oyo,Rep 22,116887.56,1
5336,2025-09-18,Abeokuta,Ogun,Rep 13,0.0,0
5337,2025-09-18,Abeokuta,Ogun,Rep 11,0.0,0
5338,2025-09-18,Ibadan North,Oyo,Rep 19,0.0,0
5339,2025-09-18,Ibadan North,Oyo,Rep 21,0.0,0
5340,2025-09-18,Ibadan North,Oyo,Rep 04,54959.08,1
5341,2025-09-18,Ibadan North,Oyo,Rep 20,177364.13,1
5342,2025-09-18,Ibadan North,Oyo,Rep 19,0.0,0
5343,2025-09-18,Ibadan North,Oyo,Rep 07,20646.65,1
5344,2025-09-18,Ibadan North,Oyo,Rep 20,0.0,0
5345,2025-09-18,Ibadan South,Oyo,Rep 18,99884.34,1
5346,2025-09-18,Ibadan South,Oyo,Rep 09,0.0,0
5347,2025-09-18,Ibadan South,Oyo,Rep 15,0.0,0
5348,2025-09-19,Lagos Island,Lagos,Rep 22,97790.4,1
5349,2025-09-19,Lagos Island,Lagos,Rep 06,0.0,0
5350,2025-09-19,Lagos Island,Lagos,Rep 04,65259.65,1
5351,2025-09-19,Lagos Island,Lagos,Rep 08,0.0,0
5352,2025-09-19,Lagos Island,Lagos,Rep 18,127445.69,1
5353,2025-09-19,Abeokuta,Ogun,Rep 14,0.0,0
5354,2025-09-19,Abeokuta,Ogun,Rep 04,0.0,0
5355,2025-09-19,Abeokuta,Ogun,Rep 05,0.0,0
5356,2025-09-19,Abeokuta,Ogun,Rep 21,0.0,0
5357,2025-09-19,Abeokuta,Ogun,Rep 05,149387.92,1
5358,2025-09-19,Abeokuta,Ogun,Rep 06,0.0,0
5359,2025-09-19,Abeokuta,Ogun,Rep 08,0.0,0
5360,2025-09-19,Abeokuta,Ogun,Rep 14,0.0,0
5361,2025-09-19,Ibadan South,Oyo,Rep 22,104813.82,1
5362,2025-09-19,Ibadan South,Oyo,Rep 04,0.0,0
5363,2025-09-19,Ibadan South,Oyo,Rep 01,0.0,0
5364,2025-09-19,Ibadan South,Oyo,Rep 16,0.0,0
5365,2025-09-19,Ibadan South,Oyo,Rep 13,0.0,0
5366,2025-09-19,Ibadan South,Oyo,Rep 22,61497.71,1
5367,2025-09-19,Ibadan South,Oyo,Rep 16,0.0,0
5368,2025-09-19,Ibadan South,Oyo,Rep 05,0.0,0
5369,2025-09-20,Lagos Island,Lagos,Rep 03,0.0,0
5370,2025-09-20,Lagos Island,Lagos,Rep 16,167089.2,1
5371,2025-09-20,Lagos Island,Lagos,Rep 06,0.0,0
5372,2025-09-20,Lekki-Ajah,Lagos,Rep 07,0.0,0
5373,2025-09-20,Lekki-Ajah,Lagos,Rep 19,150129.2,1
5374,2025-09-20,Lekki-Ajah,Lagos,Rep 07,0.0,0
5375,2025-09-20,Lekki-Ajah,Lagos,Rep 10,0.0,0
5376,2025-09-20,Lekki-Ajah,Lagos,Rep 20,108493.13,1
5377,2025-09-20,Ibadan North,Oyo,Rep 01,0.0,0
5378,2025-09-20,Ibadan North,Oyo,Rep 12,0.0,0
5379,2025-09-20,Ibadan North,Oyo,Rep 07,249621.7,1
5380,2025-09-20,Ibadan North,Oyo,Rep 05,0.0,0
5381,2025-09-20,Ibadan North,Oyo,Rep 04,0.0,0
5382,2025-09-20,Ibadan North,Oyo,Rep 03,0.0,0
5383,2025-09-20,Ibadan South,Oyo,Rep 08,0.0,0
5384,2025-09-21,Lagos Mainland,Lagos,Rep 07,145873.26,1
5385,2025-09-21,Lagos Mainland,Lagos,Rep 08,0.0,0
5386,2025-09-21,Lagos Mainland,Lagos,Rep 08,0.0,0
5387,2025-09-21,Lagos Mainland,Lagos,Rep 13,0.0,0
5388,2025-09-21,Lagos Mainland,Lagos,Rep 17,0.0,0
5389,2025-09-21,Lagos Mainland,Lagos,Rep 01,0.0,0
5390,2025-09-21,Lagos Mainland,Lagos,Rep 02,22851.27,1
5391,2025-09-21,Lagos Mainland,Lagos,Rep 15,0.0,0
5392,2025-09-21,Lekki-Ajah,Lagos,Rep 22,183249.97,1
5393,2025-09-21,Lekki-Ajah,Lagos,Rep 11,0.0,0
5394,2025-09-21,Lekki-Ajah,Lagos,Rep 01,139170.68,1
5395,2025-09-21,Lekki-Ajah,Lagos,Rep 12,0.0,0
5396,2025-09-21,Abeokuta,Ogun,Rep 07,190579.85,1
5397,2025-09-21,Abeokuta,Ogun,Rep 16,0.0,0
5398,2025-09-21,Ibadan North,Oyo,Rep 05,0.0,0
5399,2025-09-21,Ibadan South,Oyo,Rep 19,168205.7,1
5400,2025-09-21,Ibadan South,Oyo,Rep 01,0.0,0
5401,2025-09-21,Ibadan South,Oyo,Rep 01,0.0,0
5402,2025-09-21,Ogbomosho,Oyo,Rep 21,0.0,0
5403,2025-09-22,Lagos Island,Lagos,Rep 06,0.0,0
5404,2025-09-22,Lagos Island,Lagos,Rep 20,0.0,0
5405,2025-09-22,Lagos Island,Lagos,Rep 15,0.0,0
5406,2025-09-22,Lagos Island,Lagos,Rep 12,43599.79,1
5407,2025-09-22,Lekki-Ajah,Lagos,Rep 01,0.0,0
5408,2025-09-22,Lekki-Ajah,Lagos,Rep 01,65554.79,1
5409,2025-09-22,Lekki-Ajah,Lagos,Rep 09,0.0,0
5410,2025-09-22,Lekki-Ajah,Lagos,Rep 06,0.0,0
5411,2025-09-22,Lekki-Ajah,Lagos,Rep 04,0.0,0
5412,2025-09-22,Lekki-Ajah,Lagos,Rep 05,0.0,0
5413,2025-09-22,Sagamu,Ogun,Rep 08,0.0,0
5414,2025-09-22,Sagamu,Ogun,Rep 08,0.0,0
5415,2025-09-22,Ibadan North,Oyo,Rep 09,0.0,0
5416,2025-09-22,Ibadan North,Oyo,Rep 09,0.0,0
5417,2025-09-22,Ibadan North,Oyo,Rep 04,92575.87,1
5418,2025-09-22,Ibadan North,Oyo,Rep 12,0.0,0
5419,2025-09-23,Lagos Mainland,Lagos,Rep 14,0.0,0
5420,2025-09-23,Lagos Mainland,Lagos,Rep 10,261039.63,1
5421,2025-09-23,Lagos Mainland,Lagos,Rep 14,0.0,0
5422,2025-09-23,Lagos Mainland,Lagos,Rep 04,38164.07,1
5423,2025-09-23,Lagos Mainland,Lagos,Rep 21,0.0,0
5424,2025-09-23,Lagos Mainland,Lagos,Rep 06,0.0,0
5425,2025-09-23,Lagos Mainland,Lagos,Rep 12,376552.91,1
5426,2025-09-23,Lagos Mainland,Lagos,Rep 07,174749.43,1
5427,2025-09-23,Lagos Mainland,Lagos,Rep 05,48150.83,1
5428,2025-09-23,Lagos Mainland,Lagos,Rep 02,0.0,0
5429,2025-09-23,Lekki-Ajah,Lagos,Rep 19,0.0,0
5430,2025-09-23,Sagamu,Ogun,Rep 10,80506.43,1
5431,2025-09-23,Ibadan North,Oyo,Rep 10,0.0,0
5432,2025-09-23,Ibadan North,Oyo,Rep 02,0.0,0
5433,2025-09-23,Ibadan North,Oyo,Rep 21,0.0,0
5434,2025-09-23,Ibadan North,Oyo,Rep 22,0.0,0
5435,2025-09-23,Ibadan North,Oyo,Rep 03,0.0,0
5436,2025-09-23,Ibadan South,Oyo,Rep 19,0.0,0
5437,2025-09-23,Ibadan South,Oyo,Rep 09,0.0,0
5438,2025-09-24,Lagos Mainland,Lagos,Rep 15,0.0,0
5439,2025-09-24,Lagos Mainland,Lagos,Rep 04,0.0,0
5440,2025-09-24,Lagos Mainland,Lagos,Rep 07,0.0,0
5441,2025-09-24,Lagos Mainland,Lagos,Rep 22,67386.82,1
5442,2025-09-24,Lagos Island,Lagos,Rep 14,0.0,0
5443,2025-09-24,Lagos Island,Lagos,Rep 17,0.0,0
5444,2025-09-24,Lagos Island,Lagos,Rep 01,0.0,0
5445,2025-09-24,Lagos Island,Lagos,Rep 15,172401.96,1
5446,2025-09-24,Lagos Island,Lagos,Rep 15,0.0,0
5447,2025-09-24,Lekki-Ajah,Lagos,Rep 10,57593.81,1
5448,2025-09-24,Lekki-Ajah,Lagos,Rep 01,0.0,0
5449,2025-09-24,Lekki-Ajah,Lagos,Rep 09,0.0,0
5450,2025-09-24,Lekki-Ajah,Lagos,Rep 07,0.0,0
5451,2025-09-24,Lekki-Ajah,Lagos,Rep 01,0.0,0
5452,2025-09-24,Abeokuta,Ogun,Rep 06,275677.35,1
5453,2025-09-24,Ibadan South,Oyo,Rep 10,0.0,0
5454,2025-09-24,Ibadan South,Oyo,Rep 01,100589.68,1
5455,2025-09-24,Ibadan South,Oyo,Rep 16,0.0,0
5456,2025-09-25,Lagos Mainland,Lagos,Rep 10,122714.24,1
5457,2025-09-25,Lagos Mainland,Lagos,Rep 01,225160.89,1
5458,2025-09-25,Lagos Mainland,Lagos,Rep 04,73877.05,1
5459,2025-09-25,Lagos Mainland,Lagos,Rep 11,0.0,0
5460,2025-09-25,Lagos Mainland,Lagos,Rep 20,0.0,0
5461,2025-09-25,Lagos Mainland,Lagos,Rep 04,0.0,0
5462,2025-09-25,Lagos Mainland,Lagos,Rep 15,0.0,0
5463,2025-09-25,Lagos Mainland,Lagos,Rep 02,0.0,0
5464,2025-09-25,Lagos Mainland,Lagos,Rep 11,81042.45,1
5465,2025-09-25,Lagos Mainland,Lagos,Rep 04,368332.36,1
5466,2025-09-25,Lagos Mainland,Lagos,Rep 22,108003.79,1
5467,2025-09-25,Lagos Island,Lagos,Rep 08,0.0,0
5468,2025-09-25,Lagos Island,Lagos,Rep 08,0.0,0
5469,2025-09-25,Lagos Island,Lagos,Rep 03,0.0,0
5470,2025-09-25,Lagos Island,Lagos,Rep 20,0.0,0
5471,2025-09-25,Lagos Island,Lagos,Rep 09,187446.74,1
5472,2025-09-26,Lagos Island,Lagos,Rep 12,0.0,0
5473,2025-09-26,Lagos Island,Lagos,Rep 02,253121.2,1
5474,2025-09-26,Lekki-Ajah,Lagos,Rep 07,0.0,0
5475,2025-09-26,Lekki-Ajah,Lagos,Rep 14,32863.42,1
5476,2025-09-26,Lekki-Ajah,Lagos,Rep 04,0.0,0
5477,2025-09-26,Lekki-Ajah,Lagos,Rep 21,127314.03,1
5478,2025-09-26,Lekki-Ajah,Lagos,Rep 11,56046.1,1
5479,2025-09-26,Lekki-Ajah,Lagos,Rep 22,100596.19,1
5480,2025-09-26,Abeokuta,Ogun,Rep 08,152213.09,1
5481,2025-09-26,Abeokuta,Ogun,Rep 15,126804.53,1
5482,2025-09-26,Abeokuta,Ogun,Rep 12,0.0,0
5483,2025-09-26,Abeokuta,Ogun,Rep 16,0.0,0
5484,2025-09-26,Sagamu,Ogun,Rep 16,0.0,0
5485,2025-09-26,Sagamu,Ogun,Rep 07,56486.27,1
5486,2025-09-26,Sagamu,Ogun,Rep 09,0.0,0
5487,2025-09-26,Sagamu,Ogun,Rep 20,0.0,0
5488,2025-09-26,Ibadan North,Oyo,Rep 16,199737.16,1
5489,2025-09-26,Ibadan North,Oyo,Rep 18,116139.77,1
5490,2025-09-26,Ibadan North,Oyo,Rep 20,0.0,0
5491,2025-09-26,Ibadan North,Oyo,Rep 15,0.0,0
5492,2025-09-26,Ibadan North,Oyo,Rep 01,243813.47,1
5493,2025-09-26,Ibadan South,Oyo,Rep 03,0.0,0
5494,2025-09-26,Ibadan South,Oyo,Rep 22,0.0,0
5495,2025-09-26,Ibadan South,Oyo,Rep 21,0.0,0
5496,2025-09-26,Ibadan South,Oyo,Rep 02,0.0,0
5497,2025-09-27,Lagos Mainland,Lagos,Rep 20,103647.76,1
5498,2025-09-27,Lagos Mainland,Lagos,Rep 16,0.0,0
5499,2025-09-27,Lagos Mainland,Lagos,Rep 21,98675.21,1
5500,2025-09-27,Lagos Mainland,Lagos,Rep 16,0.0,0
5501,2025-09-27,Lagos Mainland,Lagos,Rep 04,94302.74,1
5502,2025-09-27,Lagos Mainland,Lagos,Rep 04,0.0,0
5503,2025-09-27,Lagos Mainland,Lagos,Rep 11,0.0,0
5504,2025-09-27,Ibadan South,Oyo,Rep 04,0.0,0
5505,2025-09-27,Ibadan South,Oyo,Rep 12,0.0,0
5506,2025-09-27,Ibadan South,Oyo,Rep 02,0.0,0
5507,2025-09-27,Ibadan South,Oyo,Rep 02,0.0,0
5508,2025-09-28,Lagos Island,Lagos,Rep 14,170449.97,1
5509,2025-09-28,Lagos Island,Lagos,Rep 19,0.0,0
5510,2025-09-28,Lagos Island,Lagos,Rep 09,0.0,0
5511,2025-09-28,Lagos Island,Lagos,Rep 12,181386.99,1
5512,2025-09-28,Abeokuta,Ogun,Rep 14,0.0,0
5513,2025-09-28,Abeokuta,Ogun,Rep 19,207647.42,1
5514,2025-09-28,Abeokuta,Ogun,Rep 14,352232.35,1
5515,2025-09-28,Abeokuta,Ogun,Rep 03,0.0,0
5516,2025-09-29,Lagos Mainland,Lagos,Rep 10,146388.12,1
5517,2025-09-29,Lagos Mainland,Lagos,Rep 02,0.0,0
5518,2025-09-29,Lagos Mainland,Lagos,Rep 21,0.0,0
5519,2025-09-29,Lagos Island,Lagos,Rep 18,0.0,0
5520,2025-09-29,Lagos Island,Lagos,Rep 06,151326.76,1
5521,2025-09-29,Lagos Island,Lagos,Rep 07,0.0,0
5522,2025-09-29,Lagos Island,Lagos,Rep 11,0.0,0
5523,2025-09-29,Lagos Island,Lagos,Rep 18,0.0,0
5524,2025-09-29,Lagos Island,Lagos,Rep 10,0.0,0
5525,2025-09-29,Lagos Island,Lagos,Rep 16,0.0,0
5526,2025-09-29,Abeokuta,Ogun,Rep 07,37291.39,1
5527,2025-09-29,Ibadan South,Oyo,Rep 09,0.0,0
5528,2025-09-29,Ibadan South,Oyo,Rep 01,0.0,0
5529,2025-09-29,Ibadan South,Oyo,Rep 10,0.0,0
5530,2025-09-29,Ibadan South,Oyo,Rep 10,0.0,0
5531,2025-09-29,Ogbomosho,Oyo,Rep 21,0.0,0
5532,2025-09-30,Lagos Island,Lagos,Rep 21,72554.56,1
5533,2025-09-30,Lagos Island,Lagos,Rep 16,0.0,0
5534,2025-09-30,Lagos Island,Lagos,Rep 09,0.0,0
5535,2025-09-30,Lagos Island,Lagos,Rep 13,0.0,0
5536,2025-09-30,Lagos Island,Lagos,Rep 18,0.0,0
5537,2025-09-30,Lekki-Ajah,Lagos,Rep 06,120155.57,1
5538,2025-09-30,Lekki-Ajah,Lagos,Rep 16,0.0,0
5539,2025-09-30,Lekki-Ajah,Lagos,Rep 15,0.0,0
5540,2025-09-30,Lekki-Ajah,Lagos,Rep 13,0.0,0
5541,2025-09-30,Lekki-Ajah,Lagos,Rep 05,0.0,0
5542,2025-09-30,Lekki-Ajah,Lagos,Rep 02,291319.18,1
5543,2025-09-30,Lekki-Ajah,Lagos,Rep 12,0.0,0
5544,2025-09-30,Lekki-Ajah,Lagos,Rep 06,159279.08,1
5545,2025-09-30,Ibadan North,Oyo,Rep 08,0.0,0
5546,2025-09-30,Ibadan North,Oyo,Rep 10,0.0,0
5547,2025-09-30,Ibadan North,Oyo,Rep 16,0.0,0
5548,2025-09-30,Ibadan North,Oyo,Rep 10,0.0,0
5549,2025-10-01,Lagos Mainland,Lagos,Rep 08,264518.46,1
5550,2025-10-01,Lagos Mainland,Lagos,Rep 22,0.0,0
5551,2025-10-01,Lagos Mainland,Lagos,Rep 21,0.0,0
5552,2025-10-01,Lagos Mainland,Lagos,Rep 05,0.0,0
5553,2025-10-01,Lagos Mainland,Lagos,Rep 02,0.0,0
5554,2025-10-01,Lagos Mainland,Lagos,Rep 17,0.0,0
5555,2025-10-01,Lagos Island,Lagos,Rep 17,0.0,0
5556,2025-10-01,Lagos Island,Lagos,Rep 20,0.0,0
5557,2025-10-01,Lagos Island,Lagos,Rep 14,0.0,0
5558,2025-10-01,Lekki-Ajah,Lagos,Rep 07,194115.42,1
5559,2025-10-01,Lekki-Ajah,Lagos,Rep 08,0.0,0
5560,2025-10-01,Lekki-Ajah,Lagos,Rep 17,0.0,0
5561,2025-10-01,Lekki-Ajah,Lagos,Rep 14,74225.52,1
5562,2025-10-01,Lekki-Ajah,Lagos,Rep 09,0.0,0
5563,2025-10-01,Lekki-Ajah,Lagos,Rep 06,130066.18,1
5564,2025-10-01,Lekki-Ajah,Lagos,Rep 05,0.0,0
5565,2025-10-01,Ibadan South,Oyo,Rep 17,0.0,0
5566,2025-10-01,Ibadan South,Oyo,Rep 08,0.0,0
5567,2025-10-01,Ibadan South,Oyo,Rep 07,48967.84,1
5568,2025-10-01,Ibadan South,Oyo,Rep 10,0.0,0
5569,2025-10-01,Ibadan South,Oyo,Rep 17,159826.49,1
5570,2025-10-01,Ibadan South,Oyo,Rep 13,0.0,0
5571,2025-10-02,Abeokuta,Ogun,Rep 01,0.0,0
5572,2025-10-02,Abeokuta,Ogun,Rep 01,0.0,0
5573,2025-10-02,Abeokuta,Ogun,Rep 09,0.0,0
5574,2025-10-02,Abeokuta,Ogun,Rep 01,0.0,0
5575,2025-10-02,Abeokuta,Ogun,Rep 18,11123.04,1
5576,2025-10-02,Sagamu,Ogun,Rep 10,0.0,0
5577,2025-10-02,Sagamu,Ogun,Rep 12,0.0,0
5578,2025-10-02,Sagamu,Ogun,Rep 12,0.0,0
5579,2025-10-02,Ibadan North,Oyo,Rep 10,150961.92,1
5580,2025-10-02,Ibadan North,Oyo,Rep 15,127113.54,1
5581,2025-10-02,Ibadan North,Oyo,Rep 21,0.0,0
5582,2025-10-02,Ibadan North,Oyo,Rep 20,0.0,0
5583,2025-10-02,Ibadan South,Oyo,Rep 22,0.0,0
5584,2025-10-02,Ibadan South,Oyo,Rep 20,180353.76,1
5585,2025-10-03,Lagos Mainland,Lagos,Rep 04,0.0,0
5586,2025-10-03,Lagos Mainland,Lagos,Rep 22,0.0,0
5587,2025-10-03,Lagos Mainland,Lagos,Rep 01,322452.96,1
5588,2025-10-03,Lagos Mainland,Lagos,Rep 16,80312.61,1
5589,2025-10-03,Lagos Mainland,Lagos,Rep 07,53619.92,1
5590,2025-10-03,Lagos Mainland,Lagos,Rep 21,0.0,0
5591,2025-10-03,Lagos Mainland,Lagos,Rep 09,0.0,0
5592,2025-10-03,Lagos Mainland,Lagos,Rep 15,0.0,0
5593,2025-10-03,Lagos Mainland,Lagos,Rep 12,245922.94,1
5594,2025-10-03,Lagos Island,Lagos,Rep 14,41963.88,1
5595,2025-10-03,Lagos Island,Lagos,Rep 16,0.0,0
5596,2025-10-03,Lagos Island,Lagos,Rep 18,159682.32,1
5597,2025-10-03,Lagos Island,Lagos,Rep 02,0.0,0
5598,2025-10-03,Lagos Island,Lagos,Rep 01,441185.72,1
5599,2025-10-03,Lagos Island,Lagos,Rep 02,0.0,0
5600,2025-10-03,Lagos Island,Lagos,Rep 13,120561.58,1
5601,2025-10-03,Lagos Island,Lagos,Rep 11,175749.83,1
5602,2025-10-03,Lekki-Ajah,Lagos,Rep 07,150504.37,1
5603,2025-10-03,Lekki-Ajah,Lagos,Rep 20,0.0,0
5604,2025-10-03,Lekki-Ajah,Lagos,Rep 11,0.0,0
5605,2025-10-03,Lekki-Ajah,Lagos,Rep 14,0.0,0
5606,2025-10-03,Lekki-Ajah,Lagos,Rep 10,78352.2,1
5607,2025-10-03,Lekki-Ajah,Lagos,Rep 05,108786.75,1
5608,2025-10-03,Lekki-Ajah,Lagos,Rep 03,142165.03,1
5609,2025-10-03,Abeokuta,Ogun,Rep 03,586685.72,1
5610,2025-10-03,Abeokuta,Ogun,Rep 04,102577.49,1
5611,2025-10-03,Abeokuta,Ogun,Rep 16,0.0,0
5612,2025-10-03,Abeokuta,Ogun,Rep 18,0.0,0
5613,2025-10-03,Abeokuta,Ogun,Rep 08,0.0,0
5614,2025-10-03,Abeokuta,Ogun,Rep 07,0.0,0
5615,2025-10-03,Abeokuta,Ogun,Rep 11,130487.73,1
5616,2025-10-03,Sagamu,Ogun,Rep 09,0.0,0
5617,2025-10-03,Ibadan North,Oyo,Rep 03,0.0,0
5618,2025-10-03,Ibadan North,Oyo,Rep 04,0.0,0
5619,2025-10-03,Ibadan North,Oyo,Rep 07,0.0,0
5620,2025-10-04,Lagos Mainland,Lagos,Rep 05,192330.08,1
5621,2025-10-04,Lagos Mainland,Lagos,Rep 09,0.0,0
5622,2025-10-04,Lagos Mainland,Lagos,Rep 15,0.0,0
5623,2025-10-04,Lagos Mainland,Lagos,Rep 14,0.0,0
5624,2025-10-04,Lagos Mainland,Lagos,Rep 03,111497.27,1
5625,2025-10-04,Lagos Mainland,Lagos,Rep 02,0.0,0
5626,2025-10-04,Lagos Mainland,Lagos,Rep 21,162638.49,1
5627,2025-10-04,Lagos Island,Lagos,Rep 18,0.0,0
5628,2025-10-04,Lagos Island,Lagos,Rep 11,0.0,0
5629,2025-10-04,Lagos Island,Lagos,Rep 06,78925.27,1
5630,2025-10-04,Lagos Island,Lagos,Rep 20,0.0,0
5631,2025-10-04,Lagos Island,Lagos,Rep 12,0.0,0
5632,2025-10-04,Lagos Island,Lagos,Rep 01,9712.28,1
5633,2025-10-04,Lekki-Ajah,Lagos,Rep 05,0.0,0
5634,2025-10-04,Lekki-Ajah,Lagos,Rep 06,0.0,0
5635,2025-10-04,Lekki-Ajah,Lagos,Rep 15,73791.16,1
5636,2025-10-04,Lekki-Ajah,Lagos,Rep 13,0.0,0
5637,2025-10-04,Lekki-Ajah,Lagos,Rep 12,110249.28,1
5638,2025-10-04,Lekki-Ajah,Lagos,Rep 22,0.0,0
5639,2025-10-04,Lekki-Ajah,Lagos,Rep 21,131319.34,1
5640,2025-10-04,Lekki-Ajah,Lagos,Rep 14,0.0,0
5641,2025-10-04,Abeokuta,Ogun,Rep 20,0.0,0
5642,2025-10-04,Sagamu,Ogun,Rep 01,72840.26,1
5643,2025-10-04,Ibadan North,Oyo,Rep 04,150094.08,1
5644,2025-10-04,Ibadan North,Oyo,Rep 07,0.0,0
5645,2025-10-04,Ibadan North,Oyo,Rep 06,117025.83,1
5646,2025-10-05,Lagos Mainland,Lagos,Rep 08,0.0,0
5647,2025-10-05,Lagos Mainland,Lagos,Rep 10,0.0,0
5648,2025-10-05,Lagos Mainland,Lagos,Rep 15,66740.37,1
5649,2025-10-05,Lagos Mainland,Lagos,Rep 16,0.0,0
5650,2025-10-05,Lagos Mainland,Lagos,Rep 11,45454.69,1
5651,2025-10-05,Lagos Mainland,Lagos,Rep 13,169445.08,1
5652,2025-10-05,Lagos Mainland,Lagos,Rep 11,0.0,0
5653,2025-10-05,Lagos Mainland,Lagos,Rep 02,0.0,0
5654,2025-10-05,Lagos Mainland,Lagos,Rep 15,0.0,0
5655,2025-10-05,Lagos Mainland,Lagos,Rep 18,0.0,0
5656,2025-10-05,Lagos Island,Lagos,Rep 01,0.0,0
5657,2025-10-05,Lagos Island,Lagos,Rep 03,0.0,0
5658,2025-10-05,Lagos Island,Lagos,Rep 12,0.0,0
5659,2025-10-05,Lagos Island,Lagos,Rep 02,78307.04,1
5660,2025-10-05,Lekki-Ajah,Lagos,Rep 04,224036.09,1
5661,2025-10-05,Lekki-Ajah,Lagos,Rep 14,0.0,0
5662,2025-10-05,Lekki-Ajah,Lagos,Rep 01,230047.37,1
5663,2025-10-05,Lekki-Ajah,Lagos,Rep 20,0.0,0
5664,2025-10-05,Lekki-Ajah,Lagos,Rep 06,19835.32,1
5665,2025-10-05,Lekki-Ajah,Lagos,Rep 04,77575.58,1
5666,2025-10-05,Ibadan North,Oyo,Rep 09,0.0,0
5667,2025-10-05,Ibadan North,Oyo,Rep 18,26124.4,1
5668,2025-10-05,Ibadan North,Oyo,Rep 14,185215.14,1
5669,2025-10-06,Lekki-Ajah,Lagos,Rep 02,0.0,0
5670,2025-10-06,Lekki-Ajah,Lagos,Rep 15,42133.89,1
5671,2025-10-06,Lekki-Ajah,Lagos,Rep 22,77737.25,1
5672,2025-10-06,Lekki-Ajah,Lagos,Rep 03,70786.86,1
5673,2025-10-06,Lekki-Ajah,Lagos,Rep 08,37706.77,1
5674,2025-10-06,Lekki-Ajah,Lagos,Rep 21,0.0,0
5675,2025-10-06,Lekki-Ajah,Lagos,Rep 03,50337.84,1
5676,2025-10-06,Lekki-Ajah,Lagos,Rep 07,246854.68,1
5677,2025-10-06,Lekki-Ajah,Lagos,Rep 03,188455.81,1
5678,2025-10-06,Lekki-Ajah,Lagos,Rep 12,66599.59,1
5679,2025-10-06,Lekki-Ajah,Lagos,Rep 09,0.0,0
5680,2025-10-06,Abeokuta,Ogun,Rep 19,0.0,0
5681,2025-10-06,Abeokuta,Ogun,Rep 10,0.0,0
5682,2025-10-06,Abeokuta,Ogun,Rep 17,0.0,0
5683,2025-10-06,Abeokuta,Ogun,Rep 14,45821.56,1
5684,2025-10-06,Abeokuta,Ogun,Rep 04,76141.85,1
5685,2025-10-06,Sagamu,Ogun,Rep 11,169564.54,1
5686,2025-10-06,Sagamu,Ogun,Rep 21,0.0,0
5687,2025-10-06,Ibadan North,Oyo,Rep 17,22018.34,1
5688,2025-10-06,Ibadan North,Oyo,Rep 05,0.0,0
5689,2025-10-06,Ibadan North,Oyo,Rep 10,0.0,0
5690,2025-10-06,Ibadan North,Oyo,Rep 10,233367.66,1
5691,2025-10-06,Ibadan North,Oyo,Rep 13,0.0,0
5692,2025-10-07,Lagos Island,Lagos,Rep 04,0.0,0
5693,2025-10-07,Lagos Island,Lagos,Rep 01,0.0,0
5694,2025-10-07,Lagos Island,Lagos,Rep 04,221871.46,1
5695,2025-10-07,Lagos Island,Lagos,Rep 01,91515.93,1
5696,2025-10-07,Lagos Island,Lagos,Rep 15,0.0,0
5697,2025-10-07,Lekki-Ajah,Lagos,Rep 01,0.0,0
5698,2025-10-07,Lekki-Ajah,Lagos,Rep 02,0.0,0
5699,2025-10-07,Lekki-Ajah,Lagos,Rep 10,236191.66,1
5700,2025-10-07,Lekki-Ajah,Lagos,Rep 03,119915.22,1
5701,2025-10-07,Lekki-Ajah,Lagos,Rep 11,0.0,0
5702,2025-10-07,Lekki-Ajah,Lagos,Rep 07,0.0,0
5703,2025-10-07,Lekki-Ajah,Lagos,Rep 10,61121.37,1
5704,2025-10-07,Abeokuta,Ogun,Rep 10,0.0,0
5705,2025-10-07,Abeokuta,Ogun,Rep 21,0.0,0
5706,2025-10-07,Abeokuta,Ogun,Rep 07,0.0,0
5707,2025-10-07,Abeokuta,Ogun,Rep 18,151309.0,1
5708,2025-10-07,Abeokuta,Ogun,Rep 08,70909.03,1
5709,2025-10-07,Abeokuta,Ogun,Rep 13,0.0,0
5710,2025-10-07,Abeokuta,Ogun,Rep 14,142071.22,1
5711,2025-10-07,Ibadan North,Oyo,Rep 13,45260.86,1
5712,2025-10-07,Ibadan North,Oyo,Rep 20,0.0,0
5713,2025-10-07,Ibadan North,Oyo,Rep 05,0.0,0
5714,2025-10-07,Ibadan North,Oyo,Rep 17,0.0,0
5715,2025-10-07,Ibadan North,Oyo,Rep 08,346371.72,1
5716,2025-10-07,Ibadan North,Oyo,Rep 12,0.0,0
5717,2025-10-07,Ibadan South,Oyo,Rep 09,81002.52,1
5718,2025-10-07,Ibadan South,Oyo,Rep 11,0.0,0
5719,2025-10-07,Ibadan South,Oyo,Rep 05,0.0,0
5720,2025-10-07,Ibadan South,Oyo,Rep 10,0.0,0
5721,2025-10-08,Lagos Island,Lagos,Rep 02,0.0,0
5722,2025-10-08,Lagos Island,Lagos,Rep 11,0.0,0
5723,2025-10-08,Lagos Island,Lagos,Rep 03,0.0,0
5724,2025-10-08,Lagos Island,Lagos,Rep 21,0.0,0
5725,2025-10-08,Lagos Island,Lagos,Rep 18,0.0,0
5726,2025-10-08,Lekki-Ajah,Lagos,Rep 22,0.0,0
5727,2025-10-08,Lekki-Ajah,Lagos,Rep 10,0.0,0
5728,2025-10-08,Abeokuta,Ogun,Rep 11,0.0,0
5729,2025-10-08,Abeokuta,Ogun,Rep 14,0.0,0
5730,2025-10-08,Abeokuta,Ogun,Rep 03,134239.69,1
5731,2025-10-08,Sagamu,Ogun,Rep 19,0.0,0
5732,2025-10-08,Ibadan North,Oyo,Rep 20,0.0,0
5733,2025-10-08,Ibadan North,Oyo,Rep 22,0.0,0
5734,2025-10-08,Ibadan North,Oyo,Rep 09,116337.36,1
5735,2025-10-08,Ibadan North,Oyo,Rep 20,0.0,0
5736,2025-10-08,Ibadan North,Oyo,Rep 05,0.0,0
5737,2025-10-08,Ibadan South,Oyo,Rep 06,80033.66,1
5738,2025-10-08,Ibadan South,Oyo,Rep 06,0.0,0
5739,2025-10-08,Ibadan South,Oyo,Rep 12,0.0,0
5740,2025-10-08,Ibadan South,Oyo,Rep 18,0.0,0
5741,2025-10-09,Lagos Mainland,Lagos,Rep 18,0.0,0
5742,2025-10-09,Lagos Mainland,Lagos,Rep 13,0.0,0
5743,2025-10-09,Lagos Mainland,Lagos,Rep 16,117544.9,1
5744,2025-10-09,Lagos Mainland,Lagos,Rep 07,0.0,0
5745,2025-10-09,Lagos Mainland,Lagos,Rep 18,0.0,0
5746,2025-10-09,Lagos Mainland,Lagos,Rep 16,0.0,0
5747,2025-10-09,Lagos Mainland,Lagos,Rep 14,0.0,0
5748,2025-10-09,Lagos Mainland,Lagos,Rep 01,0.0,0
5749,2025-10-09,Lagos Island,Lagos,Rep 07,133334.72,1
5750,2025-10-09,Lagos Island,Lagos,Rep 04,0.0,0
5751,2025-10-09,Lagos Island,Lagos,Rep 20,0.0,0
5752,2025-10-09,Lagos Island,Lagos,Rep 17,0.0,0
5753,2025-10-09,Lagos Island,Lagos,Rep 22,0.0,0
5754,2025-10-09,Lagos Island,Lagos,Rep 14,140662.05,1
5755,2025-10-09,Lekki-Ajah,Lagos,Rep 15,0.0,0
5756,2025-10-09,Lekki-Ajah,Lagos,Rep 20,151512.28,1
5757,2025-10-09,Lekki-Ajah,Lagos,Rep 10,0.0,0
5758,2025-10-09,Lekki-Ajah,Lagos,Rep 11,43013.77,1
5759,2025-10-09,Lekki-Ajah,Lagos,Rep 09,0.0,0
5760,2025-10-09,Lekki-Ajah,Lagos,Rep 03,94941.37,1
5761,2025-10-09,Lekki-Ajah,Lagos,Rep 09,0.0,0
5762,2025-10-09,Lekki-Ajah,Lagos,Rep 04,58767.64,1
5763,2025-10-09,Sagamu,Ogun,Rep 10,276932.09,1
5764,2025-10-09,Sagamu,Ogun,Rep 05,0.0,0
5765,2025-10-09,Ibadan South,Oyo,Rep 13,68469.53,1
5766,2025-10-09,Ibadan South,Oyo,Rep 20,68576.32,1
5767,2025-10-10,Lagos Mainland,Lagos,Rep 20,0.0,0
5768,2025-10-10,Lagos Mainland,Lagos,Rep 20,77466.24,1
5769,2025-10-10,Lagos Mainland,Lagos,Rep 02,0.0,0
5770,2025-10-10,Lagos Mainland,Lagos,Rep 19,0.0,0
5771,2025-10-10,Lagos Mainland,Lagos,Rep 15,230589.8,1
5772,2025-10-10,Lekki-Ajah,Lagos,Rep 20,119766.22,1
5773,2025-10-10,Lekki-Ajah,Lagos,Rep 08,113320.94,1
5774,2025-10-10,Lekki-Ajah,Lagos,Rep 18,0.0,0
5775,2025-10-10,Lekki-Ajah,Lagos,Rep 22,0.0,0
5776,2025-10-10,Lekki-Ajah,Lagos,Rep 13,76679.04,1
5777,2025-10-10,Lekki-Ajah,Lagos,Rep 13,200877.29,1
5778,2025-10-10,Lekki-Ajah,Lagos,Rep 14,0.0,0
5779,2025-10-10,Abeokuta,Ogun,Rep 19,0.0,0
5780,2025-10-10,Abeokuta,Ogun,Rep 18,122858.95,1
5781,2025-10-10,Abeokuta,Ogun,Rep 12,0.0,0
5782,2025-10-10,Ibadan North,Oyo,Rep 06,84068.68,1
5783,2025-10-10,Ibadan North,Oyo,Rep 08,0.0,0
5784,2025-10-10,Ibadan North,Oyo,Rep 16,160065.49,1
5785,2025-10-10,Ibadan North,Oyo,Rep 15,0.0,0
5786,2025-10-10,Ibadan North,Oyo,Rep 08,0.0,0
5787,2025-10-10,Ibadan North,Oyo,Rep 17,132371.63,1
5788,2025-10-10,Ibadan North,Oyo,Rep 11,0.0,0
5789,2025-10-10,Ibadan North,Oyo,Rep 09,0.0,0
5790,2025-10-10,Ibadan North,Oyo,Rep 08,173843.36,1
5791,2025-10-10,Ibadan South,Oyo,Rep 18,0.0,0
5792,2025-10-10,Ibadan South,Oyo,Rep 18,0.0,0
5793,2025-10-10,Ibadan South,Oyo,Rep 12,0.0,0
5794,2025-10-11,Lagos Mainland,Lagos,Rep 12,49415.55,1
5795,2025-10-11,Lagos Mainland,Lagos,Rep 16,0.0,0
5796,2025-10-11,Lagos Mainland,Lagos,Rep 05,0.0,0
5797,2025-10-11,Lagos Mainland,Lagos,Rep 06,162992.5,1
5798,2025-10-11,Lagos Mainland,Lagos,Rep 20,0.0,0
5799,2025-10-11,Lagos Mainland,Lagos,Rep 22,0.0,0
5800,2025-10-11,Lagos Mainland,Lagos,Rep 07,0.0,0
5801,2025-10-11,Lagos Mainland,Lagos,Rep 20,0.0,0
5802,2025-10-11,Lagos Mainland,Lagos,Rep 15,0.0,0
5803,2025-10-11,Lagos Mainland,Lagos,Rep 11,0.0,0
5804,2025-10-11,Lagos Island,Lagos,Rep 08,60394.53,1
5805,2025-10-11,Lagos Island,Lagos,Rep 21,130729.87,1
5806,2025-10-11,Lagos Island,Lagos,Rep 01,174470.49,1
5807,2025-10-11,Sagamu,Ogun,Rep 19,0.0,0
5808,2025-10-11,Ibadan North,Oyo,Rep 05,205183.71,1
5809,2025-10-11,Ibadan North,Oyo,Rep 16,0.0,0
5810,2025-10-11,Ibadan North,Oyo,Rep 09,0.0,0
5811,2025-10-11,Ibadan North,Oyo,Rep 05,218719.99,1
5812,2025-10-12,Lagos Island,Lagos,Rep 07,176053.87,1
5813,2025-10-12,Lagos Island,Lagos,Rep 16,174757.99,1
5814,2025-10-12,Lagos Island,Lagos,Rep 19,121827.88,1
5815,2025-10-12,Lekki-Ajah,Lagos,Rep 15,0.0,0
5816,2025-10-12,Lekki-Ajah,Lagos,Rep 17,0.0,0
5817,2025-10-12,Lekki-Ajah,Lagos,Rep 17,0.0,0
5818,2025-10-12,Sagamu,Ogun,Rep 06,193537.26,1
5819,2025-10-12,Sagamu,Ogun,Rep 02,0.0,0
5820,2025-10-12,Ibadan South,Oyo,Rep 05,62381.55,1
5821,2025-10-12,Ibadan South,Oyo,Rep 15,207268.05,1
5822,2025-10-12,Ibadan South,Oyo,Rep 10,0.0,0
5823,2025-10-12,Ibadan South,Oyo,Rep 15,159329.75,1
5824,2025-10-13,Lagos Mainland,Lagos,Rep 21,260178.98,1
5825,2025-10-13,Lagos Mainland,Lagos,Rep 22,0.0,0
5826,2025-10-13,Lagos Mainland,Lagos,Rep 18,0.0,0
5827,2025-10-13,Lagos Mainland,Lagos,Rep 03,0.0,0
5828,2025-10-13,Lagos Mainland,Lagos,Rep 02,0.0,0
5829,2025-10-13,Lagos Mainland,Lagos,Rep 05,432678.18,1
5830,2025-10-13,Lagos Mainland,Lagos,Rep 15,48768.61,1
5831,2025-10-13,Lagos Mainland,Lagos,Rep 20,315425.33,1
5832,2025-10-13,Lagos Mainland,Lagos,Rep 09,51468.03,1
5833,2025-10-13,Lagos Mainland,Lagos,Rep 13,0.0,0
5834,2025-10-13,Lagos Mainland,Lagos,Rep 04,96138.42,1
5835,2025-10-14,Lagos Mainland,Lagos,Rep 16,105406.71,1
5836,2025-10-14,Lagos Mainland,Lagos,Rep 19,271774.53,1
5837,2025-10-14,Lagos Mainland,Lagos,Rep 01,0.0,0
5838,2025-10-14,Lagos Mainland,Lagos,Rep 19,0.0,0
5839,2025-10-14,Lagos Mainland,Lagos,Rep 15,421730.51,1
5840,2025-10-14,Lagos Mainland,Lagos,Rep 19,245832.71,1
5841,2025-10-14,Lagos Mainland,Lagos,Rep 14,0.0,0
5842,2025-10-14,Ibadan North,Oyo,Rep 13,0.0,0
5843,2025-10-14,Ibadan North,Oyo,Rep 01,68607.82,1
5844,2025-10-14,Ibadan North,Oyo,Rep 10,0.0,0
5845,2025-10-14,Ibadan North,Oyo,Rep 07,67325.1,1
5846,2025-10-14,Ibadan North,Oyo,Rep 10,76257.35,1
5847,2025-10-14,Ibadan North,Oyo,Rep 10,0.0,0
5848,2025-10-14,Ibadan North,Oyo,Rep 20,0.0,0
5849,2025-10-14,Ibadan North,Oyo,Rep 22,100035.19,1
5850,2025-10-14,Ogbomosho,Oyo,Rep 01,121427.74,1
5851,2025-10-14,Ogbomosho,Oyo,Rep 19,155609.98,1
5852,2025-10-15,Lagos Mainland,Lagos,Rep 10,0.0,0
5853,2025-10-15,Lagos Mainland,Lagos,Rep 01,142533.82,1
5854,2025-10-15,Lagos Mainland,Lagos,Rep 01,0.0,0
5855,2025-10-15,Lagos Mainland,Lagos,Rep 06,236932.69,1
5856,2025-10-15,Lagos Mainland,Lagos,Rep 04,84982.18,1
5857,2025-10-15,Lagos Mainland,Lagos,Rep 12,0.0,0
5858,2025-10-15,Lagos Mainland,Lagos,Rep 07,145161.71,1
5859,2025-10-15,Lagos Mainland,Lagos,Rep 05,91726.86,1
5860,2025-10-15,Lagos Island,Lagos,Rep 13,0.0,0
5861,2025-10-15,Lagos Island,Lagos,Rep 06,0.0,0
5862,2025-10-15,Lagos Island,Lagos,Rep 18,127409.36,1
5863,2025-10-15,Lagos Island,Lagos,Rep 07,0.0,0
5864,2025-10-15,Lekki-Ajah,Lagos,Rep 07,244848.08,1
5865,2025-10-15,Lekki-Ajah,Lagos,Rep 16,91468.23,1
5866,2025-10-15,Lekki-Ajah,Lagos,Rep 15,138447.1,1
5867,2025-10-15,Lekki-Ajah,Lagos,Rep 15,0.0,0
5868,2025-10-15,Abeokuta,Ogun,Rep 19,0.0,0
5869,2025-10-15,Abeokuta,Ogun,Rep 10,154701.41,1
5870,2025-10-15,Abeokuta,Ogun,Rep 03,0.0,0
5871,2025-10-15,Abeokuta,Ogun,Rep 08,0.0,0
5872,2025-10-16,Lagos Mainland,Lagos,Rep 05,111698.34,1
5873,2025-10-16,Lagos Mainland,Lagos,Rep 19,252380.22,1
5874,2025-10-16,Lagos Mainland,Lagos,Rep 07,128646.83,1
5875,2025-10-16,Lagos Mainland,Lagos,Rep 17,55256.65,1
5876,2025-10-16,Lagos Mainland,Lagos,Rep 15,0.0,0
5877,2025-10-16,Lagos Mainland,Lagos,Rep 01,0.0,0
5878,2025-10-16,Lagos Mainland,Lagos,Rep 08,0.0,0
5879,2025-10-16,Lagos Mainland,Lagos,Rep 20,0.0,0
5880,2025-10-16,Lagos Mainland,Lagos,Rep 15,190549.57,1
5881,2025-10-16,Lagos Mainland,Lagos,Rep 07,166305.13,1
5882,2025-10-16,Lekki-Ajah,Lagos,Rep 20,77212.18,1
5883,2025-10-16,Lekki-Ajah,Lagos,Rep 07,103769.18,1
5884,2025-10-16,Lekki-Ajah,Lagos,Rep 07,0.0,0
5885,2025-10-16,Lekki-Ajah,Lagos,Rep 20,0.0,0
5886,2025-10-16,Ibadan South,Oyo,Rep 16,61776.69,1
5887,2025-10-16,Ibadan South,Oyo,Rep 02,0.0,0
5888,2025-10-16,Ibadan South,Oyo,Rep 15,85367.32,1
5889,2025-10-16,Ibadan South,Oyo,Rep 19,341346.46,1
5890,2025-10-16,Ibadan South,Oyo,Rep 19,0.0,0
5891,2025-10-16,Ibadan South,Oyo,Rep 18,0.0,0
5892,2025-10-17,Abeokuta,Ogun,Rep 21,82889.66,1
5893,2025-10-17,Ibadan North,Oyo,Rep 06,0.0,0
5894,2025-10-17,Ibadan North,Oyo,Rep 22,0.0,0
5895,2025-10-17,Ibadan North,Oyo,Rep 01,134371.95,1
5896,2025-10-17,Ibadan North,Oyo,Rep 21,0.0,0
5897,2025-10-18,Abeokuta,Ogun,Rep 07,101052.35,1
5898,2025-10-18,Abeokuta,Ogun,Rep 20,0.0,0
5899,2025-10-18,Abeokuta,Ogun,Rep 09,0.0,0
5900,2025-10-18,Abeokuta,Ogun,Rep 12,0.0,0
5901,2025-10-18,Abeokuta,Ogun,Rep 16,0.0,0
5902,2025-10-18,Abeokuta,Ogun,Rep 04,103226.51,1
5903,2025-10-18,Abeokuta,Ogun,Rep 14,46380.26,1
5904,2025-10-18,Ibadan South,Oyo,Rep 03,213108.46,1
5905,2025-10-18,Ibadan South,Oyo,Rep 18,190375.04,1
5906,2025-10-18,Ibadan South,Oyo,Rep 09,0.0,0
5907,2025-10-18,Ibadan South,Oyo,Rep 16,224832.57,1
5908,2025-10-18,Ibadan South,Oyo,Rep 06,248767.03,1
5909,2025-10-18,Ibadan South,Oyo,Rep 18,116364.87,1
5910,2025-10-19,Lagos Island,Lagos,Rep 13,0.0,0
5911,2025-10-19,Lagos Island,Lagos,Rep 15,0.0,0
5912,2025-10-19,Lagos Island,Lagos,Rep 18,245802.09,1
5913,2025-10-19,Abeokuta,Ogun,Rep 15,52618.25,1
5914,2025-10-19,Abeokuta,Ogun,Rep 14,0.0,0
5915,2025-10-19,Abeokuta,Ogun,Rep 09,145660.16,1
5916,2025-10-19,Abeokuta,Ogun,Rep 01,178609.5,1
5917,2025-10-19,Abeokuta,Ogun,Rep 11,81890.96,1
5918,2025-10-19,Ibadan South,Oyo,Rep 05,0.0,0
5919,2025-10-19,Ibadan South,Oyo,Rep 12,0.0,0
5920,2025-10-19,Ibadan South,Oyo,Rep 20,0.0,0
5921,2025-10-19,Ibadan South,Oyo,Rep 06,14751.21,1
5922,2025-10-20,Lagos Island,Lagos,Rep 05,0.0,0
5923,2025-10-20,Lagos Island,Lagos,Rep 07,66775.29,1
5924,2025-10-20,Lagos Island,Lagos,Rep 09,124558.62,1
5925,2025-10-20,Lagos Island,Lagos,Rep 10,0.0,0
5926,2025-10-20,Lagos Island,Lagos,Rep 10,89024.57,1
5927,2025-10-20,Lagos Island,Lagos,Rep 02,0.0,0
5928,2025-10-20,Ibadan North,Oyo,Rep 02,36771.39,1
5929,2025-10-20,Ibadan North,Oyo,Rep 02,23458.95,1
5930,2025-10-20,Ibadan North,Oyo,Rep 17,0.0,0
5931,2025-10-20,Ibadan North,Oyo,Rep 16,120008.52,1
5932,2025-10-20,Ibadan North,Oyo,Rep 01,0.0,0
5933,2025-10-20,Ibadan North,Oyo,Rep 11,0.0,0
5934,2025-10-20,Ibadan North,Oyo,Rep 19,166366.35,1
5935,2025-10-21,Lagos Island,Lagos,Rep 06,0.0,0
5936,2025-10-21,Lagos Island,Lagos,Rep 22,0.0,0
5937,2025-10-21,Lagos Island,Lagos,Rep 02,0.0,0
5938,2025-10-21,Ibadan North,Oyo,Rep 04,0.0,0
5939,2025-10-21,Ibadan North,Oyo,Rep 19,0.0,0
5940,2025-10-21,Ibadan South,Oyo,Rep 15,0.0,0
5941,2025-10-21,Ibadan South,Oyo,Rep 05,76816.51,1
5942,2025-10-21,Ibadan South,Oyo,Rep 22,0.0,0
5943,2025-10-21,Ibadan South,Oyo,Rep 12,0.0,0
5944,2025-10-21,Ibadan South,Oyo,Rep 15,0.0,0
5945,2025-10-21,Ibadan South,Oyo,Rep 12,0.0,0
5946,2025-10-21,Ibadan South,Oyo,Rep 08,0.0,0
5947,2025-10-21,Ogbomosho,Oyo,Rep 18,0.0,0
5948,2025-10-22,Lagos Mainland,Lagos,Rep 14,0.0,0
5949,2025-10-22,Lagos Mainland,Lagos,Rep 15,0.0,0
5950,2025-10-22,Lagos Mainland,Lagos,Rep 01,106303.68,1
5951,2025-10-22,Lagos Mainland,Lagos,Rep 02,104321.85,1
5952,2025-10-22,Lagos Mainland,Lagos,Rep 21,0.0,0
5953,2025-10-22,Lagos Mainland,Lagos,Rep 13,96165.75,1
5954,2025-10-22,Lagos Mainland,Lagos,Rep 12,0.0,0
5955,2025-10-22,Lagos Mainland,Lagos,Rep 14,0.0,0
5956,2025-10-22,Lagos Mainland,Lagos,Rep 02,93506.37,1
5957,2025-10-22,Lagos Mainland,Lagos,Rep 17,0.0,0
5958,2025-10-22,Lagos Mainland,Lagos,Rep 11,0.0,0
5959,2025-10-22,Lagos Island,Lagos,Rep 20,0.0,0
5960,2025-10-22,Lagos Island,Lagos,Rep 04,0.0,0
5961,2025-10-22,Lagos Island,Lagos,Rep 03,170704.06,1
5962,2025-10-22,Lagos Island,Lagos,Rep 13,199745.03,1
5963,2025-10-22,Lagos Island,Lagos,Rep 22,129238.23,1
5964,2025-10-22,Lagos Island,Lagos,Rep 18,0.0,0
5965,2025-10-22,Lagos Island,Lagos,Rep 20,367093.3,1
5966,2025-10-22,Lagos Island,Lagos,Rep 10,109859.39,1
5967,2025-10-22,Lagos Island,Lagos,Rep 15,113697.37,1
5968,2025-10-22,Lagos Island,Lagos,Rep 17,0.0,0
5969,2025-10-22,Lagos Island,Lagos,Rep 11,26875.41,1
5970,2025-10-22,Lagos Island,Lagos,Rep 11,0.0,0
5971,2025-10-22,Lekki-Ajah,Lagos,Rep 13,146116.35,1
5972,2025-10-22,Lekki-Ajah,Lagos,Rep 18,61959.92,1
5973,2025-10-22,Lekki-Ajah,Lagos,Rep 05,150202.28,1
5974,2025-10-22,Lekki-Ajah,Lagos,Rep 20,99776.87,1
5975,2025-10-22,Lekki-Ajah,Lagos,Rep 09,0.0,0
5976,2025-10-22,Lekki-Ajah,Lagos,Rep 12,122028.05,1
5977,2025-10-22,Lekki-Ajah,Lagos,Rep 07,70367.21,1
5978,2025-10-22,Ibadan South,Oyo,Rep 18,0.0,0
5979,2025-10-22,Ibadan South,Oyo,Rep 09,0.0,0
5980,2025-10-22,Ibadan South,Oyo,Rep 07,0.0,0
5981,2025-10-23,Lagos Mainland,Lagos,Rep 10,0.0,0
5982,2025-10-23,Lagos Mainland,Lagos,Rep 02,47157.41,1
5983,2025-10-23,Lagos Mainland,Lagos,Rep 04,124247.12,1
5984,2025-10-23,Lagos Mainland,Lagos,Rep 09,0.0,0
5985,2025-10-23,Lagos Mainland,Lagos,Rep 15,0.0,0
5986,2025-10-23,Lagos Mainland,Lagos,Rep 10,0.0,0
5987,2025-10-23,Lagos Island,Lagos,Rep 15,0.0,0
5988,2025-10-23,Lagos Island,Lagos,Rep 22,0.0,0
5989,2025-10-23,Lagos Island,Lagos,Rep 19,168877.83,1
5990,2025-10-23,Lagos Island,Lagos,Rep 22,0.0,0
5991,2025-10-23,Lagos Island,Lagos,Rep 04,0.0,0
5992,2025-10-23,Lekki-Ajah,Lagos,Rep 18,330479.75,1
5993,2025-10-23,Lekki-Ajah,Lagos,Rep 12,116377.42,1
5994,2025-10-23,Lekki-Ajah,Lagos,Rep 03,0.0,0
5995,2025-10-23,Lekki-Ajah,Lagos,Rep 17,0.0,0
5996,2025-10-23,Lekki-Ajah,Lagos,Rep 18,0.0,0
5997,2025-10-23,Lekki-Ajah,Lagos,Rep 17,0.0,0
5998,2025-10-23,Lekki-Ajah,Lagos,Rep 18,121973.09,1
5999,2025-10-23,Abeokuta,Ogun,Rep 15,123891.44,1
6000,2025-10-23,Abeokuta,Ogun,Rep 18,0.0,0
6001,2025-10-23,Abeokuta,Ogun,Rep 07,0.0,0
6002,2025-10-23,Abeokuta,Ogun,Rep 01,108027.75,1
6003,2025-10-23,Ibadan North,Oyo,Rep 06,85773.61,1
6004,2025-10-23,Ibadan North,Oyo,Rep 20,0.0,0
6005,2025-10-23,Ibadan North,Oyo,Rep 18,0.0,0
6006,2025-10-23,Ibadan South,Oyo,Rep 04,75551.28,1
6007,2025-10-24,Lagos Mainland,Lagos,Rep 16,0.0,0
6008,2025-10-24,Lagos Mainland,Lagos,Rep 20,0.0,0
6009,2025-10-24,Lagos Mainland,Lagos,Rep 12,0.0,0
6010,2025-10-24,Lagos Mainland,Lagos,Rep 07,102484.11,1
6011,2025-10-24,Lagos Mainland,Lagos,Rep 02,46226.59,1
6012,2025-10-24,Lagos Mainland,Lagos,Rep 22,0.0,0
6013,2025-10-24,Lagos Mainland,Lagos,Rep 20,0.0,0
6014,2025-10-24,Lagos Mainland,Lagos,Rep 02,167175.72,1
6015,2025-10-24,Lagos Mainland,Lagos,Rep 04,0.0,0
6016,2025-10-24,Lagos Mainland,Lagos,Rep 20,0.0,0
6017,2025-10-24,Lagos Mainland,Lagos,Rep 11,0.0,0
6018,2025-10-24,Lagos Mainland,Lagos,Rep 04,133001.97,1
6019,2025-10-24,Lagos Mainland,Lagos,Rep 12,0.0,0
6020,2025-10-24,Lekki-Ajah,Lagos,Rep 09,47405.02,1
6021,2025-10-24,Lekki-Ajah,Lagos,Rep 04,135681.7,1
6022,2025-10-24,Lekki-Ajah,Lagos,Rep 15,0.0,0
6023,2025-10-24,Lekki-Ajah,Lagos,Rep 02,95353.22,1
6024,2025-10-24,Lekki-Ajah,Lagos,Rep 06,238184.82,1
6025,2025-10-24,Lekki-Ajah,Lagos,Rep 19,0.0,0
6026,2025-10-24,Lekki-Ajah,Lagos,Rep 11,134773.83,1
6027,2025-10-24,Lekki-Ajah,Lagos,Rep 09,0.0,0
6028,2025-10-24,Lekki-Ajah,Lagos,Rep 11,0.0,0
6029,2025-10-25,Lagos Island,Lagos,Rep 04,0.0,0
6030,2025-10-25,Lagos Island,Lagos,Rep 09,69773.55,1
6031,2025-10-25,Lagos Island,Lagos,Rep 20,0.0,0
6032,2025-10-25,Lagos Island,Lagos,Rep 06,106303.33,1
6033,2025-10-25,Lagos Island,Lagos,Rep 06,122472.54,1
6034,2025-10-25,Lekki-Ajah,Lagos,Rep 09,0.0,0
6035,2025-10-25,Lekki-Ajah,Lagos,Rep 19,0.0,0
6036,2025-10-25,Lekki-Ajah,Lagos,Rep 12,0.0,0
6037,2025-10-25,Lekki-Ajah,Lagos,Rep 02,0.0,0
6038,2025-10-25,Ibadan North,Oyo,Rep 12,0.0,0
6039,2025-10-25,Ibadan North,Oyo,Rep 10,102103.39,1
6040,2025-10-25,Ibadan North,Oyo,Rep 08,0.0,0
6041,2025-10-25,Ibadan North,Oyo,Rep 10,128150.55,1
6042,2025-10-25,Ibadan South,Oyo,Rep 18,0.0,0
6043,2025-10-25,Ibadan South,Oyo,Rep 15,77012.22,1
6044,2025-10-25,Ibadan South,Oyo,Rep 01,0.0,0
6045,2025-10-26,Lagos Mainland,Lagos,Rep 18,0.0,0
6046,2025-10-26,Lagos Mainland,Lagos,Rep 14,37039.15,1
6047,2025-10-26,Lagos Mainland,Lagos,Rep 11,484723.92,1
6048,2025-10-26,Lagos Mainland,Lagos,Rep 05,116946.35,1
6049,2025-10-26,Lagos Mainland,Lagos,Rep 01,0.0,0
6050,2025-10-26,Lagos Mainland,Lagos,Rep 10,190947.45,1
6051,2025-10-26,Lagos Mainland,Lagos,Rep 07,0.0,0
6052,2025-10-26,Lagos Mainland,Lagos,Rep 17,319190.35,1
6053,2025-10-26,Lagos Mainland,Lagos,Rep 22,154686.15,1
6054,2025-10-26,Lagos Mainland,Lagos,Rep 02,100224.25,1
6055,2025-10-26,Sagamu,Ogun,Rep 22,0.0,0
6056,2025-10-26,Ibadan North,Oyo,Rep 12,0.0,0
6057,2025-10-26,Ibadan North,Oyo,Rep 12,95557.07,1
6058,2025-10-26,Ibadan North,Oyo,Rep 19,0.0,0
6059,2025-10-27,Lagos Mainland,Lagos,Rep 03,0.0,0
6060,2025-10-27,Lagos Mainland,Lagos,Rep 17,0.0,0
6061,2025-10-27,Lagos Mainland,Lagos,Rep 04,0.0,0
6062,2025-10-27,Lagos Mainland,Lagos,Rep 22,0.0,0
6063,2025-10-27,Lagos Mainland,Lagos,Rep 04,227335.08,1
6064,2025-10-27,Lagos Mainland,Lagos,Rep 12,179201.28,1
6065,2025-10-27,Lagos Mainland,Lagos,Rep 15,0.0,0
6066,2025-10-27,Lagos Mainland,Lagos,Rep 11,98571.52,1
6067,2025-10-27,Lagos Island,Lagos,Rep 02,0.0,0
6068,2025-10-27,Lekki-Ajah,Lagos,Rep 11,0.0,0
6069,2025-10-27,Lekki-Ajah,Lagos,Rep 10,0.0,0
6070,2025-10-27,Lekki-Ajah,Lagos,Rep 22,0.0,0
6071,2025-10-27,Lekki-Ajah,Lagos,Rep 05,0.0,0
6072,2025-10-27,Lekki-Ajah,Lagos,Rep 04,0.0,0
6073,2025-10-27,Lekki-Ajah,Lagos,Rep 04,125872.25,1
6074,2025-10-27,Ibadan North,Oyo,Rep 11,0.0,0
6075,2025-10-27,Ibadan North,Oyo,Rep 05,138231.73,1
6076,2025-10-27,Ibadan North,Oyo,Rep 05,39947.77,1
6077,2025-10-27,Ibadan North,Oyo,Rep 15,0.0,0
6078,2025-10-28,Lagos Island,Lagos,Rep 17,0.0,0
6079,2025-10-28,Lagos Island,Lagos,Rep 18,0.0,0
6080,2025-10-28,Lagos Island,Lagos,Rep 11,0.0,0
6081,2025-10-28,Lagos Island,Lagos,Rep 06,49296.79,1
6082,2025-10-28,Lagos Island,Lagos,Rep 20,170943.82,1
6083,2025-10-28,Lagos Island,Lagos,Rep 12,230282.72,1
6084,2025-10-28,Lekki-Ajah,Lagos,Rep 02,133681.14,1
6085,2025-10-28,Lekki-Ajah,Lagos,Rep 12,344073.45,1
6086,2025-10-28,Lekki-Ajah,Lagos,Rep 14,0.0,0
6087,2025-10-28,Lekki-Ajah,Lagos,Rep 15,0.0,0
6088,2025-10-28,Abeokuta,Ogun,Rep 20,0.0,0
6089,2025-10-28,Abeokuta,Ogun,Rep 18,45447.1,1
6090,2025-10-28,Abeokuta,Ogun,Rep 05,0.0,0
6091,2025-10-28,Abeokuta,Ogun,Rep 01,0.0,0
6092,2025-10-28,Abeokuta,Ogun,Rep 05,60730.45,1
6093,2025-10-28,Ibadan South,Oyo,Rep 09,0.0,0
6094,2025-10-28,Ibadan South,Oyo,Rep 20,0.0,0
6095,2025-10-29,Lagos Island,Lagos,Rep 13,75724.29,1
6096,2025-10-29,Lagos Island,Lagos,Rep 16,105427.34,1
6097,2025-10-29,Lagos Island,Lagos,Rep 14,0.0,0
6098,2025-10-29,Lagos Island,Lagos,Rep 18,0.0,0
6099,2025-10-29,Lagos Island,Lagos,Rep 15,0.0,0
6100,2025-10-29,Lagos Island,Lagos,Rep 04,80578.2,1
6101,2025-10-29,Lagos Island,Lagos,Rep 15,0.0,0
6102,2025-10-29,Ibadan North,Oyo,Rep 03,0.0,0
6103,2025-10-29,Ibadan North,Oyo,Rep 12,366704.2,1
6104,2025-10-29,Ibadan North,Oyo,Rep 04,56251.88,1
6105,2025-10-29,Ibadan North,Oyo,Rep 10,0.0,0
6106,2025-10-29,Ibadan North,Oyo,Rep 21,0.0,0
6107,2025-10-29,Ibadan South,Oyo,Rep 14,0.0,0
6108,2025-10-29,Ibadan South,Oyo,Rep 11,0.0,0
6109,2025-10-29,Ibadan South,Oyo,Rep 08,0.0,0
6110,2025-10-29,Ibadan South,Oyo,Rep 01,104950.63,1
6111,2025-10-30,Lagos Mainland,Lagos,Rep 14,0.0,0
6112,2025-10-30,Lagos Mainland,Lagos,Rep 01,197379.84,1
6113,2025-10-30,Lagos Mainland,Lagos,Rep 21,172399.76,1
6114,2025-10-30,Lagos Mainland,Lagos,Rep 20,73570.0,1
6115,2025-10-30,Lagos Mainland,Lagos,Rep 22,0.0,0
6116,2025-10-30,Lagos Mainland,Lagos,Rep 08,114261.05,1
6117,2025-10-30,Lagos Mainland,Lagos,Rep 14,0.0,0
6118,2025-10-30,Lagos Mainland,Lagos,Rep 09,0.0,0
6119,2025-10-30,Lagos Mainland,Lagos,Rep 05,0.0,0
6120,2025-10-30,Lagos Mainland,Lagos,Rep 18,0.0,0
6121,2025-10-30,Lagos Mainland,Lagos,Rep 01,35407.32,1
6122,2025-10-30,Lagos Mainland,Lagos,Rep 04,0.0,0
6123,2025-10-30,Abeokuta,Ogun,Rep 01,0.0,0
6124,2025-10-30,Abeokuta,Ogun,Rep 22,158729.81,1
6125,2025-10-30,Abeokuta,Ogun,Rep 20,0.0,0
6126,2025-10-30,Abeokuta,Ogun,Rep 03,0.0,0
6127,2025-10-30,Abeokuta,Ogun,Rep 07,0.0,0
6128,2025-10-30,Abeokuta,Ogun,Rep 03,0.0,0
6129,2025-10-30,Sagamu,Ogun,Rep 04,0.0,0
6130,2025-10-30,Ibadan North,Oyo,Rep 10,97305.23,1
6131,2025-10-30,Ibadan North,Oyo,Rep 11,135698.39,1
6132,2025-10-30,Ibadan North,Oyo,Rep 05,0.0,0
6133,2025-10-30,Ibadan North,Oyo,Rep 14,43626.67,1
6134,2025-10-30,Ibadan North,Oyo,Rep 18,134542.7,1
6135,2025-10-30,Ibadan North,Oyo,Rep 22,0.0,0
6136,2025-10-30,Ibadan North,Oyo,Rep 14,0.0,0
6137,2025-10-30,Ogbomosho,Oyo,Rep 16,118006.6,1
6138,2025-10-31,Lagos Mainland,Lagos,Rep 20,0.0,0
6139,2025-10-31,Lagos Mainland,Lagos,Rep 11,0.0,0
6140,2025-10-31,Lagos Mainland,Lagos,Rep 02,0.0,0
6141,2025-10-31,Lagos Mainland,Lagos,Rep 22,0.0,0
6142,2025-10-31,Lagos Mainland,Lagos,Rep 01,0.0,0
6143,2025-10-31,Lagos Mainland,Lagos,Rep 22,0.0,0
6144,2025-10-31,Lagos Mainland,Lagos,Rep 12,0.0,0
6145,2025-10-31,Lagos Mainland,Lagos,Rep 17,88574.84,1
6146,2025-10-31,Lagos Mainland,Lagos,Rep 09,119676.51,1
6147,2025-10-31,Abeokuta,Ogun,Rep 12,0.0,0
6148,2025-10-31,Abeokuta,Ogun,Rep 07,98551.51,1
6149,2025-10-31,Abeokuta,Ogun,Rep 09,0.0,0
6150,2025-10-31,Abeokuta,Ogun,Rep 02,0.0,0
6151,2025-10-31,Abeokuta,Ogun,Rep 08,0.0,0
6152,2025-10-31,Abeokuta,Ogun,Rep 15,0.0,0
6153,2025-10-31,Sagamu,Ogun,Rep 06,0.0,0
6154,2025-11-01,Lagos Mainland,Lagos,Rep 14,0.0,0
6155,2025-11-01,Lagos Mainland,Lagos,Rep 14,220682.89,1
6156,2025-11-01,Lagos Mainland,Lagos,Rep 07,0.0,0
6157,2025-11-01,Lagos Mainland,Lagos,Rep 17,134448.43,1
6158,2025-11-01,Lagos Mainland,Lagos,Rep 11,0.0,0
6159,2025-11-01,Lagos Mainland,Lagos,Rep 20,0.0,0
6160,2025-11-01,Lagos Island,Lagos,Rep 16,57780.26,1
6161,2025-11-01,Lagos Island,Lagos,Rep 07,0.0,0
6162,2025-11-01,Lagos Island,Lagos,Rep 01,105079.74,1
6163,2025-11-01,Lagos Island,Lagos,Rep 04,0.0,0
6164,2025-11-01,Lagos Island,Lagos,Rep 03,256277.82,1
6165,2025-11-01,Lagos Island,Lagos,Rep 15,0.0,0
6166,2025-11-01,Abeokuta,Ogun,Rep 14,68185.21,1
6167,2025-11-01,Abeokuta,Ogun,Rep 03,35809.47,1
6168,2025-11-01,Abeokuta,Ogun,Rep 08,288292.03,1
6169,2025-11-01,Abeokuta,Ogun,Rep 20,0.0,0
6170,2025-11-01,Ibadan North,Oyo,Rep 21,245627.0,1
6171,2025-11-01,Ibadan North,Oyo,Rep 19,0.0,0
6172,2025-11-01,Ibadan North,Oyo,Rep 16,70375.71,1
6173,2025-11-01,Ibadan North,Oyo,Rep 07,0.0,0
6174,2025-11-01,Ibadan North,Oyo,Rep 20,0.0,0
6175,2025-11-01,Ibadan North,Oyo,Rep 15,0.0,0
6176,2025-11-01,Ibadan South,Oyo,Rep 07,74797.48,1
6177,2025-11-01,Ibadan South,Oyo,Rep 13,189300.96,1
6178,2025-11-01,Ibadan South,Oyo,Rep 06,0.0,0
6179,2025-11-01,Ibadan South,Oyo,Rep 22,0.0,0
6180,2025-11-01,Ibadan South,Oyo,Rep 07,0.0,0
6181,2025-11-01,Ibadan South,Oyo,Rep 08,0.0,0
6182,2025-11-01,Ibadan South,Oyo,Rep 14,0.0,0
6183,2025-11-02,Lagos Mainland,Lagos,Rep 02,365871.82,1
6184,2025-11-02,Lagos Mainland,Lagos,Rep 13,0.0,0
6185,2025-11-02,Lagos Mainland,Lagos,Rep 06,0.0,0
6186,2025-11-02,Lagos Mainland,Lagos,Rep 07,0.0,0
6187,2025-11-02,Lagos Mainland,Lagos,Rep 10,25962.24,1
6188,2025-11-02,Lagos Mainland,Lagos,Rep 15,134711.0,1
6189,2025-11-02,Lagos Island,Lagos,Rep 04,0.0,0
6190,2025-11-02,Lekki-Ajah,Lagos,Rep 07,0.0,0
6191,2025-11-02,Lekki-Ajah,Lagos,Rep 15,112937.15,1
6192,2025-11-02,Lekki-Ajah,Lagos,Rep 06,0.0,0
6193,2025-11-02,Abeokuta,Ogun,Rep 17,0.0,0
6194,2025-11-02,Abeokuta,Ogun,Rep 22,0.0,0
6195,2025-11-02,Abeokuta,Ogun,Rep 12,0.0,0
6196,2025-11-02,Sagamu,Ogun,Rep 18,0.0,0
6197,2025-11-02,Ibadan South,Oyo,Rep 12,52947.05,1
6198,2025-11-02,Ogbomosho,Oyo,Rep 17,0.0,0
6199,2025-11-03,Lagos Island,Lagos,Rep 20,0.0,0
6200,2025-11-03,Lagos Island,Lagos,Rep 14,0.0,0
6201,2025-11-03,Lagos Island,Lagos,Rep 13,0.0,0
6202,2025-11-03,Lagos Island,Lagos,Rep 08,0.0,0
6203,2025-11-03,Lagos Island,Lagos,Rep 02,0.0,0
6204,2025-11-03,Lekki-Ajah,Lagos,Rep 07,89322.83,1
6205,2025-11-03,Lekki-Ajah,Lagos,Rep 18,0.0,0
6206,2025-11-03,Lekki-Ajah,Lagos,Rep 16,210582.33,1
6207,2025-11-03,Lekki-Ajah,Lagos,Rep 10,0.0,0
6208,2025-11-03,Lekki-Ajah,Lagos,Rep 01,0.0,0
6209,2025-11-03,Lekki-Ajah,Lagos,Rep 10,0.0,0
6210,2025-11-03,Lekki-Ajah,Lagos,Rep 01,192207.03,1
6211,2025-11-03,Lekki-Ajah,Lagos,Rep 10,0.0,0
6212,2025-11-03,Sagamu,Ogun,Rep 05,0.0,0
6213,2025-11-03,Ibadan North,Oyo,Rep 04,0.0,0
6214,2025-11-03,Ibadan North,Oyo,Rep 08,141133.05,1
6215,2025-11-04,Lagos Mainland,Lagos,Rep 20,193650.38,1
6216,2025-11-04,Lagos Mainland,Lagos,Rep 03,179293.05,1
6217,2025-11-04,Lagos Mainland,Lagos,Rep 16,147275.23,1
6218,2025-11-04,Lagos Mainland,Lagos,Rep 20,101516.16,1
6219,2025-11-04,Lagos Mainland,Lagos,Rep 01,0.0,0
6220,2025-11-04,Lagos Mainland,Lagos,Rep 11,0.0,0
6221,2025-11-04,Lagos Mainland,Lagos,Rep 17,168253.84,1
6222,2025-11-04,Lagos Mainland,Lagos,Rep 09,0.0,0
6223,2025-11-04,Lagos Mainland,Lagos,Rep 10,188350.69,1
6224,2025-11-04,Lagos Mainland,Lagos,Rep 16,102574.18,1
6225,2025-11-04,Lagos Mainland,Lagos,Rep 07,0.0,0
6226,2025-11-04,Lagos Island,Lagos,Rep 01,0.0,0
6227,2025-11-04,Lagos Island,Lagos,Rep 13,152583.23,1
6228,2025-11-04,Lagos Island,Lagos,Rep 18,0.0,0
6229,2025-11-04,Lagos Island,Lagos,Rep 12,354151.86,1
6230,2025-11-04,Lagos Island,Lagos,Rep 04,50750.48,1
6231,2025-11-04,Lagos Island,Lagos,Rep 06,0.0,0
6232,2025-11-04,Lagos Island,Lagos,Rep 08,190490.51,1
6233,2025-11-04,Abeokuta,Ogun,Rep 16,0.0,0
6234,2025-11-04,Abeokuta,Ogun,Rep 14,0.0,0
6235,2025-11-04,Sagamu,Ogun,Rep 04,0.0,0
6236,2025-11-04,Ibadan South,Oyo,Rep 09,100569.39,1
6237,2025-11-04,Ibadan South,Oyo,Rep 15,0.0,0
6238,2025-11-04,Ibadan South,Oyo,Rep 03,0.0,0
6239,2025-11-05,Lagos Mainland,Lagos,Rep 02,0.0,0
6240,2025-11-05,Lagos Mainland,Lagos,Rep 12,0.0,0
6241,2025-11-05,Lagos Mainland,Lagos,Rep 15,0.0,0
6242,2025-11-05,Lagos Mainland,Lagos,Rep 19,184969.16,1
6243,2025-11-05,Lagos Mainland,Lagos,Rep 06,171410.16,1
6244,2025-11-05,Lagos Mainland,Lagos,Rep 16,0.0,0
6245,2025-11-05,Lagos Mainland,Lagos,Rep 10,0.0,0
6246,2025-11-05,Lagos Island,Lagos,Rep 14,0.0,0
6247,2025-11-05,Lagos Island,Lagos,Rep 05,0.0,0
6248,2025-11-05,Lagos Island,Lagos,Rep 08,0.0,0
6249,2025-11-05,Lagos Island,Lagos,Rep 16,0.0,0
6250,2025-11-05,Lagos Island,Lagos,Rep 01,63085.8,1
6251,2025-11-05,Lagos Island,Lagos,Rep 06,0.0,0
6252,2025-11-05,Lekki-Ajah,Lagos,Rep 16,0.0,0
6253,2025-11-05,Lekki-Ajah,Lagos,Rep 04,65894.31,1
6254,2025-11-05,Lekki-Ajah,Lagos,Rep 06,0.0,0
6255,2025-11-05,Lekki-Ajah,Lagos,Rep 13,0.0,0
6256,2025-11-05,Lekki-Ajah,Lagos,Rep 20,0.0,0
6257,2025-11-05,Lekki-Ajah,Lagos,Rep 08,97344.13,1
6258,2025-11-05,Sagamu,Ogun,Rep 20,0.0,0
6259,2025-11-05,Ibadan North,Oyo,Rep 09,0.0,0
6260,2025-11-05,Ibadan North,Oyo,Rep 03,0.0,0
6261,2025-11-05,Ibadan North,Oyo,Rep 08,0.0,0
6262,2025-11-05,Ibadan North,Oyo,Rep 14,0.0,0
6263,2025-11-05,Ibadan South,Oyo,Rep 16,99627.92,1
6264,2025-11-05,Ibadan South,Oyo,Rep 11,0.0,0
6265,2025-11-05,Ibadan South,Oyo,Rep 05,0.0,0
6266,2025-11-05,Ogbomosho,Oyo,Rep 09,0.0,0
6267,2025-11-06,Lagos Mainland,Lagos,Rep 22,73435.95,1
6268,2025-11-06,Lagos Mainland,Lagos,Rep 06,0.0,0
6269,2025-11-06,Lagos Mainland,Lagos,Rep 02,0.0,0
6270,2025-11-06,Lagos Mainland,Lagos,Rep 18,218318.51,1
6271,2025-11-06,Lagos Mainland,Lagos,Rep 03,26792.52,1
6272,2025-11-06,Lagos Mainland,Lagos,Rep 22,0.0,0
6273,2025-11-06,Lagos Mainland,Lagos,Rep 17,86447.59,1
6274,2025-11-06,Lagos Mainland,Lagos,Rep 16,0.0,0
6275,2025-11-06,Lagos Island,Lagos,Rep 06,100592.61,1
6276,2025-11-06,Lagos Island,Lagos,Rep 03,0.0,0
6277,2025-11-06,Lagos Island,Lagos,Rep 08,197447.87,1
6278,2025-11-06,Lagos Island,Lagos,Rep 20,93681.79,1
6279,2025-11-06,Lagos Island,Lagos,Rep 09,23415.46,1
6280,2025-11-06,Lagos Island,Lagos,Rep 21,0.0,0
6281,2025-11-06,Sagamu,Ogun,Rep 20,0.0,0
6282,2025-11-06,Sagamu,Ogun,Rep 11,0.0,0
6283,2025-11-06,Ibadan South,Oyo,Rep 05,0.0,0
6284,2025-11-06,Ibadan South,Oyo,Rep 13,0.0,0
6285,2025-11-06,Ibadan South,Oyo,Rep 21,0.0,0
6286,2025-11-06,Ibadan South,Oyo,Rep 17,0.0,0
6287,2025-11-06,Ibadan South,Oyo,Rep 18,0.0,0
6288,2025-11-06,Ibadan South,Oyo,Rep 15,223894.43,1
6289,2025-11-06,Ibadan South,Oyo,Rep 04,0.0,0
6290,2025-11-07,Lekki-Ajah,Lagos,Rep 16,259362.18,1
6291,2025-11-07,Lekki-Ajah,Lagos,Rep 09,0.0,0
6292,2025-11-07,Lekki-Ajah,Lagos,Rep 20,72762.91,1
6293,2025-11-07,Lekki-Ajah,Lagos,Rep 15,0.0,0
6294,2025-11-07,Lekki-Ajah,Lagos,Rep 01,0.0,0
6295,2025-11-07,Lekki-Ajah,Lagos,Rep 07,0.0,0
6296,2025-11-07,Lekki-Ajah,Lagos,Rep 13,83543.74,1
6297,2025-11-07,Lekki-Ajah,Lagos,Rep 16,0.0,0
6298,2025-11-07,Sagamu,Ogun,Rep 20,0.0,0
6299,2025-11-07,Sagamu,Ogun,Rep 10,0.0,0
6300,2025-11-07,Sagamu,Ogun,Rep 10,0.0,0
6301,2025-11-07,Ibadan North,Oyo,Rep 16,0.0,0
6302,2025-11-07,Ibadan North,Oyo,Rep 04,0.0,0
6303,2025-11-07,Ibadan North,Oyo,Rep 10,0.0,0
6304,2025-11-07,Ibadan North,Oyo,Rep 03,0.0,0
6305,2025-11-07,Ibadan North,Oyo,Rep 21,82293.21,1
6306,2025-11-07,Ibadan North,Oyo,Rep 09,0.0,0
6307,2025-11-07,Ibadan North,Oyo,Rep 18,139231.82,1
6308,2025-11-07,Ogbomosho,Oyo,Rep 21,0.0,0
6309,2025-11-07,Ogbomosho,Oyo,Rep 16,0.0,0
6310,2025-11-08,Lagos Island,Lagos,Rep 11,167171.87,1
6311,2025-11-08,Lagos Island,Lagos,Rep 06,60596.16,1
6312,2025-11-08,Lagos Island,Lagos,Rep 06,228854.53,1
6313,2025-11-08,Lagos Island,Lagos,Rep 10,0.0,0
6314,2025-11-08,Lagos Island,Lagos,Rep 08,0.0,0
6315,2025-11-08,Lagos Island,Lagos,Rep 07,141564.65,1
6316,2025-11-08,Lagos Island,Lagos,Rep 09,0.0,0
6317,2025-11-08,Ibadan North,Oyo,Rep 18,231918.52,1
6318,2025-11-08,Ibadan North,Oyo,Rep 01,0.0,0
6319,2025-11-08,Ibadan North,Oyo,Rep 10,0.0,0
6320,2025-11-08,Ibadan South,Oyo,Rep 17,19861.48,1
6321,2025-11-08,Ibadan South,Oyo,Rep 10,238073.02,1
6322,2025-11-08,Ibadan South,Oyo,Rep 07,170938.39,1
6323,2025-11-08,Ibadan South,Oyo,Rep 19,0.0,0
6324,2025-11-09,Lagos Island,Lagos,Rep 07,65763.64,1
6325,2025-11-09,Lagos Island,Lagos,Rep 16,0.0,0
6326,2025-11-09,Lagos Island,Lagos,Rep 18,0.0,0
6327,2025-11-09,Lagos Island,Lagos,Rep 12,99375.55,1
6328,2025-11-09,Lekki-Ajah,Lagos,Rep 11,0.0,0
6329,2025-11-09,Lekki-Ajah,Lagos,Rep 20,135965.89,1
6330,2025-11-09,Lekki-Ajah,Lagos,Rep 09,0.0,0
6331,2025-11-09,Lekki-Ajah,Lagos,Rep 06,138036.01,1
6332,2025-11-09,Lekki-Ajah,Lagos,Rep 04,0.0,0
6333,2025-11-09,Lekki-Ajah,Lagos,Rep 05,0.0,0
6334,2025-11-09,Lekki-Ajah,Lagos,Rep 22,0.0,0
6335,2025-11-09,Lekki-Ajah,Lagos,Rep 19,279003.71,1
6336,2025-11-09,Abeokuta,Ogun,Rep 19,128631.25,1
6337,2025-11-09,Abeokuta,Ogun,Rep 14,0.0,0
6338,2025-11-09,Abeokuta,Ogun,Rep 15,0.0,0
6339,2025-11-09,Abeokuta,Ogun,Rep 06,99359.97,1
6340,2025-11-09,Ibadan North,Oyo,Rep 21,87750.0,1
6341,2025-11-09,Ibadan North,Oyo,Rep 10,0.0,0
6342,2025-11-09,Ibadan North,Oyo,Rep 11,0.0,0
6343,2025-11-10,Lagos Island,Lagos,Rep 09,108566.97,1
6344,2025-11-10,Lagos Island,Lagos,Rep 20,0.0,0
6345,2025-11-10,Lekki-Ajah,Lagos,Rep 15,0.0,0
6346,2025-11-10,Lekki-Ajah,Lagos,Rep 07,0.0,0
6347,2025-11-10,Ibadan North,Oyo,Rep 05,98060.68,1
6348,2025-11-10,Ibadan North,Oyo,Rep 10,0.0,0
6349,2025-11-10,Ibadan North,Oyo,Rep 03,0.0,0
6350,2025-11-10,Ibadan North,Oyo,Rep 03,0.0,0
6351,2025-11-10,Ibadan South,Oyo,Rep 10,111685.79,1
6352,2025-11-10,Ibadan South,Oyo,Rep 04,0.0,0
6353,2025-11-10,Ibadan South,Oyo,Rep 17,64487.05,1
6354,2025-11-10,Ibadan South,Oyo,Rep 12,80380.34,1
6355,2025-11-10,Ibadan South,Oyo,Rep 15,135305.09,1
6356,2025-11-10,Ibadan South,Oyo,Rep 22,0.0,0
6357,2025-11-10,Ibadan South,Oyo,Rep 20,0.0,0
6358,2025-11-10,Ogbomosho,Oyo,Rep 09,142849.66,1
6359,2025-11-10,Ogbomosho,Oyo,Rep 15,0.0,0
6360,2025-11-11,Lagos Mainland,Lagos,Rep 06,0.0,0
6361,2025-11-11,Lagos Mainland,Lagos,Rep 16,0.0,0
6362,2025-11-11,Lagos Mainland,Lagos,Rep 02,0.0,0
6363,2025-11-11,Lagos Mainland,Lagos,Rep 12,51552.56,1
6364,2025-11-11,Lagos Mainland,Lagos,Rep 12,147547.94,1
6365,2025-11-11,Lagos Mainland,Lagos,Rep 03,0.0,0
6366,2025-11-11,Lagos Mainland,Lagos,Rep 07,0.0,0
6367,2025-11-11,Lagos Mainland,Lagos,Rep 20,0.0,0
6368,2025-11-11,Lagos Mainland,Lagos,Rep 11,92501.67,1
6369,2025-11-11,Lagos Mainland,Lagos,Rep 17,0.0,0
6370,2025-11-11,Lagos Mainland,Lagos,Rep 05,55053.81,1
6371,2025-11-11,Lagos Mainland,Lagos,Rep 13,35428.82,1
6372,2025-11-11,Lekki-Ajah,Lagos,Rep 09,0.0,0
6373,2025-11-11,Lekki-Ajah,Lagos,Rep 09,0.0,0
6374,2025-11-11,Lekki-Ajah,Lagos,Rep 12,0.0,0
6375,2025-11-11,Lekki-Ajah,Lagos,Rep 15,0.0,0
6376,2025-11-11,Lekki-Ajah,Lagos,Rep 11,185186.84,1
6377,2025-11-11,Lekki-Ajah,Lagos,Rep 09,291425.07,1
6378,2025-11-11,Ibadan South,Oyo,Rep 01,149649.62,1
6379,2025-11-11,Ibadan South,Oyo,Rep 16,180526.16,1
6380,2025-11-11,Ibadan South,Oyo,Rep 10,0.0,0
6381,2025-11-11,Ibadan South,Oyo,Rep 15,0.0,0
6382,2025-11-11,Ibadan South,Oyo,Rep 22,0.0,0
6383,2025-11-11,Ibadan South,Oyo,Rep 19,0.0,0
6384,2025-11-12,Lagos Mainland,Lagos,Rep 16,103940.43,1
6385,2025-11-12,Lagos Mainland,Lagos,Rep 12,73317.97,1
6386,2025-11-12,Lagos Mainland,Lagos,Rep 06,0.0,0
6387,2025-11-12,Lagos Mainland,Lagos,Rep 01,0.0,0
6388,2025-11-12,Lagos Mainland,Lagos,Rep 10,0.0,0
6389,2025-11-12,Lagos Mainland,Lagos,Rep 15,136865.71,1
6390,2025-11-12,Lagos Mainland,Lagos,Rep 03,183424.8,1
6391,2025-11-12,Lagos Mainland,Lagos,Rep 12,0.0,0
6392,2025-11-12,Lagos Mainland,Lagos,Rep 21,0.0,0
6393,2025-11-12,Lagos Mainland,Lagos,Rep 04,0.0,0
6394,2025-11-12,Lagos Mainland,Lagos,Rep 06,0.0,0
6395,2025-11-12,Lekki-Ajah,Lagos,Rep 12,0.0,0
6396,2025-11-12,Lekki-Ajah,Lagos,Rep 15,53025.28,1
6397,2025-11-12,Lekki-Ajah,Lagos,Rep 17,0.0,0
6398,2025-11-12,Lekki-Ajah,Lagos,Rep 06,0.0,0
6399,2025-11-12,Lekki-Ajah,Lagos,Rep 10,104369.5,1
6400,2025-11-12,Lekki-Ajah,Lagos,Rep 15,142871.61,1
6401,2025-11-12,Lekki-Ajah,Lagos,Rep 20,0.0,0
6402,2025-11-12,Abeokuta,Ogun,Rep 05,0.0,0
6403,2025-11-12,Abeokuta,Ogun,Rep 04,0.0,0
6404,2025-11-12,Abeokuta,Ogun,Rep 16,0.0,0
6405,2025-11-12,Abeokuta,Ogun,Rep 09,0.0,0
6406,2025-11-12,Abeokuta,Ogun,Rep 04,0.0,0
6407,2025-11-12,Abeokuta,Ogun,Rep 13,38582.83,1
6408,2025-11-13,Lagos Mainland,Lagos,Rep 03,0.0,0
6409,2025-11-13,Lagos Mainland,Lagos,Rep 15,0.0,0
6410,2025-11-13,Lagos Mainland,Lagos,Rep 10,0.0,0
6411,2025-11-13,Lagos Mainland,Lagos,Rep 03,0.0,0
6412,2025-11-13,Lagos Mainland,Lagos,Rep 05,0.0,0
6413,2025-11-13,Lagos Mainland,Lagos,Rep 10,0.0,0
6414,2025-11-13,Lagos Island,Lagos,Rep 17,10906.48,1
6415,2025-11-13,Lagos Island,Lagos,Rep 22,0.0,0
6416,2025-11-13,Lagos Island,Lagos,Rep 18,0.0,0
6417,2025-11-13,Lagos Island,Lagos,Rep 19,146656.94,1
6418,2025-11-13,Abeokuta,Ogun,Rep 03,0.0,0
6419,2025-11-13,Abeokuta,Ogun,Rep 06,21526.54,1
6420,2025-11-13,Abeokuta,Ogun,Rep 06,77265.63,1
6421,2025-11-13,Abeokuta,Ogun,Rep 12,0.0,0
6422,2025-11-14,Lagos Island,Lagos,Rep 19,41372.57,1
6423,2025-11-14,Lagos Island,Lagos,Rep 11,42285.11,1
6424,2025-11-14,Lagos Island,Lagos,Rep 18,407160.57,1
6425,2025-11-14,Lekki-Ajah,Lagos,Rep 12,53297.64,1
6426,2025-11-14,Lekki-Ajah,Lagos,Rep 08,0.0,0
6427,2025-11-14,Lekki-Ajah,Lagos,Rep 14,0.0,0
6428,2025-11-14,Lekki-Ajah,Lagos,Rep 19,199515.73,1
6429,2025-11-14,Lekki-Ajah,Lagos,Rep 05,0.0,0
6430,2025-11-14,Lekki-Ajah,Lagos,Rep 21,0.0,0
6431,2025-11-14,Lekki-Ajah,Lagos,Rep 22,0.0,0
6432,2025-11-14,Ibadan North,Oyo,Rep 07,0.0,0
6433,2025-11-14,Ibadan North,Oyo,Rep 03,177736.6,1
6434,2025-11-14,Ibadan South,Oyo,Rep 19,0.0,0
6435,2025-11-14,Ibadan South,Oyo,Rep 15,0.0,0
6436,2025-11-14,Ibadan South,Oyo,Rep 11,112631.6,1
6437,2025-11-15,Lekki-Ajah,Lagos,Rep 07,0.0,0
6438,2025-11-15,Lekki-Ajah,Lagos,Rep 10,0.0,0
6439,2025-11-15,Lekki-Ajah,Lagos,Rep 14,61308.83,1
6440,2025-11-15,Sagamu,Ogun,Rep 18,0.0,0
6441,2025-11-15,Ibadan North,Oyo,Rep 20,194874.16,1
6442,2025-11-15,Ibadan North,Oyo,Rep 21,0.0,0
6443,2025-11-15,Ibadan North,Oyo,Rep 14,98033.42,1
6444,2025-11-15,Ibadan North,Oyo,Rep 08,112949.65,1
6445,2025-11-15,Ibadan South,Oyo,Rep 07,0.0,0
6446,2025-11-15,Ibadan South,Oyo,Rep 15,235138.9,1
6447,2025-11-15,Ibadan South,Oyo,Rep 11,0.0,0
6448,2025-11-15,Ibadan South,Oyo,Rep 15,224086.51,1
6449,2025-11-16,Lagos Mainland,Lagos,Rep 20,44143.88,1
6450,2025-11-16,Lagos Mainland,Lagos,Rep 05,0.0,0
6451,2025-11-16,Lagos Mainland,Lagos,Rep 16,121987.8,1
6452,2025-11-16,Lagos Mainland,Lagos,Rep 20,0.0,0
6453,2025-11-16,Lagos Mainland,Lagos,Rep 14,0.0,0
6454,2025-11-16,Lagos Mainland,Lagos,Rep 04,98874.95,1
6455,2025-11-16,Lagos Mainland,Lagos,Rep 14,160787.93,1
6456,2025-11-16,Lagos Mainland,Lagos,Rep 22,0.0,0
6457,2025-11-16,Lagos Mainland,Lagos,Rep 19,0.0,0
6458,2025-11-16,Lagos Mainland,Lagos,Rep 14,173304.68,1
6459,2025-11-16,Lagos Mainland,Lagos,Rep 02,0.0,0
6460,2025-11-16,Lagos Mainland,Lagos,Rep 03,0.0,0
6461,2025-11-16,Lekki-Ajah,Lagos,Rep 21,0.0,0
6462,2025-11-16,Lekki-Ajah,Lagos,Rep 20,0.0,0
6463,2025-11-16,Lekki-Ajah,Lagos,Rep 13,0.0,0
6464,2025-11-16,Ibadan North,Oyo,Rep 15,0.0,0
6465,2025-11-16,Ibadan North,Oyo,Rep 06,0.0,0
6466,2025-11-16,Ibadan North,Oyo,Rep 04,0.0,0
6467,2025-11-16,Ibadan North,Oyo,Rep 04,211673.55,1
6468,2025-11-16,Ibadan North,Oyo,Rep 08,0.0,0
6469,2025-11-17,Lagos Island,Lagos,Rep 19,87219.93,1
6470,2025-11-17,Lagos Island,Lagos,Rep 09,0.0,0
6471,2025-11-17,Lagos Island,Lagos,Rep 10,93647.01,1
6472,2025-11-17,Lekki-Ajah,Lagos,Rep 07,0.0,0
6473,2025-11-17,Lekki-Ajah,Lagos,Rep 19,58348.65,1
6474,2025-11-17,Lekki-Ajah,Lagos,Rep 15,0.0,0
6475,2025-11-17,Lekki-Ajah,Lagos,Rep 04,0.0,0
6476,2025-11-17,Lekki-Ajah,Lagos,Rep 09,89289.57,1
6477,2025-11-17,Lekki-Ajah,Lagos,Rep 09,0.0,0
6478,2025-11-17,Lekki-Ajah,Lagos,Rep 10,0.0,0
6479,2025-11-17,Sagamu,Ogun,Rep 06,0.0,0
6480,2025-11-17,Ibadan South,Oyo,Rep 08,72223.05,1
6481,2025-11-17,Ibadan South,Oyo,Rep 13,0.0,0
6482,2025-11-17,Ibadan South,Oyo,Rep 22,150464.82,1
6483,2025-11-17,Ibadan South,Oyo,Rep 14,154152.0,1
6484,2025-11-17,Ibadan South,Oyo,Rep 20,0.0,0
6485,2025-11-17,Ibadan South,Oyo,Rep 16,0.0,0
6486,2025-11-17,Ibadan South,Oyo,Rep 19,116190.66,1
6487,2025-11-18,Lagos Mainland,Lagos,Rep 04,0.0,0
6488,2025-11-18,Lagos Mainland,Lagos,Rep 05,87704.3,1
6489,2025-11-18,Lagos Mainland,Lagos,Rep 05,89642.39,1
6490,2025-11-18,Lagos Mainland,Lagos,Rep 22,22509.14,1
6491,2025-11-18,Lagos Mainland,Lagos,Rep 03,0.0,0
6492,2025-11-18,Lagos Mainland,Lagos,Rep 19,244222.5,1
6493,2025-11-18,Lagos Mainland,Lagos,Rep 14,0.0,0
6494,2025-11-18,Lagos Mainland,Lagos,Rep 16,35754.88,1
6495,2025-11-18,Lagos Mainland,Lagos,Rep 08,0.0,0
6496,2025-11-18,Lagos Mainland,Lagos,Rep 10,0.0,0
6497,2025-11-18,Lagos Island,Lagos,Rep 18,0.0,0
6498,2025-11-18,Lagos Island,Lagos,Rep 03,0.0,0
6499,2025-11-18,Lagos Island,Lagos,Rep 01,0.0,0
6500,2025-11-18,Lagos Island,Lagos,Rep 05,0.0,0
6501,2025-11-18,Lagos Island,Lagos,Rep 13,163685.23,1
6502,2025-11-18,Lagos Island,Lagos,Rep 07,0.0,0
6503,2025-11-18,Lagos Island,Lagos,Rep 21,0.0,0
6504,2025-11-18,Lekki-Ajah,Lagos,Rep 20,194678.86,1
6505,2025-11-18,Lekki-Ajah,Lagos,Rep 12,0.0,0
6506,2025-11-18,Lekki-Ajah,Lagos,Rep 07,0.0,0
6507,2025-11-18,Lekki-Ajah,Lagos,Rep 22,0.0,0
6508,2025-11-18,Lekki-Ajah,Lagos,Rep 13,0.0,0
6509,2025-11-18,Lekki-Ajah,Lagos,Rep 13,0.0,0
6510,2025-11-18,Lekki-Ajah,Lagos,Rep 08,0.0,0
6511,2025-11-18,Ibadan North,Oyo,Rep 02,0.0,0
6512,2025-11-18,Ibadan North,Oyo,Rep 06,0.0,0
6513,2025-11-18,Ibadan North,Oyo,Rep 03,0.0,0
6514,2025-11-18,Ibadan North,Oyo,Rep 04,0.0,0
6515,2025-11-18,Ibadan North,Oyo,Rep 01,169246.33,1
6516,2025-11-18,Ibadan North,Oyo,Rep 12,0.0,0
6517,2025-11-18,Ibadan South,Oyo,Rep 16,100797.89,1
6518,2025-11-19,Lagos Island,Lagos,Rep 03,0.0,0
6519,2025-11-19,Lagos Island,Lagos,Rep 04,0.0,0
6520,2025-11-19,Lagos Island,Lagos,Rep 10,0.0,0
6521,2025-11-19,Lagos Island,Lagos,Rep 15,0.0,0
6522,2025-11-19,Lagos Island,Lagos,Rep 11,0.0,0
6523,2025-11-19,Lagos Island,Lagos,Rep 02,0.0,0
6524,2025-11-19,Lagos Island,Lagos,Rep 22,0.0,0
6525,2025-11-19,Lagos Island,Lagos,Rep 14,0.0,0
6526,2025-11-19,Ibadan North,Oyo,Rep 20,0.0,0
6527,2025-11-19,Ibadan North,Oyo,Rep 09,0.0,0
6528,2025-11-19,Ibadan North,Oyo,Rep 19,0.0,0
6529,2025-11-19,Ibadan North,Oyo,Rep 22,0.0,0
6530,2025-11-19,Ibadan North,Oyo,Rep 12,0.0,0
6531,2025-11-19,Ibadan South,Oyo,Rep 03,0.0,0
6532,2025-11-19,Ibadan South,Oyo,Rep 12,0.0,0
6533,2025-11-19,Ibadan South,Oyo,Rep 10,94020.86,1
6534,2025-11-19,Ibadan South,Oyo,Rep 02,0.0,0
6535,2025-11-19,Ibadan South,Oyo,Rep 17,0.0,0
6536,2025-11-19,Ibadan South,Oyo,Rep 21,0.0,0
6537,2025-11-20,Lagos Mainland,Lagos,Rep 20,0.0,0
6538,2025-11-20,Lagos Mainland,Lagos,Rep 18,0.0,0
6539,2025-11-20,Lagos Mainland,Lagos,Rep 18,0.0,0
6540,2025-11-20,Lagos Mainland,Lagos,Rep 04,0.0,0
6541,2025-11-20,Lagos Mainland,Lagos,Rep 14,0.0,0
6542,2025-11-20,Lagos Mainland,Lagos,Rep 20,25741.01,1
6543,2025-11-20,Lagos Mainland,Lagos,Rep 04,0.0,0
6544,2025-11-20,Lagos Island,Lagos,Rep 05,0.0,0
6545,2025-11-20,Lagos Island,Lagos,Rep 21,71718.01,1
6546,2025-11-20,Lagos Island,Lagos,Rep 20,142874.15,1
6547,2025-11-20,Lekki-Ajah,Lagos,Rep 21,0.0,0
6548,2025-11-20,Lekki-Ajah,Lagos,Rep 18,0.0,0
6549,2025-11-20,Lekki-Ajah,Lagos,Rep 09,0.0,0
6550,2025-11-20,Lekki-Ajah,Lagos,Rep 08,142959.45,1
6551,2025-11-20,Lekki-Ajah,Lagos,Rep 01,0.0,0
6552,2025-11-20,Lekki-Ajah,Lagos,Rep 20,0.0,0
6553,2025-11-20,Lekki-Ajah,Lagos,Rep 16,160967.71,1
6554,2025-11-20,Ibadan North,Oyo,Rep 21,0.0,0
6555,2025-11-20,Ibadan North,Oyo,Rep 10,75154.86,1
6556,2025-11-20,Ibadan South,Oyo,Rep 10,0.0,0
6557,2025-11-20,Ibadan South,Oyo,Rep 03,0.0,0
6558,2025-11-20,Ibadan South,Oyo,Rep 13,0.0,0
6559,2025-11-20,Ibadan South,Oyo,Rep 14,0.0,0
6560,2025-11-21,Lagos Mainland,Lagos,Rep 20,0.0,0
6561,2025-11-21,Lagos Mainland,Lagos,Rep 03,0.0,0
6562,2025-11-21,Lagos Mainland,Lagos,Rep 12,0.0,0
6563,2025-11-21,Lagos Mainland,Lagos,Rep 14,106222.49,1
6564,2025-11-21,Lagos Mainland,Lagos,Rep 11,0.0,0
6565,2025-11-21,Lagos Mainland,Lagos,Rep 05,0.0,0
6566,2025-11-21,Lagos Mainland,Lagos,Rep 10,0.0,0
6567,2025-11-21,Lagos Mainland,Lagos,Rep 02,203924.63,1
6568,2025-11-21,Lagos Mainland,Lagos,Rep 20,0.0,0
6569,2025-11-21,Lagos Mainland,Lagos,Rep 02,40525.79,1
6570,2025-11-21,Lagos Mainland,Lagos,Rep 19,0.0,0
6571,2025-11-21,Ibadan North,Oyo,Rep 05,154754.37,1
6572,2025-11-21,Ibadan North,Oyo,Rep 16,0.0,0
6573,2025-11-21,Ibadan North,Oyo,Rep 17,0.0,0
6574,2025-11-21,Ibadan North,Oyo,Rep 13,0.0,0
6575,2025-11-21,Ogbomosho,Oyo,Rep 05,90551.0,1
6576,2025-11-22,Lekki-Ajah,Lagos,Rep 13,0.0,0
6577,2025-11-22,Lekki-Ajah,Lagos,Rep 11,0.0,0
6578,2025-11-22,Abeokuta,Ogun,Rep 02,190214.51,1
6579,2025-11-22,Abeokuta,Ogun,Rep 07,237142.79,1
6580,2025-11-22,Ibadan North,Oyo,Rep 17,0.0,0
6581,2025-11-22,Ibadan North,Oyo,Rep 12,0.0,0
6582,2025-11-22,Ibadan North,Oyo,Rep 06,0.0,0
6583,2025-11-22,Ibadan South,Oyo,Rep 07,0.0,0
6584,2025-11-22,Ibadan South,Oyo,Rep 20,0.0,0
6585,2025-11-22,Ibadan South,Oyo,Rep 08,111575.49,1
6586,2025-11-22,Ibadan South,Oyo,Rep 07,0.0,0
6587,2025-11-22,Ibadan South,Oyo,Rep 03,0.0,0
6588,2025-11-22,Ibadan South,Oyo,Rep 08,0.0,0
6589,2025-11-22,Ibadan South,Oyo,Rep 05,0.0,0
6590,2025-11-23,Lagos Mainland,Lagos,Rep 03,76143.36,1
6591,2025-11-23,Lagos Mainland,Lagos,Rep 05,473983.25,1
6592,2025-11-23,Lagos Mainland,Lagos,Rep 08,184038.66,1
6593,2025-11-23,Lagos Mainland,Lagos,Rep 12,0.0,0
6594,2025-11-23,Lagos Mainland,Lagos,Rep 06,82812.43,1
6595,2025-11-23,Lagos Mainland,Lagos,Rep 09,149600.2,1
6596,2025-11-23,Lagos Mainland,Lagos,Rep 16,261073.92,1
6597,2025-11-23,Lagos Mainland,Lagos,Rep 20,0.0,0
6598,2025-11-23,Lagos Mainland,Lagos,Rep 17,0.0,0
6599,2025-11-23,Lagos Mainland,Lagos,Rep 11,142869.31,1
6600,2025-11-23,Lagos Mainland,Lagos,Rep 07,0.0,0
6601,2025-11-23,Lagos Mainland,Lagos,Rep 03,45497.68,1
6602,2025-11-23,Lekki-Ajah,Lagos,Rep 08,117104.41,1
6603,2025-11-23,Lekki-Ajah,Lagos,Rep 20,67291.35,1
6604,2025-11-23,Lekki-Ajah,Lagos,Rep 22,0.0,0
6605,2025-11-23,Lekki-Ajah,Lagos,Rep 16,0.0,0
6606,2025-11-23,Abeokuta,Ogun,Rep 07,0.0,0
6607,2025-11-23,Abeokuta,Ogun,Rep 07,0.0,0
6608,2025-11-23,Abeokuta,Ogun,Rep 09,0.0,0
6609,2025-11-23,Ibadan North,Oyo,Rep 17,0.0,0
6610,2025-11-23,Ibadan North,Oyo,Rep 18,220211.96,1
6611,2025-11-23,Ibadan North,Oyo,Rep 13,190850.57,1
6612,2025-11-23,Ibadan North,Oyo,Rep 02,0.0,0
6613,2025-11-23,Ibadan North,Oyo,Rep 08,132693.5,1
6614,2025-11-23,Ogbomosho,Oyo,Rep 13,0.0,0
6615,2025-11-23,Ogbomosho,Oyo,Rep 04,0.0,0
6616,2025-11-24,Lagos Mainland,Lagos,Rep 18,0.0,0
6617,2025-11-24,Lagos Mainland,Lagos,Rep 12,0.0,0
6618,2025-11-24,Lagos Mainland,Lagos,Rep 17,0.0,0
6619,2025-11-24,Lagos Mainland,Lagos,Rep 21,79327.33,1
6620,2025-11-24,Lagos Mainland,Lagos,Rep 07,0.0,0
6621,2025-11-24,Lagos Mainland,Lagos,Rep 08,0.0,0
6622,2025-11-24,Lagos Mainland,Lagos,Rep 13,310228.63,1
6623,2025-11-24,Lagos Mainland,Lagos,Rep 11,31997.71,1
6624,2025-11-24,Lagos Mainland,Lagos,Rep 19,124129.95,1
6625,2025-11-24,Abeokuta,Ogun,Rep 17,0.0,0
6626,2025-11-24,Abeokuta,Ogun,Rep 22,74185.06,1
6627,2025-11-24,Abeokuta,Ogun,Rep 03,113363.7,1
6628,2025-11-24,Ibadan South,Oyo,Rep 09,170976.64,1
6629,2025-11-24,Ibadan South,Oyo,Rep 02,241092.32,1
6630,2025-11-24,Ibadan South,Oyo,Rep 05,0.0,0
6631,2025-11-24,Ibadan South,Oyo,Rep 14,224363.66,1
6632,2025-11-24,Ogbomosho,Oyo,Rep 03,0.0,0
6633,2025-11-24,Ogbomosho,Oyo,Rep 09,0.0,0
6634,2025-11-25,Lagos Mainland,Lagos,Rep 05,0.0,0
6635,2025-11-25,Lagos Mainland,Lagos,Rep 14,0.0,0
6636,2025-11-25,Lagos Mainland,Lagos,Rep 03,0.0,0
6637,2025-11-25,Lagos Mainland,Lagos,Rep 13,81604.45,1
6638,2025-11-25,Lagos Mainland,Lagos,Rep 04,0.0,0
6639,2025-11-25,Lagos Mainland,Lagos,Rep 14,0.0,0
6640,2025-11-25,Lagos Mainland,Lagos,Rep 09,187499.91,1
6641,2025-11-25,Lagos Island,Lagos,Rep 01,0.0,0
6642,2025-11-25,Lagos Island,Lagos,Rep 03,238039.01,1
6643,2025-11-25,Lagos Island,Lagos,Rep 10,0.0,0
6644,2025-11-25,Lagos Island,Lagos,Rep 16,0.0,0
6645,2025-11-25,Lagos Island,Lagos,Rep 17,263569.69,1
6646,2025-11-25,Lagos Island,Lagos,Rep 05,0.0,0
6647,2025-11-25,Lagos Island,Lagos,Rep 21,0.0,0
6648,2025-11-25,Lagos Island,Lagos,Rep 13,101600.86,1
6649,2025-11-25,Lekki-Ajah,Lagos,Rep 10,0.0,0
6650,2025-11-25,Lekki-Ajah,Lagos,Rep 08,0.0,0
6651,2025-11-25,Lekki-Ajah,Lagos,Rep 08,45128.64,1
6652,2025-11-25,Lekki-Ajah,Lagos,Rep 02,157818.16,1
6653,2025-11-25,Lekki-Ajah,Lagos,Rep 14,0.0,0
6654,2025-11-25,Lekki-Ajah,Lagos,Rep 04,0.0,0
6655,2025-11-25,Lekki-Ajah,Lagos,Rep 20,120841.1,1
6656,2025-11-25,Sagamu,Ogun,Rep 10,99496.12,1
6657,2025-11-25,Ibadan South,Oyo,Rep 18,0.0,0
6658,2025-11-25,Ibadan South,Oyo,Rep 14,160619.06,1
6659,2025-11-25,Ibadan South,Oyo,Rep 22,0.0,0
6660,2025-11-26,Lekki-Ajah,Lagos,Rep 22,0.0,0
6661,2025-11-26,Lekki-Ajah,Lagos,Rep 12,0.0,0
6662,2025-11-26,Lekki-Ajah,Lagos,Rep 02,0.0,0
6663,2025-11-26,Lekki-Ajah,Lagos,Rep 05,0.0,0
6664,2025-11-26,Lekki-Ajah,Lagos,Rep 01,0.0,0
6665,2025-11-26,Lekki-Ajah,Lagos,Rep 16,0.0,0
6666,2025-11-26,Sagamu,Ogun,Rep 17,0.0,0
6667,2025-11-26,Ibadan South,Oyo,Rep 15,0.0,0
6668,2025-11-26,Ibadan South,Oyo,Rep 01,0.0,0
6669,2025-11-26,Ibadan South,Oyo,Rep 21,0.0,0
6670,2025-11-26,Ibadan South,Oyo,Rep 16,0.0,0
6671,2025-11-26,Ibadan South,Oyo,Rep 16,81950.6,1
6672,2025-11-26,Ibadan South,Oyo,Rep 16,91726.27,1
6673,2025-11-26,Ibadan South,Oyo,Rep 16,0.0,0
6674,2025-11-27,Lagos Island,Lagos,Rep 15,177557.45,1
6675,2025-11-27,Lagos Island,Lagos,Rep 07,0.0,0
6676,2025-11-27,Lekki-Ajah,Lagos,Rep 02,0.0,0
6677,2025-11-27,Lekki-Ajah,Lagos,Rep 15,0.0,0
6678,2025-11-27,Lekki-Ajah,Lagos,Rep 05,0.0,0
6679,2025-11-27,Lekki-Ajah,Lagos,Rep 18,0.0,0
6680,2025-11-27,Abeokuta,Ogun,Rep 17,0.0,0
6681,2025-11-27,Abeokuta,Ogun,Rep 06,0.0,0
6682,2025-11-27,Abeokuta,Ogun,Rep 12,0.0,0
6683,2025-11-27,Abeokuta,Ogun,Rep 21,0.0,0
6684,2025-11-27,Abeokuta,Ogun,Rep 07,0.0,0
6685,2025-11-27,Abeokuta,Ogun,Rep 11,197995.27,1
6686,2025-11-27,Abeokuta,Ogun,Rep 22,139111.34,1
6687,2025-11-28,Lagos Mainland,Lagos,Rep 16,0.0,0
6688,2025-11-28,Lagos Mainland,Lagos,Rep 05,112703.86,1
6689,2025-11-28,Lagos Mainland,Lagos,Rep 15,377874.33,1
6690,2025-11-28,Lagos Mainland,Lagos,Rep 03,159052.21,1
6691,2025-11-28,Lagos Mainland,Lagos,Rep 17,0.0,0
6692,2025-11-28,Lagos Mainland,Lagos,Rep 12,0.0,0
6693,2025-11-28,Lagos Mainland,Lagos,Rep 06,288292.06,1
6694,2025-11-28,Lagos Mainland,Lagos,Rep 08,0.0,0
6695,2025-11-28,Lagos Mainland,Lagos,Rep 19,64659.26,1
6696,2025-11-28,Lagos Mainland,Lagos,Rep 01,68812.74,1
6697,2025-11-28,Lekki-Ajah,Lagos,Rep 13,0.0,0
6698,2025-11-28,Lekki-Ajah,Lagos,Rep 12,0.0,0
6699,2025-11-28,Lekki-Ajah,Lagos,Rep 19,0.0,0
6700,2025-11-28,Lekki-Ajah,Lagos,Rep 01,0.0,0
6701,2025-11-28,Lekki-Ajah,Lagos,Rep 19,94708.62,1
6702,2025-11-28,Lekki-Ajah,Lagos,Rep 14,158702.52,1
6703,2025-11-28,Abeokuta,Ogun,Rep 12,0.0,0
6704,2025-11-28,Abeokuta,Ogun,Rep 19,0.0,0
6705,2025-11-28,Sagamu,Ogun,Rep 18,0.0,0
6706,2025-11-28,Sagamu,Ogun,Rep 12,0.0,0
6707,2025-11-28,Sagamu,Ogun,Rep 06,0.0,0
6708,2025-11-28,Sagamu,Ogun,Rep 16,0.0,0
6709,2025-11-28,Ibadan North,Oyo,Rep 01,60019.79,1
6710,2025-11-28,Ibadan North,Oyo,Rep 12,94350.45,1
6711,2025-11-28,Ibadan North,Oyo,Rep 04,0.0,0
6712,2025-11-28,Ogbomosho,Oyo,Rep 06,0.0,0
6713,2025-11-29,Lagos Mainland,Lagos,Rep 01,0.0,0
6714,2025-11-29,Lagos Mainland,Lagos,Rep 18,0.0,0
6715,2025-11-29,Lagos Mainland,Lagos,Rep 11,132509.37,1
6716,2025-11-29,Lagos Mainland,Lagos,Rep 06,277471.36,1
6717,2025-11-29,Lagos Mainland,Lagos,Rep 07,61196.59,1
6718,2025-11-29,Lagos Mainland,Lagos,Rep 09,0.0,0
6719,2025-11-29,Lagos Mainland,Lagos,Rep 21,0.0,0
6720,2025-11-29,Lagos Mainland,Lagos,Rep 06,0.0,0
6721,2025-11-29,Lagos Island,Lagos,Rep 18,0.0,0
6722,2025-11-29,Lagos Island,Lagos,Rep 07,0.0,0
6723,2025-11-29,Lagos Island,Lagos,Rep 15,0.0,0
6724,2025-11-29,Lagos Island,Lagos,Rep 13,138166.04,1
6725,2025-11-29,Lekki-Ajah,Lagos,Rep 13,0.0,0
6726,2025-11-29,Lekki-Ajah,Lagos,Rep 19,0.0,0
6727,2025-11-29,Lekki-Ajah,Lagos,Rep 03,104480.74,1
6728,2025-11-29,Ibadan South,Oyo,Rep 02,68740.75,1
6729,2025-11-29,Ibadan South,Oyo,Rep 09,0.0,0
6730,2025-11-29,Ibadan South,Oyo,Rep 15,300097.88,1
6731,2025-11-30,Lagos Mainland,Lagos,Rep 09,0.0,0
6732,2025-11-30,Lagos Mainland,Lagos,Rep 13,0.0,0
6733,2025-11-30,Lagos Mainland,Lagos,Rep 10,240228.19,1
6734,2025-11-30,Lagos Mainland,Lagos,Rep 10,0.0,0
6735,2025-11-30,Lagos Mainland,Lagos,Rep 21,22313.92,1
6736,2025-11-30,Lagos Mainland,Lagos,Rep 16,0.0,0
6737,2025-11-30,Lagos Mainland,Lagos,Rep 14,145394.64,1
6738,2025-11-30,Lagos Mainland,Lagos,Rep 15,86706.2,1
6739,2025-11-30,Lagos Island,Lagos,Rep 19,195766.11,1
6740,2025-11-30,Lagos Island,Lagos,Rep 06,0.0,0
6741,2025-11-30,Lagos Island,Lagos,Rep 11,0.0,0
6742,2025-11-30,Lagos Island,Lagos,Rep 10,0.0,0
6743,2025-11-30,Lagos Island,Lagos,Rep 14,0.0,0
6744,2025-12-01,Lagos Mainland,Lagos,Rep 07,81977.87,1
6745,2025-12-01,Lagos Mainland,Lagos,Rep 07,0.0,0
6746,2025-12-01,Lagos Mainland,Lagos,Rep 01,145650.98,1
6747,2025-12-01,Lagos Mainland,Lagos,Rep 11,0.0,0
6748,2025-12-01,Lagos Island,Lagos,Rep 08,12321.77,1
6749,2025-12-01,Lagos Island,Lagos,Rep 13,0.0,0
6750,2025-12-01,Lagos Island,Lagos,Rep 16,67171.94,1
6751,2025-12-01,Lagos Island,Lagos,Rep 08,199769.42,1
6752,2025-12-01,Lagos Island,Lagos,Rep 16,0.0,0
6753,2025-12-01,Abeokuta,Ogun,Rep 10,103150.18,1
6754,2025-12-01,Abeokuta,Ogun,Rep 10,0.0,0
6755,2025-12-01,Ibadan South,Oyo,Rep 09,0.0,0
6756,2025-12-01,Ibadan South,Oyo,Rep 20,132534.67,1
6757,2025-12-01,Ibadan South,Oyo,Rep 20,187380.65,1
6758,2025-12-01,Ibadan South,Oyo,Rep 03,0.0,0
6759,2025-12-01,Ibadan South,Oyo,Rep 14,181664.83,1
6760,2025-12-01,Ogbomosho,Oyo,Rep 08,0.0,0
6761,2025-12-01,Ogbomosho,Oyo,Rep 13,0.0,0
6762,2025-12-02,Lagos Mainland,Lagos,Rep 09,0.0,0
6763,2025-12-02,Lagos Mainland,Lagos,Rep 04,0.0,0
6764,2025-12-02,Lagos Mainland,Lagos,Rep 17,0.0,0
6765,2025-12-02,Lagos Mainland,Lagos,Rep 22,51901.24,1
6766,2025-12-02,Lagos Mainland,Lagos,Rep 14,0.0,0
6767,2025-12-02,Lagos Island,Lagos,Rep 17,0.0,0
6768,2025-12-02,Lagos Island,Lagos,Rep 14,193438.31,1
6769,2025-12-02,Lagos Island,Lagos,Rep 11,278654.19,1
6770,2025-12-02,Lagos Island,Lagos,Rep 03,112100.87,1
6771,2025-12-02,Lagos Island,Lagos,Rep 01,0.0,0
6772,2025-12-02,Lagos Island,Lagos,Rep 16,0.0,0
6773,2025-12-02,Lagos Island,Lagos,Rep 05,0.0,0
6774,2025-12-02,Lekki-Ajah,Lagos,Rep 19,161252.46,1
6775,2025-12-02,Lekki-Ajah,Lagos,Rep 06,0.0,0
6776,2025-12-02,Lekki-Ajah,Lagos,Rep 08,0.0,0
6777,2025-12-02,Lekki-Ajah,Lagos,Rep 02,96548.83,1
6778,2025-12-02,Ibadan North,Oyo,Rep 06,0.0,0
6779,2025-12-02,Ibadan North,Oyo,Rep 22,0.0,0
6780,2025-12-02,Ibadan North,Oyo,Rep 19,0.0,0
6781,2025-12-02,Ibadan North,Oyo,Rep 04,229502.13,1
6782,2025-12-02,Ibadan South,Oyo,Rep 13,208059.82,1
6783,2025-12-03,Lagos Island,Lagos,Rep 19,0.0,0
6784,2025-12-03,Lagos Island,Lagos,Rep 07,73972.44,1
6785,2025-12-03,Lagos Island,Lagos,Rep 17,0.0,0
6786,2025-12-03,Lagos Island,Lagos,Rep 21,0.0,0
6787,2025-12-03,Lagos Island,Lagos,Rep 10,125983.26,1
6788,2025-12-03,Abeokuta,Ogun,Rep 09,0.0,0
6789,2025-12-03,Abeokuta,Ogun,Rep 01,0.0,0
6790,2025-12-03,Abeokuta,Ogun,Rep 13,0.0,0
6791,2025-12-03,Sagamu,Ogun,Rep 22,156597.07,1
6792,2025-12-03,Ibadan North,Oyo,Rep 04,0.0,0
6793,2025-12-03,Ibadan North,Oyo,Rep 20,0.0,0
6794,2025-12-03,Ibadan North,Oyo,Rep 03,0.0,0
6795,2025-12-03,Ibadan North,Oyo,Rep 20,125868.29,1
6796,2025-12-03,Ibadan South,Oyo,Rep 20,94623.64,1
6797,2025-12-03,Ibadan South,Oyo,Rep 01,0.0,0
6798,2025-12-03,Ibadan South,Oyo,Rep 16,0.0,0
6799,2025-12-03,Ibadan South,Oyo,Rep 18,203844.4,1
6800,2025-12-03,Ibadan South,Oyo,Rep 07,0.0,0
6801,2025-12-04,Lekki-Ajah,Lagos,Rep 10,191324.65,1
6802,2025-12-04,Lekki-Ajah,Lagos,Rep 20,0.0,0
6803,2025-12-04,Lekki-Ajah,Lagos,Rep 06,0.0,0
6804,2025-12-04,Ibadan North,Oyo,Rep 07,0.0,0
6805,2025-12-04,Ibadan North,Oyo,Rep 01,41879.63,1
6806,2025-12-04,Ibadan North,Oyo,Rep 03,0.0,0
6807,2025-12-04,Ibadan North,Oyo,Rep 20,139032.19,1
6808,2025-12-04,Ibadan North,Oyo,Rep 04,72989.61,1
6809,2025-12-04,Ibadan North,Oyo,Rep 17,0.0,0
6810,2025-12-04,Ibadan North,Oyo,Rep 22,0.0,0
6811,2025-12-04,Ibadan South,Oyo,Rep 10,0.0,0
6812,2025-12-04,Ibadan South,Oyo,Rep 17,0.0,0
6813,2025-12-04,Ibadan South,Oyo,Rep 17,0.0,0
6814,2025-12-04,Ibadan South,Oyo,Rep 11,78473.86,1
6815,2025-12-04,Ibadan South,Oyo,Rep 10,0.0,0
6816,2025-12-04,Ogbomosho,Oyo,Rep 15,0.0,0
6817,2025-12-05,Lagos Mainland,Lagos,Rep 11,362226.64,1
6818,2025-12-05,Lagos Mainland,Lagos,Rep 18,0.0,0
6819,2025-12-05,Lagos Mainland,Lagos,Rep 17,0.0,0
6820,2025-12-05,Lagos Mainland,Lagos,Rep 09,0.0,0
6821,2025-12-05,Lagos Mainland,Lagos,Rep 15,160154.08,1
6822,2025-12-05,Lagos Mainland,Lagos,Rep 06,127327.54,1
6823,2025-12-05,Lagos Mainland,Lagos,Rep 02,0.0,0
6824,2025-12-05,Lagos Mainland,Lagos,Rep 13,132191.6,1
6825,2025-12-05,Lagos Mainland,Lagos,Rep 02,0.0,0
6826,2025-12-05,Lagos Island,Lagos,Rep 04,0.0,0
6827,2025-12-05,Lagos Island,Lagos,Rep 04,0.0,0
6828,2025-12-05,Lagos Island,Lagos,Rep 06,0.0,0
6829,2025-12-05,Lagos Island,Lagos,Rep 15,0.0,0
6830,2025-12-05,Lagos Island,Lagos,Rep 06,73486.39,1
6831,2025-12-05,Lagos Island,Lagos,Rep 01,0.0,0
6832,2025-12-05,Ibadan North,Oyo,Rep 09,0.0,0
6833,2025-12-05,Ibadan North,Oyo,Rep 12,0.0,0
6834,2025-12-05,Ibadan North,Oyo,Rep 16,77037.26,1
6835,2025-12-05,Ibadan North,Oyo,Rep 06,0.0,0
6836,2025-12-05,Ibadan North,Oyo,Rep 14,0.0,0
6837,2025-12-05,Ogbomosho,Oyo,Rep 10,0.0,0
6838,2025-12-06,Lagos Island,Lagos,Rep 02,103898.66,1
6839,2025-12-06,Lagos Island,Lagos,Rep 16,156301.84,1
6840,2025-12-06,Lagos Island,Lagos,Rep 09,0.0,0
6841,2025-12-06,Lagos Island,Lagos,Rep 14,0.0,0
6842,2025-12-06,Lekki-Ajah,Lagos,Rep 17,222040.55,1
6843,2025-12-06,Lekki-Ajah,Lagos,Rep 05,232475.43,1
6844,2025-12-06,Lekki-Ajah,Lagos,Rep 09,0.0,0
6845,2025-12-06,Abeokuta,Ogun,Rep 01,0.0,0
6846,2025-12-06,Abeokuta,Ogun,Rep 08,0.0,0
6847,2025-12-06,Abeokuta,Ogun,Rep 17,0.0,0
6848,2025-12-06,Abeokuta,Ogun,Rep 12,0.0,0
6849,2025-12-06,Abeokuta,Ogun,Rep 02,0.0,0
6850,2025-12-06,Ibadan North,Oyo,Rep 09,0.0,0
6851,2025-12-06,Ibadan North,Oyo,Rep 05,68746.41,1
6852,2025-12-06,Ibadan North,Oyo,Rep 16,0.0,0
6853,2025-12-06,Ibadan North,Oyo,Rep 06,0.0,0
6854,2025-12-06,Ibadan North,Oyo,Rep 16,56380.87,1
6855,2025-12-06,Ibadan South,Oyo,Rep 19,0.0,0
6856,2025-12-06,Ibadan South,Oyo,Rep 19,0.0,0
6857,2025-12-06,Ibadan South,Oyo,Rep 09,230336.18,1
6858,2025-12-06,Ibadan South,Oyo,Rep 06,0.0,0
6859,2025-12-07,Lagos Mainland,Lagos,Rep 04,69903.89,1
6860,2025-12-07,Lagos Mainland,Lagos,Rep 18,0.0,0
6861,2025-12-07,Lagos Mainland,Lagos,Rep 21,62307.22,1
6862,2025-12-07,Lagos Island,Lagos,Rep 09,0.0,0
6863,2025-12-07,Lagos Island,Lagos,Rep 08,0.0,0
6864,2025-12-07,Abeokuta,Ogun,Rep 03,0.0,0
6865,2025-12-07,Abeokuta,Ogun,Rep 01,0.0,0
6866,2025-12-07,Abeokuta,Ogun,Rep 05,0.0,0
6867,2025-12-07,Abeokuta,Ogun,Rep 15,0.0,0
6868,2025-12-07,Abeokuta,Ogun,Rep 07,0.0,0
6869,2025-12-07,Abeokuta,Ogun,Rep 06,0.0,0
6870,2025-12-07,Abeokuta,Ogun,Rep 09,0.0,0
6871,2025-12-07,Sagamu,Ogun,Rep 01,0.0,0
6872,2025-12-07,Ibadan North,Oyo,Rep 01,0.0,0
6873,2025-12-07,Ibadan North,Oyo,Rep 06,67464.66,1
6874,2025-12-08,Lagos Mainland,Lagos,Rep 08,32960.62,1
6875,2025-12-08,Lagos Mainland,Lagos,Rep 04,86836.57,1
6876,2025-12-08,Lagos Mainland,Lagos,Rep 12,0.0,0
6877,2025-12-08,Lagos Mainland,Lagos,Rep 12,138782.19,1
6878,2025-12-08,Lagos Mainland,Lagos,Rep 21,118605.75,1
6879,2025-12-08,Lagos Mainland,Lagos,Rep 17,0.0,0
6880,2025-12-08,Lagos Mainland,Lagos,Rep 04,0.0,0
6881,2025-12-08,Lagos Mainland,Lagos,Rep 02,0.0,0
6882,2025-12-08,Lagos Mainland,Lagos,Rep 07,57306.58,1
6883,2025-12-08,Lekki-Ajah,Lagos,Rep 19,0.0,0
6884,2025-12-08,Lekki-Ajah,Lagos,Rep 21,132278.38,1
6885,2025-12-08,Lekki-Ajah,Lagos,Rep 01,0.0,0
6886,2025-12-08,Lekki-Ajah,Lagos,Rep 02,89603.57,1
6887,2025-12-08,Lekki-Ajah,Lagos,Rep 10,0.0,0
6888,2025-12-08,Abeokuta,Ogun,Rep 03,0.0,0
6889,2025-12-08,Abeokuta,Ogun,Rep 10,0.0,0
6890,2025-12-08,Abeokuta,Ogun,Rep 01,131647.5,1
6891,2025-12-08,Abeokuta,Ogun,Rep 21,0.0,0
6892,2025-12-08,Abeokuta,Ogun,Rep 10,57524.56,1
6893,2025-12-08,Ibadan North,Oyo,Rep 17,0.0,0
6894,2025-12-08,Ibadan North,Oyo,Rep 04,0.0,0
6895,2025-12-08,Ibadan North,Oyo,Rep 19,0.0,0
6896,2025-12-08,Ibadan North,Oyo,Rep 01,117766.67,1
6897,2025-12-09,Lagos Mainland,Lagos,Rep 06,165082.51,1
6898,2025-12-09,Lagos Mainland,Lagos,Rep 04,0.0,0
6899,2025-12-09,Lagos Mainland,Lagos,Rep 09,0.0,0
6900,2025-12-09,Lagos Mainland,Lagos,Rep 08,0.0,0
6901,2025-12-09,Lagos Mainland,Lagos,Rep 02,0.0,0
6902,2025-12-09,Lagos Mainland,Lagos,Rep 06,70203.51,1
6903,2025-12-09,Lagos Mainland,Lagos,Rep 19,81384.69,1
6904,2025-12-09,Lagos Mainland,Lagos,Rep 18,0.0,0
6905,2025-12-09,Lekki-Ajah,Lagos,Rep 18,130174.55,1
6906,2025-12-09,Lekki-Ajah,Lagos,Rep 20,116084.25,1
6907,2025-12-09,Lekki-Ajah,Lagos,Rep 16,0.0,0
6908,2025-12-09,Lekki-Ajah,Lagos,Rep 11,53298.37,1
6909,2025-12-09,Lekki-Ajah,Lagos,Rep 18,0.0,0
6910,2025-12-09,Ibadan North,Oyo,Rep 17,0.0,0
6911,2025-12-09,Ibadan North,Oyo,Rep 17,0.0,0
6912,2025-12-09,Ibadan North,Oyo,Rep 16,118268.09,1
6913,2025-12-10,Lagos Island,Lagos,Rep 13,0.0,0
6914,2025-12-10,Lagos Island,Lagos,Rep 13,158178.95,1
6915,2025-12-10,Lagos Island,Lagos,Rep 22,0.0,0
6916,2025-12-10,Lagos Island,Lagos,Rep 10,111058.77,1
6917,2025-12-10,Lagos Island,Lagos,Rep 14,253397.8,1
6918,2025-12-10,Lagos Island,Lagos,Rep 08,93257.58,1
6919,2025-12-10,Lagos Island,Lagos,Rep 03,0.0,0
6920,2025-12-10,Lagos Island,Lagos,Rep 17,0.0,0
6921,2025-12-10,Lagos Island,Lagos,Rep 16,0.0,0
6922,2025-12-10,Lekki-Ajah,Lagos,Rep 13,0.0,0
6923,2025-12-10,Lekki-Ajah,Lagos,Rep 22,0.0,0
6924,2025-12-10,Lekki-Ajah,Lagos,Rep 22,0.0,0
6925,2025-12-10,Lekki-Ajah,Lagos,Rep 07,0.0,0
6926,2025-12-10,Sagamu,Ogun,Rep 03,0.0,0
6927,2025-12-10,Ibadan South,Oyo,Rep 09,237893.73,1
6928,2025-12-10,Ibadan South,Oyo,Rep 17,0.0,0
6929,2025-12-10,Ibadan South,Oyo,Rep 19,161311.77,1
6930,2025-12-10,Ogbomosho,Oyo,Rep 19,0.0,0
6931,2025-12-11,Lagos Mainland,Lagos,Rep 07,0.0,0
6932,2025-12-11,Lagos Mainland,Lagos,Rep 10,76220.66,1
6933,2025-12-11,Lagos Mainland,Lagos,Rep 07,54023.35,1
6934,2025-12-11,Lagos Mainland,Lagos,Rep 08,0.0,0
6935,2025-12-11,Lagos Mainland,Lagos,Rep 03,190041.79,1
6936,2025-12-11,Lagos Mainland,Lagos,Rep 05,0.0,0
6937,2025-12-11,Lagos Mainland,Lagos,Rep 05,166832.76,1
6938,2025-12-11,Lagos Mainland,Lagos,Rep 16,0.0,0
6939,2025-12-11,Lagos Mainland,Lagos,Rep 08,0.0,0
6940,2025-12-11,Lagos Mainland,Lagos,Rep 15,0.0,0
6941,2025-12-11,Lagos Island,Lagos,Rep 20,0.0,0
6942,2025-12-11,Lagos Island,Lagos,Rep 02,63276.67,1
6943,2025-12-11,Lagos Island,Lagos,Rep 02,0.0,0
6944,2025-12-11,Abeokuta,Ogun,Rep 05,0.0,0
6945,2025-12-11,Abeokuta,Ogun,Rep 12,164966.56,1
6946,2025-12-11,Abeokuta,Ogun,Rep 01,0.0,0
6947,2025-12-11,Abeokuta,Ogun,Rep 04,567307.47,1
6948,2025-12-11,Abeokuta,Ogun,Rep 11,0.0,0
6949,2025-12-11,Ibadan South,Oyo,Rep 01,0.0,0
6950,2025-12-11,Ibadan South,Oyo,Rep 21,388528.96,1
6951,2025-12-11,Ibadan South,Oyo,Rep 10,0.0,0
6952,2025-12-11,Ibadan South,Oyo,Rep 03,52020.9,1
6953,2025-12-12,Lagos Island,Lagos,Rep 02,0.0,0
6954,2025-12-12,Lagos Island,Lagos,Rep 12,0.0,0
6955,2025-12-12,Lagos Island,Lagos,Rep 19,191473.74,1
6956,2025-12-12,Lagos Island,Lagos,Rep 02,0.0,0
6957,2025-12-12,Lagos Island,Lagos,Rep 01,0.0,0
6958,2025-12-12,Lagos Island,Lagos,Rep 12,0.0,0
6959,2025-12-12,Lagos Island,Lagos,Rep 02,0.0,0
6960,2025-12-12,Lekki-Ajah,Lagos,Rep 21,0.0,0
6961,2025-12-12,Lekki-Ajah,Lagos,Rep 16,0.0,0
6962,2025-12-12,Lekki-Ajah,Lagos,Rep 19,0.0,0
6963,2025-12-12,Lekki-Ajah,Lagos,Rep 10,0.0,0
6964,2025-12-12,Abeokuta,Ogun,Rep 19,0.0,0
6965,2025-12-12,Abeokuta,Ogun,Rep 15,0.0,0
6966,2025-12-12,Abeokuta,Ogun,Rep 09,0.0,0
6967,2025-12-12,Abeokuta,Ogun,Rep 12,0.0,0
6968,2025-12-12,Abeokuta,Ogun,Rep 11,238244.87,1
6969,2025-12-12,Abeokuta,Ogun,Rep 02,0.0,0
6970,2025-12-12,Sagamu,Ogun,Rep 19,0.0,0
6971,2025-12-12,Ibadan North,Oyo,Rep 01,166164.0,1
6972,2025-12-12,Ibadan North,Oyo,Rep 01,109603.25,1
6973,2025-12-12,Ibadan North,Oyo,Rep 01,0.0,0
6974,2025-12-12,Ibadan North,Oyo,Rep 14,0.0,0
6975,2025-12-12,Ibadan North,Oyo,Rep 01,0.0,0
6976,2025-12-12,Ibadan North,Oyo,Rep 22,0.0,0
6977,2025-12-12,Ibadan North,Oyo,Rep 05,36858.03,1
6978,2025-12-13,Lagos Island,Lagos,Rep 03,65572.16,1
6979,2025-12-13,Lagos Island,Lagos,Rep 08,0.0,0
6980,2025-12-13,Lagos Island,Lagos,Rep 06,0.0,0
6981,2025-12-13,Lagos Island,Lagos,Rep 03,0.0,0
6982,2025-12-13,Lagos Island,Lagos,Rep 01,0.0,0
6983,2025-12-13,Lagos Island,Lagos,Rep 18,0.0,0
6984,2025-12-13,Lagos Island,Lagos,Rep 21,88206.26,1
6985,2025-12-13,Lekki-Ajah,Lagos,Rep 03,55076.3,1
6986,2025-12-13,Lekki-Ajah,Lagos,Rep 12,0.0,0
6987,2025-12-13,Lekki-Ajah,Lagos,Rep 11,373481.97,1
6988,2025-12-13,Lekki-Ajah,Lagos,Rep 09,131911.27,1
6989,2025-12-13,Lekki-Ajah,Lagos,Rep 09,274120.95,1
6990,2025-12-13,Lekki-Ajah,Lagos,Rep 11,127948.64,1
6991,2025-12-13,Lekki-Ajah,Lagos,Rep 19,129754.04,1
6992,2025-12-13,Lekki-Ajah,Lagos,Rep 22,112404.93,1
6993,2025-12-13,Lekki-Ajah,Lagos,Rep 09,0.0,0
6994,2025-12-13,Lekki-Ajah,Lagos,Rep 13,0.0,0
6995,2025-12-13,Ibadan North,Oyo,Rep 22,158500.38,1
6996,2025-12-13,Ibadan North,Oyo,Rep 17,0.0,0
6997,2025-12-13,Ibadan North,Oyo,Rep 21,262538.96,1
6998,2025-12-13,Ibadan North,Oyo,Rep 22,78244.2,1
6999,2025-12-13,Ibadan South,Oyo,Rep 03,0.0,0
7000,2025-12-13,Ibadan South,Oyo,Rep 11,0.0,0
7001,2025-12-14,Lagos Mainland,Lagos,Rep 11,0.0,0
7002,2025-12-14,Lagos Mainland,Lagos,Rep 22,0.0,0
7003,2025-12-14,Lagos Mainland,Lagos,Rep 02,213171.66,1
7004,2025-12-14,Lagos Mainland,Lagos,Rep 09,0.0,0
7005,2025-12-14,Lagos Mainland,Lagos,Rep 03,0.0,0
7006,2025-12-14,Lagos Mainland,Lagos,Rep 07,0.0,0
7007,2025-12-14,Lagos Mainland,Lagos,Rep 12,152751.84,1
7008,2025-12-14,Lagos Mainland,Lagos,Rep 05,159353.65,1
7009,2025-12-14,Lagos Mainland,Lagos,Rep 15,0.0,0
7010,2025-12-14,Abeokuta,Ogun,Rep 20,0.0,0
7011,2025-12-14,Abeokuta,Ogun,Rep 02,151467.89,1
7012,2025-12-14,Abeokuta,Ogun,Rep 17,0.0,0
7013,2025-12-14,Abeokuta,Ogun,Rep 15,152922.52,1
7014,2025-12-14,Abeokuta,Ogun,Rep 14,0.0,0
7015,2025-12-14,Ibadan North,Oyo,Rep 17,0.0,0
7016,2025-12-14,Ibadan North,Oyo,Rep 14,168923.15,1
7017,2025-12-14,Ibadan North,Oyo,Rep 20,0.0,0
7018,2025-12-14,Ibadan North,Oyo,Rep 18,80328.51,1
7019,2025-12-14,Ibadan South,Oyo,Rep 09,245894.85,1
7020,2025-12-15,Lagos Mainland,Lagos,Rep 01,112252.27,1
7021,2025-12-15,Lagos Mainland,Lagos,Rep 09,0.0,0
7022,2025-12-15,Lagos Mainland,Lagos,Rep 02,0.0,0
7023,2025-12-15,Lagos Mainland,Lagos,Rep 03,0.0,0
7024,2025-12-15,Lagos Mainland,Lagos,Rep 06,54730.36,1
7025,2025-12-15,Lagos Island,Lagos,Rep 17,0.0,0
7026,2025-12-15,Lagos Island,Lagos,Rep 11,55761.76,1
7027,2025-12-15,Lagos Island,Lagos,Rep 06,0.0,0
7028,2025-12-15,Lekki-Ajah,Lagos,Rep 12,0.0,0
7029,2025-12-15,Lekki-Ajah,Lagos,Rep 13,94233.52,1
7030,2025-12-15,Lekki-Ajah,Lagos,Rep 16,0.0,0
7031,2025-12-15,Lekki-Ajah,Lagos,Rep 17,0.0,0
7032,2025-12-15,Lekki-Ajah,Lagos,Rep 10,57966.29,1
7033,2025-12-15,Lekki-Ajah,Lagos,Rep 22,88487.69,1
7034,2025-12-15,Lekki-Ajah,Lagos,Rep 14,0.0,0
7035,2025-12-15,Lekki-Ajah,Lagos,Rep 02,0.0,0
7036,2025-12-15,Lekki-Ajah,Lagos,Rep 05,110301.21,1
7037,2025-12-15,Lekki-Ajah,Lagos,Rep 03,126822.92,1
7038,2025-12-15,Lekki-Ajah,Lagos,Rep 09,0.0,0
7039,2025-12-15,Ibadan North,Oyo,Rep 08,67513.08,1
7040,2025-12-16,Lagos Mainland,Lagos,Rep 04,0.0,0
7041,2025-12-16,Lagos Mainland,Lagos,Rep 03,0.0,0
7042,2025-12-16,Lagos Mainland,Lagos,Rep 16,190467.86,1
7043,2025-12-16,Lagos Mainland,Lagos,Rep 05,0.0,0
7044,2025-12-16,Lagos Mainland,Lagos,Rep 21,254713.11,1
7045,2025-12-16,Lagos Mainland,Lagos,Rep 08,200476.36,1
7046,2025-12-16,Lagos Mainland,Lagos,Rep 08,86139.33,1
7047,2025-12-16,Abeokuta,Ogun,Rep 19,0.0,0
7048,2025-12-16,Abeokuta,Ogun,Rep 05,0.0,0
7049,2025-12-16,Abeokuta,Ogun,Rep 11,0.0,0
7050,2025-12-16,Ibadan South,Oyo,Rep 07,125596.07,1
7051,2025-12-16,Ibadan South,Oyo,Rep 16,26554.08,1
7052,2025-12-16,Ibadan South,Oyo,Rep 15,0.0,0
7053,2025-12-16,Ibadan South,Oyo,Rep 19,0.0,0
7054,2025-12-16,Ibadan South,Oyo,Rep 04,0.0,0
7055,2025-12-16,Ogbomosho,Oyo,Rep 22,0.0,0
7056,2025-12-17,Lagos Island,Lagos,Rep 21,0.0,0
7057,2025-12-17,Ibadan North,Oyo,Rep 11,0.0,0
7058,2025-12-17,Ibadan North,Oyo,Rep 15,95614.9,1
7059,2025-12-17,Ibadan North,Oyo,Rep 03,0.0,0
7060,2025-12-17,Ibadan North,Oyo,Rep 07,0.0,0
7061,2025-12-17,Ibadan North,Oyo,Rep 12,0.0,0
7062,2025-12-17,Ogbomosho,Oyo,Rep 15,0.0,0
7063,2025-12-18,Lagos Mainland,Lagos,Rep 15,0.0,0
7064,2025-12-18,Lagos Mainland,Lagos,Rep 03,161107.59,1
7065,2025-12-18,Lagos Mainland,Lagos,Rep 11,75272.45,1
7066,2025-12-18,Lagos Mainland,Lagos,Rep 06,99189.54,1
7067,2025-12-18,Lagos Mainland,Lagos,Rep 18,0.0,0
7068,2025-12-18,Lagos Island,Lagos,Rep 08,0.0,0
7069,2025-12-18,Lagos Island,Lagos,Rep 05,0.0,0
7070,2025-12-18,Lagos Island,Lagos,Rep 20,0.0,0
7071,2025-12-18,Lagos Island,Lagos,Rep 17,220045.31,1
7072,2025-12-18,Lagos Island,Lagos,Rep 05,49891.64,1
7073,2025-12-18,Lekki-Ajah,Lagos,Rep 16,0.0,0
7074,2025-12-18,Lekki-Ajah,Lagos,Rep 11,0.0,0
7075,2025-12-18,Lekki-Ajah,Lagos,Rep 10,0.0,0
7076,2025-12-18,Lekki-Ajah,Lagos,Rep 13,120739.17,1
7077,2025-12-18,Lekki-Ajah,Lagos,Rep 14,0.0,0
7078,2025-12-18,Lekki-Ajah,Lagos,Rep 10,0.0,0
7079,2025-12-18,Lekki-Ajah,Lagos,Rep 04,0.0,0
7080,2025-12-18,Abeokuta,Ogun,Rep 22,0.0,0
7081,2025-12-18,Abeokuta,Ogun,Rep 12,0.0,0
7082,2025-12-18,Ibadan North,Oyo,Rep 04,0.0,0
7083,2025-12-18,Ibadan North,Oyo,Rep 17,0.0,0
7084,2025-12-18,Ibadan North,Oyo,Rep 20,153276.3,1
7085,2025-12-18,Ibadan North,Oyo,Rep 17,0.0,0
7086,2025-12-18,Ibadan North,Oyo,Rep 20,87506.77,1
7087,2025-12-18,Ibadan North,Oyo,Rep 21,162154.74,1
7088,2025-12-18,Ibadan North,Oyo,Rep 09,0.0,0
7089,2025-12-18,Ibadan North,Oyo,Rep 08,0.0,0
7090,2025-12-18,Ibadan North,Oyo,Rep 01,0.0,0
7091,2025-12-19,Lagos Mainland,Lagos,Rep 11,0.0,0
7092,2025-12-19,Lagos Mainland,Lagos,Rep 12,84621.83,1
7093,2025-12-19,Lagos Mainland,Lagos,Rep 02,0.0,0
7094,2025-12-19,Lagos Mainland,Lagos,Rep 06,146635.0,1
7095,2025-12-19,Lagos Mainland,Lagos,Rep 09,0.0,0
7096,2025-12-19,Lagos Mainland,Lagos,Rep 04,0.0,0
7097,2025-12-19,Lagos Mainland,Lagos,Rep 20,0.0,0
7098,2025-12-19,Lagos Mainland,Lagos,Rep 09,0.0,0
7099,2025-12-19,Lagos Mainland,Lagos,Rep 10,0.0,0
7100,2025-12-19,Lagos Island,Lagos,Rep 06,0.0,0
7101,2025-12-19,Lagos Island,Lagos,Rep 17,0.0,0
7102,2025-12-19,Lagos Island,Lagos,Rep 02,0.0,0
7103,2025-12-19,Lagos Island,Lagos,Rep 16,46854.6,1
7104,2025-12-19,Lagos Island,Lagos,Rep 10,0.0,0
7105,2025-12-19,Lagos Island,Lagos,Rep 17,0.0,0
7106,2025-12-19,Lagos Island,Lagos,Rep 06,0.0,0
7107,2025-12-19,Lagos Island,Lagos,Rep 04,232884.41,1
7108,2025-12-19,Lagos Island,Lagos,Rep 04,0.0,0
7109,2025-12-19,Abeokuta,Ogun,Rep 01,0.0,0
7110,2025-12-19,Abeokuta,Ogun,Rep 06,156596.67,1
7111,2025-12-19,Abeokuta,Ogun,Rep 07,72710.16,1
7112,2025-12-19,Abeokuta,Ogun,Rep 06,0.0,0
7113,2025-12-19,Ibadan South,Oyo,Rep 06,0.0,0
7114,2025-12-19,Ibadan South,Oyo,Rep 09,0.0,0
7115,2025-12-19,Ibadan South,Oyo,Rep 18,0.0,0
7116,2025-12-19,Ibadan South,Oyo,Rep 17,127686.03,1
7117,2025-12-19,Ibadan South,Oyo,Rep 15,0.0,0
7118,2025-12-20,Lagos Mainland,Lagos,Rep 02,57700.64,1
7119,2025-12-20,Lagos Mainland,Lagos,Rep 07,0.0,0
7120,2025-12-20,Lagos Mainland,Lagos,Rep 10,0.0,0
7121,2025-12-20,Lagos Mainland,Lagos,Rep 04,372608.03,1
7122,2025-12-20,Lagos Mainland,Lagos,Rep 17,0.0,0
7123,2025-12-20,Lagos Mainland,Lagos,Rep 16,0.0,0
7124,2025-12-20,Lagos Island,Lagos,Rep 16,152913.82,1
7125,2025-12-20,Lagos Island,Lagos,Rep 03,150859.22,1
7126,2025-12-20,Lagos Island,Lagos,Rep 20,0.0,0
7127,2025-12-20,Lagos Island,Lagos,Rep 16,0.0,0
7128,2025-12-20,Lagos Island,Lagos,Rep 03,0.0,0
7129,2025-12-20,Lagos Island,Lagos,Rep 22,0.0,0
7130,2025-12-20,Lagos Island,Lagos,Rep 18,0.0,0
7131,2025-12-20,Lagos Island,Lagos,Rep 17,0.0,0
7132,2025-12-20,Lagos Island,Lagos,Rep 06,0.0,0
7133,2025-12-20,Lagos Island,Lagos,Rep 09,0.0,0
7134,2025-12-20,Lekki-Ajah,Lagos,Rep 21,0.0,0
7135,2025-12-20,Lekki-Ajah,Lagos,Rep 16,0.0,0
7136,2025-12-20,Lekki-Ajah,Lagos,Rep 01,0.0,0
7137,2025-12-20,Lekki-Ajah,Lagos,Rep 09,0.0,0
7138,2025-12-20,Lekki-Ajah,Lagos,Rep 04,76543.39,1
7139,2025-12-20,Lekki-Ajah,Lagos,Rep 16,0.0,0
7140,2025-12-20,Lekki-Ajah,Lagos,Rep 11,0.0,0
7141,2025-12-20,Ibadan South,Oyo,Rep 05,0.0,0
7142,2025-12-20,Ibadan South,Oyo,Rep 08,39070.01,1
7143,2025-12-20,Ibadan South,Oyo,Rep 14,0.0,0
7144,2025-12-20,Ibadan South,Oyo,Rep 05,0.0,0
7145,2025-12-20,Ibadan South,Oyo,Rep 02,0.0,0
7146,2025-12-21,Lagos Mainland,Lagos,Rep 04,0.0,0
7147,2025-12-21,Lagos Mainland,Lagos,Rep 21,0.0,0
7148,2025-12-21,Lagos Mainland,Lagos,Rep 02,0.0,0
7149,2025-12-21,Lagos Mainland,Lagos,Rep 07,182649.32,1
7150,2025-12-21,Lagos Mainland,Lagos,Rep 17,145389.37,1
7151,2025-12-21,Lagos Mainland,Lagos,Rep 19,0.0,0
7152,2025-12-21,Lagos Mainland,Lagos,Rep 03,0.0,0
7153,2025-12-21,Lagos Mainland,Lagos,Rep 10,0.0,0
7154,2025-12-21,Lagos Island,Lagos,Rep 21,0.0,0
7155,2025-12-21,Lagos Island,Lagos,Rep 04,82266.71,1
7156,2025-12-21,Lagos Island,Lagos,Rep 02,0.0,0
7157,2025-12-21,Lagos Island,Lagos,Rep 22,0.0,0
7158,2025-12-21,Lagos Island,Lagos,Rep 17,93614.47,1
7159,2025-12-21,Abeokuta,Ogun,Rep 09,147811.29,1
7160,2025-12-21,Abeokuta,Ogun,Rep 11,0.0,0
7161,2025-12-21,Abeokuta,Ogun,Rep 18,0.0,0
7162,2025-12-21,Abeokuta,Ogun,Rep 01,24140.06,1
7163,2025-12-21,Abeokuta,Ogun,Rep 12,0.0,0
7164,2025-12-21,Ibadan South,Oyo,Rep 18,130440.81,1
7165,2025-12-21,Ibadan South,Oyo,Rep 04,0.0,0
7166,2025-12-21,Ibadan South,Oyo,Rep 07,257139.44,1
7167,2025-12-21,Ibadan South,Oyo,Rep 03,0.0,0
7168,2025-12-22,Lagos Mainland,Lagos,Rep 21,0.0,0
7169,2025-12-22,Lagos Mainland,Lagos,Rep 13,0.0,0
7170,2025-12-22,Lagos Mainland,Lagos,Rep 14,166684.71,1
7171,2025-12-22,Lagos Mainland,Lagos,Rep 20,0.0,0
7172,2025-12-22,Lagos Mainland,Lagos,Rep 22,0.0,0
7173,2025-12-22,Lagos Mainland,Lagos,Rep 04,0.0,0
7174,2025-12-22,Lagos Mainland,Lagos,Rep 15,0.0,0
7175,2025-12-22,Lagos Mainland,Lagos,Rep 09,0.0,0
7176,2025-12-22,Lagos Mainland,Lagos,Rep 10,353385.88,1
7177,2025-12-22,Lagos Mainland,Lagos,Rep 11,0.0,0
7178,2025-12-22,Lekki-Ajah,Lagos,Rep 05,0.0,0
7179,2025-12-22,Lekki-Ajah,Lagos,Rep 01,0.0,0
7180,2025-12-22,Lekki-Ajah,Lagos,Rep 01,280687.16,1
7181,2025-12-22,Lekki-Ajah,Lagos,Rep 06,0.0,0
7182,2025-12-22,Lekki-Ajah,Lagos,Rep 16,0.0,0
7183,2025-12-22,Lekki-Ajah,Lagos,Rep 08,115972.43,1
7184,2025-12-22,Lekki-Ajah,Lagos,Rep 21,0.0,0
7185,2025-12-22,Lekki-Ajah,Lagos,Rep 17,0.0,0
7186,2025-12-22,Sagamu,Ogun,Rep 16,199913.23,1
7187,2025-12-22,Sagamu,Ogun,Rep 18,122210.36,1
7188,2025-12-22,Sagamu,Ogun,Rep 12,0.0,0
7189,2025-12-23,Lagos Mainland,Lagos,Rep 03,0.0,0
7190,2025-12-23,Lagos Mainland,Lagos,Rep 19,0.0,0
7191,2025-12-23,Lagos Mainland,Lagos,Rep 21,89409.41,1
7192,2025-12-23,Lagos Mainland,Lagos,Rep 06,0.0,0
7193,2025-12-23,Lagos Mainland,Lagos,Rep 08,0.0,0
7194,2025-12-23,Lagos Mainland,Lagos,Rep 17,0.0,0
7195,2025-12-23,Lagos Mainland,Lagos,Rep 18,0.0,0
7196,2025-12-23,Lagos Mainland,Lagos,Rep 07,0.0,0
7197,2025-12-23,Lagos Island,Lagos,Rep 09,0.0,0
7198,2025-12-23,Lagos Island,Lagos,Rep 18,78000.9,1
7199,2025-12-23,Lagos Island,Lagos,Rep 13,166177.3,1
7200,2025-12-23,Lagos Island,Lagos,Rep 14,0.0,0
7201,2025-12-23,Lagos Island,Lagos,Rep 19,125560.12,1
7202,2025-12-23,Lekki-Ajah,Lagos,Rep 21,72688.21,1
7203,2025-12-23,Lekki-Ajah,Lagos,Rep 08,102810.86,1
7204,2025-12-23,Abeokuta,Ogun,Rep 07,0.0,0
7205,2025-12-23,Abeokuta,Ogun,Rep 18,196035.47,1
7206,2025-12-23,Ibadan North,Oyo,Rep 16,0.0,0
7207,2025-12-23,Ibadan North,Oyo,Rep 17,0.0,0
7208,2025-12-23,Ibadan North,Oyo,Rep 05,0.0,0
7209,2025-12-23,Ibadan North,Oyo,Rep 01,125813.48,1
7210,2025-12-23,Ibadan North,Oyo,Rep 21,0.0,0
7211,2025-12-23,Ibadan North,Oyo,Rep 17,78365.85,1
7212,2025-12-23,Ibadan South,Oyo,Rep 15,0.0,0
7213,2025-12-23,Ibadan South,Oyo,Rep 01,0.0,0
7214,2025-12-24,Lagos Mainland,Lagos,Rep 05,60384.97,1
7215,2025-12-24,Lagos Mainland,Lagos,Rep 02,133702.91,1
7216,2025-12-24,Lagos Mainland,Lagos,Rep 05,243930.58,1
7217,2025-12-24,Lagos Mainland,Lagos,Rep 10,248306.58,1
7218,2025-12-24,Lagos Mainland,Lagos,Rep 06,0.0,0
7219,2025-12-24,Lagos Mainland,Lagos,Rep 13,47654.97,1
7220,2025-12-24,Lagos Mainland,Lagos,Rep 17,141166.26,1
7221,2025-12-24,Lagos Mainland,Lagos,Rep 03,0.0,0
7222,2025-12-24,Lagos Mainland,Lagos,Rep 07,0.0,0
7223,2025-12-24,Lagos Mainland,Lagos,Rep 22,0.0,0
7224,2025-12-24,Lekki-Ajah,Lagos,Rep 03,0.0,0
7225,2025-12-24,Lekki-Ajah,Lagos,Rep 05,0.0,0
7226,2025-12-24,Lekki-Ajah,Lagos,Rep 17,85723.73,1
7227,2025-12-24,Lekki-Ajah,Lagos,Rep 19,0.0,0
7228,2025-12-24,Lekki-Ajah,Lagos,Rep 11,432747.62,1
7229,2025-12-24,Lekki-Ajah,Lagos,Rep 16,41839.8,1
7230,2025-12-24,Lekki-Ajah,Lagos,Rep 09,0.0,0
7231,2025-12-24,Lekki-Ajah,Lagos,Rep 20,0.0,0
7232,2025-12-24,Lekki-Ajah,Lagos,Rep 14,0.0,0
7233,2025-12-24,Lekki-Ajah,Lagos,Rep 21,0.0,0
7234,2025-12-24,Abeokuta,Ogun,Rep 12,120464.7,1
7235,2025-12-24,Abeokuta,Ogun,Rep 07,0.0,0
7236,2025-12-24,Abeokuta,Ogun,Rep 09,0.0,0
7237,2025-12-24,Abeokuta,Ogun,Rep 21,0.0,0
7238,2025-12-24,Abeokuta,Ogun,Rep 16,0.0,0
7239,2025-12-24,Sagamu,Ogun,Rep 07,0.0,0
7240,2025-12-24,Sagamu,Ogun,Rep 14,0.0,0
7241,2025-12-24,Sagamu,Ogun,Rep 17,0.0,0
7242,2025-12-24,Sagamu,Ogun,Rep 18,0.0,0
7243,2025-12-24,Ogbomosho,Oyo,Rep 22,112775.78,1
7244,2025-12-25,Lagos Island,Lagos,Rep 10,68520.01,1
7245,2025-12-25,Lagos Island,Lagos,Rep 16,0.0,0
7246,2025-12-25,Lagos Island,Lagos,Rep 01,0.0,0
7247,2025-12-25,Lagos Island,Lagos,Rep 21,26119.75,1
7248,2025-12-25,Lagos Island,Lagos,Rep 14,295204.83,1
7249,2025-12-25,Lagos Island,Lagos,Rep 22,0.0,0
7250,2025-12-25,Lekki-Ajah,Lagos,Rep 19,247828.01,1
7251,2025-12-25,Lekki-Ajah,Lagos,Rep 15,0.0,0
7252,2025-12-25,Lekki-Ajah,Lagos,Rep 11,152174.29,1
7253,2025-12-25,Abeokuta,Ogun,Rep 03,0.0,0
7254,2025-12-25,Abeokuta,Ogun,Rep 18,0.0,0
7255,2025-12-25,Abeokuta,Ogun,Rep 04,219497.73,1
7256,2025-12-25,Ibadan North,Oyo,Rep 21,175729.97,1
7257,2025-12-25,Ibadan North,Oyo,Rep 04,0.0,0
7258,2025-12-25,Ibadan North,Oyo,Rep 03,0.0,0
7259,2025-12-26,Lagos Mainland,Lagos,Rep 17,0.0,0
7260,2025-12-26,Lagos Mainland,Lagos,Rep 05,0.0,0
7261,2025-12-26,Lagos Mainland,Lagos,Rep 04,91433.55,1
7262,2025-12-26,Lagos Mainland,Lagos,Rep 13,91532.29,1
7263,2025-12-26,Lagos Mainland,Lagos,Rep 17,135120.38,1
7264,2025-12-26,Lagos Mainland,Lagos,Rep 01,0.0,0
7265,2025-12-26,Lagos Mainland,Lagos,Rep 03,373877.0,1
7266,2025-12-26,Lagos Mainland,Lagos,Rep 15,241749.45,1
7267,2025-12-26,Lagos Mainland,Lagos,Rep 10,0.0,0
7268,2025-12-26,Lagos Island,Lagos,Rep 20,0.0,0
7269,2025-12-26,Lagos Island,Lagos,Rep 09,0.0,0
7270,2025-12-26,Lagos Island,Lagos,Rep 13,0.0,0
7271,2025-12-26,Lagos Island,Lagos,Rep 03,111819.58,1
7272,2025-12-26,Lagos Island,Lagos,Rep 21,0.0,0
7273,2025-12-26,Lekki-Ajah,Lagos,Rep 21,0.0,0
7274,2025-12-26,Lekki-Ajah,Lagos,Rep 02,290098.4,1
7275,2025-12-26,Lekki-Ajah,Lagos,Rep 13,99089.42,1
7276,2025-12-26,Lekki-Ajah,Lagos,Rep 03,218758.09,1
7277,2025-12-26,Lekki-Ajah,Lagos,Rep 07,79169.74,1
7278,2025-12-26,Ibadan North,Oyo,Rep 13,0.0,0
7279,2025-12-26,Ibadan North,Oyo,Rep 12,0.0,0
7280,2025-12-26,Ibadan North,Oyo,Rep 08,0.0,0
7281,2025-12-26,Ibadan North,Oyo,Rep 06,184148.53,1
7282,2025-12-27,Ibadan South,Oyo,Rep 22,233435.93,1
7283,2025-12-27,Ibadan South,Oyo,Rep 13,199088.09,1
7284,2025-12-27,Ibadan South,Oyo,Rep 10,0.0,0
7285,2025-12-27,Ogbomosho,Oyo,Rep 21,0.0,0
7286,2025-12-28,Lagos Mainland,Lagos,Rep 18,0.0,0
7287,2025-12-28,Lagos Mainland,Lagos,Rep 13,0.0,0
7288,2025-12-28,Lagos Mainland,Lagos,Rep 06,74515.5,1
7289,2025-12-28,Lagos Mainland,Lagos,Rep 20,0.0,0
7290,2025-12-28,Lagos Mainland,Lagos,Rep 09,0.0,0
7291,2025-12-28,Lagos Mainland,Lagos,Rep 09,236102.02,1
7292,2025-12-28,Lagos Mainland,Lagos,Rep 01,156202.09,1
7293,2025-12-28,Lagos Mainland,Lagos,Rep 21,0.0,0
7294,2025-12-28,Lagos Mainland,Lagos,Rep 09,0.0,0
7295,2025-12-29,Lagos Mainland,Lagos,Rep 15,0.0,0
7296,2025-12-29,Lagos Mainland,Lagos,Rep 16,0.0,0
7297,2025-12-29,Lagos Mainland,Lagos,Rep 21,0.0,0
7298,2025-12-29,Lagos Mainland,Lagos,Rep 03,0.0,0
7299,2025-12-29,Lagos Mainland,Lagos,Rep 02,0.0,0
7300,2025-12-29,Lagos Mainland,Lagos,Rep 08,0.0,0
7301,2025-12-29,Lagos Mainland,Lagos,Rep 22,49777.5,1
7302,2025-12-29,Lagos Mainland,Lagos,Rep 19,77714.43,1
7303,2025-12-29,Lagos Island,Lagos,Rep 04,32617.8,1
7304,2025-12-29,Lagos Island,Lagos,Rep 08,0.0,0
7305,2025-12-29,Lagos Island,Lagos,Rep 21,0.0,0
7306,2025-12-29,Lagos Island,Lagos,Rep 08,0.0,0
7307,2025-12-29,Lagos Island,Lagos,Rep 09,68030.24,1
7308,2025-12-29,Lagos Island,Lagos,Rep 19,0.0,0
7309,2025-12-29,Lagos Island,Lagos,Rep 20,138152.53,1
7310,2025-12-29,Lagos Island,Lagos,Rep 04,78662.0,1
7311,2025-12-29,Lekki-Ajah,Lagos,Rep 17,0.0,0
7312,2025-12-29,Lekki-Ajah,Lagos,Rep 14,372653.34,1
7313,2025-12-29,Lekki-Ajah,Lagos,Rep 03,118654.55,1
7314,2025-12-29,Lekki-Ajah,Lagos,Rep 22,0.0,0
7315,2025-12-29,Lekki-Ajah,Lagos,Rep 03,137147.2,1
7316,2025-12-29,Abeokuta,Ogun,Rep 02,206264.7,1
7317,2025-12-29,Abeokuta,Ogun,Rep 10,56410.89,1
7318,2025-12-29,Sagamu,Ogun,Rep 12,0.0,0
7319,2025-12-29,Ibadan North,Oyo,Rep 14,0.0,0
7320,2025-12-29,Ibadan North,Oyo,Rep 14,0.0,0
7321,2025-12-29,Ibadan North,Oyo,Rep 06,197111.64,1
7322,2025-12-29,Ibadan North,Oyo,Rep 04,210119.14,1
7323,2025-12-29,Ibadan South,Oyo,Rep 12,0.0,0
7324,2025-12-29,Ibadan South,Oyo,Rep 19,0.0,0
7325,2025-12-29,Ibadan South,Oyo,Rep 17,0.0,0
7326,2025-12-29,Ibadan South,Oyo,Rep 19,0.0,0
7327,2025-12-29,Ibadan South,Oyo,Rep 15,228451.81,1
7328,2025-12-29,Ibadan South,Oyo,Rep 05,0.0,0
7329,2025-12-29,Ibadan South,Oyo,Rep 14,0.0,0
7330,2025-12-30,Lagos Mainland,Lagos,Rep 10,25037.32,1
7331,2025-12-30,Lagos Mainland,Lagos,Rep 09,193775.91,1
7332,2025-12-30,Lagos Mainland,Lagos,Rep 18,160625.22,1
7333,2025-12-30,Lagos Mainland,Lagos,Rep 18,0.0,0
7334,2025-12-30,Lagos Mainland,Lagos,Rep 04,165417.31,1
7335,2025-12-30,Lagos Mainland,Lagos,Rep 21,0.0,0
7336,2025-12-30,Lagos Mainland,Lagos,Rep 17,0.0,0
7337,2025-12-30,Lagos Mainland,Lagos,Rep 16,0.0,0
7338,2025-12-30,Lagos Mainland,Lagos,Rep 10,120875.78,1
7339,2025-12-30,Lagos Mainland,Lagos,Rep 20,159846.16,1
7340,2025-12-30,Lagos Island,Lagos,Rep 14,0.0,0
7341,2025-12-30,Lagos Island,Lagos,Rep 15,0.0,0
7342,2025-12-30,Lagos Island,Lagos,Rep 19,0.0,0
7343,2025-12-30,Lekki-Ajah,Lagos,Rep 13,159438.18,1
7344,2025-12-30,Lekki-Ajah,Lagos,Rep 14,232553.76,1
7345,2025-12-30,Lekki-Ajah,Lagos,Rep 19,75574.84,1
7346,2025-12-30,Abeokuta,Ogun,Rep 22,44400.69,1
7347,2025-12-30,Abeokuta,Ogun,Rep 15,0.0,0
7348,2025-12-30,Abeokuta,Ogun,Rep 02,0.0,0
7349,2025-12-30,Abeokuta,Ogun,Rep 06,111644.29,1
7350,2025-12-30,Abeokuta,Ogun,Rep 14,0.0,0
7351,2025-12-30,Sagamu,Ogun,Rep 07,0.0,0
7352,2025-12-30,Sagamu,Ogun,Rep 17,0.0,0
7353,2025-12-30,Ibadan South,Oyo,Rep 06,0.0,0
7354,2025-12-30,Ibadan South,Oyo,Rep 09,248685.47,1
7355,2025-12-31,Lekki-Ajah,Lagos,Rep 07,0.0,0
7356,2025-12-31,Lekki-Ajah,Lagos,Rep 18,28125.25,1
7357,2025-12-31,Lekki-Ajah,Lagos,Rep 11,113298.34,1
7358,2025-12-31,Lekki-Ajah,Lagos,Rep 22,0.0,0
7359,2025-12-31,Lekki-Ajah,Lagos,Rep 13,0.0,0
7360,2025-12-31,Abeokuta,Ogun,Rep 16,0.0,0
7361,2025-12-31,Abeokuta,Ogun,Rep 05,0.0,0
7362,2025-12-31,Abeokuta,Ogun,Rep 17,0.0,0
7363,2025-12-31,Abeokuta,Ogun,Rep 07,0.0,0
7364,2025-12-31,Sagamu,Ogun,Rep 03,0.0,0
7365,2025-12-31,Sagamu,Ogun,Rep 10,111016.47,1
7366,2025-12-31,Sagamu,Ogun,Rep 21,0.0,0
7367,2025-12-31,Ibadan North,Oyo,Rep 11,101261.14,1
7368,2025-12-31,Ibadan North,Oyo,Rep 02,49463.7,1
7369,2025-12-31,Ibadan North,Oyo,Rep 04,74292.34,1
7370,2025-12-31,Ibadan North,Oyo,Rep 08,0.0,0
7371,2025-12-31,Ibadan North,Oyo,Rep 01,0.0,0
7372,2025-12-31,Ibadan South,Oyo,Rep 21,0.0,0
7373,2025-12-31,Ibadan South,Oyo,Rep 13,228954.02,1
7374,2025-12-31,Ibadan South,Oyo,Rep 21,0.0,0
7375,2025-12-31,Ibadan South,Oyo,Rep 08,0.0,0
7376,2025-12-31,Ibadan South,Oyo,Rep 21,0.0,0
7377,2025-12-31,Ibadan South,Oyo,Rep 08,0.0,0
7378,2025-12-31,Ibadan South,Oyo,Rep 06,132060.4,1
7379,2026-01-01,Lekki-Ajah,Lagos,Rep 02,58240.41,1
7380,2026-01-01,Lekki-Ajah,Lagos,Rep 03,0.0,0
7381,2026-01-02,Lagos Island,Lagos,Rep 12,190161.0,1
7382,2026-01-02,Lagos Island,Lagos,Rep 02,0.0,0
7383,2026-01-02,Lagos Island,Lagos,Rep 04,126941.97,1
7384,2026-01-02,Lagos Island,Lagos,Rep 16,131576.49,1
7385,2026-01-02,Lagos Island,Lagos,Rep 14,0.0,0
7386,2026-01-02,Ibadan North,Oyo,Rep 11,129971.37,1
7387,2026-01-02,Ibadan North,Oyo,Rep 18,78711.45,1
7388,2026-01-02,Ibadan North,Oyo,Rep 09,0.0,0
7389,2026-01-02,Ibadan South,Oyo,Rep 07,86818.05,1
7390,2026-01-02,Ibadan South,Oyo,Rep 09,58388.8,1
7391,2026-01-02,Ibadan South,Oyo,Rep 11,128312.04,1
7392,2026-01-02,Ibadan South,Oyo,Rep 21,66881.18,1
7393,2026-01-03,Lagos Island,Lagos,Rep 03,0.0,0
7394,2026-01-03,Lagos Island,Lagos,Rep 07,0.0,0
7395,2026-01-03,Lagos Island,Lagos,Rep 16,61393.69,1
7396,2026-01-03,Lagos Island,Lagos,Rep 17,120004.23,1
7397,2026-01-03,Lagos Island,Lagos,Rep 17,149410.72,1
7398,2026-01-03,Lagos Island,Lagos,Rep 11,137866.22,1
7399,2026-01-03,Lagos Island,Lagos,Rep 15,0.0,0
7400,2026-01-03,Lagos Island,Lagos,Rep 20,125636.53,1
7401,2026-01-03,Lekki-Ajah,Lagos,Rep 08,0.0,0
7402,2026-01-03,Lekki-Ajah,Lagos,Rep 08,0.0,0
7403,2026-01-03,Lekki-Ajah,Lagos,Rep 08,0.0,0
7404,2026-01-03,Lekki-Ajah,Lagos,Rep 17,148064.53,1
7405,2026-01-03,Abeokuta,Ogun,Rep 14,0.0,0
7406,2026-01-03,Abeokuta,Ogun,Rep 07,0.0,0
7407,2026-01-03,Abeokuta,Ogun,Rep 01,0.0,0
7408,2026-01-03,Abeokuta,Ogun,Rep 12,0.0,0
7409,2026-01-03,Abeokuta,Ogun,Rep 01,0.0,0
7410,2026-01-03,Ibadan North,Oyo,Rep 07,182227.58,1
7411,2026-01-03,Ibadan North,Oyo,Rep 05,77384.58,1
7412,2026-01-03,Ibadan North,Oyo,Rep 14,0.0,0
7413,2026-01-03,Ibadan South,Oyo,Rep 10,326236.93,1
7414,2026-01-04,Lagos Mainland,Lagos,Rep 11,166470.69,1
7415,2026-01-04,Lagos Mainland,Lagos,Rep 12,0.0,0
7416,2026-01-04,Lagos Mainland,Lagos,Rep 07,0.0,0
7417,2026-01-04,Lagos Mainland,Lagos,Rep 01,0.0,0
7418,2026-01-04,Lagos Island,Lagos,Rep 03,132634.62,1
7419,2026-01-04,Lagos Island,Lagos,Rep 09,243887.28,1
7420,2026-01-04,Lagos Island,Lagos,Rep 03,40620.24,1
7421,2026-01-04,Lagos Island,Lagos,Rep 19,51392.4,1
7422,2026-01-04,Lagos Island,Lagos,Rep 09,0.0,0
7423,2026-01-04,Lekki-Ajah,Lagos,Rep 11,0.0,0
7424,2026-01-04,Lekki-Ajah,Lagos,Rep 08,37611.59,1
7425,2026-01-04,Lekki-Ajah,Lagos,Rep 09,17381.67,1
7426,2026-01-04,Lekki-Ajah,Lagos,Rep 22,170751.82,1
7427,2026-01-04,Lekki-Ajah,Lagos,Rep 21,0.0,0
7428,2026-01-04,Lekki-Ajah,Lagos,Rep 05,0.0,0
7429,2026-01-04,Lekki-Ajah,Lagos,Rep 13,0.0,0
7430,2026-01-04,Abeokuta,Ogun,Rep 16,108371.99,1
7431,2026-01-04,Abeokuta,Ogun,Rep 18,0.0,0
7432,2026-01-04,Ibadan North,Oyo,Rep 13,205826.85,1
7433,2026-01-04,Ibadan North,Oyo,Rep 20,0.0,0
7434,2026-01-04,Ibadan North,Oyo,Rep 11,0.0,0
7435,2026-01-04,Ibadan North,Oyo,Rep 09,154604.9,1
7436,2026-01-05,Lagos Mainland,Lagos,Rep 11,0.0,0
7437,2026-01-05,Lagos Mainland,Lagos,Rep 08,75564.6,1
7438,2026-01-05,Lagos Mainland,Lagos,Rep 05,0.0,0
7439,2026-01-05,Lagos Mainland,Lagos,Rep 03,0.0,0
7440,2026-01-05,Lagos Mainland,Lagos,Rep 22,0.0,0
7441,2026-01-05,Lagos Mainland,Lagos,Rep 10,127253.8,1
7442,2026-01-05,Lagos Island,Lagos,Rep 03,0.0,0
7443,2026-01-05,Lagos Island,Lagos,Rep 09,0.0,0
7444,2026-01-05,Lagos Island,Lagos,Rep 09,294019.13,1
7445,2026-01-05,Lagos Island,Lagos,Rep 11,17100.6,1
7446,2026-01-05,Sagamu,Ogun,Rep 15,0.0,0
7447,2026-01-06,Lagos Island,Lagos,Rep 19,0.0,0
7448,2026-01-06,Lagos Island,Lagos,Rep 02,72438.75,1
7449,2026-01-06,Lagos Island,Lagos,Rep 22,0.0,0
7450,2026-01-06,Lagos Island,Lagos,Rep 19,0.0,0
7451,2026-01-06,Lekki-Ajah,Lagos,Rep 17,77692.62,1
7452,2026-01-06,Lekki-Ajah,Lagos,Rep 07,0.0,0
7453,2026-01-06,Lekki-Ajah,Lagos,Rep 21,108448.05,1
7454,2026-01-06,Lekki-Ajah,Lagos,Rep 16,274454.3,1
7455,2026-01-06,Abeokuta,Ogun,Rep 13,155049.75,1
7456,2026-01-06,Abeokuta,Ogun,Rep 02,73620.98,1
7457,2026-01-06,Abeokuta,Ogun,Rep 08,0.0,0
7458,2026-01-06,Abeokuta,Ogun,Rep 11,0.0,0
7459,2026-01-06,Abeokuta,Ogun,Rep 03,0.0,0
7460,2026-01-06,Sagamu,Ogun,Rep 18,0.0,0
7461,2026-01-06,Sagamu,Ogun,Rep 06,0.0,0
7462,2026-01-06,Sagamu,Ogun,Rep 15,242751.65,1
7463,2026-01-06,Ibadan South,Oyo,Rep 06,92130.12,1
7464,2026-01-06,Ibadan South,Oyo,Rep 12,0.0,0
7465,2026-01-06,Ibadan South,Oyo,Rep 14,185794.33,1
7466,2026-01-06,Ibadan South,Oyo,Rep 15,0.0,0
7467,2026-01-06,Ibadan South,Oyo,Rep 10,0.0,0
7468,2026-01-07,Lagos Mainland,Lagos,Rep 19,142774.36,1
7469,2026-01-07,Lagos Mainland,Lagos,Rep 06,0.0,0
7470,2026-01-07,Lagos Mainland,Lagos,Rep 01,0.0,0
7471,2026-01-07,Lagos Mainland,Lagos,Rep 11,0.0,0
7472,2026-01-07,Lagos Mainland,Lagos,Rep 05,91509.51,1
7473,2026-01-07,Lagos Mainland,Lagos,Rep 06,0.0,0
7474,2026-01-07,Lagos Mainland,Lagos,Rep 03,211406.48,1
7475,2026-01-07,Abeokuta,Ogun,Rep 08,0.0,0
7476,2026-01-07,Abeokuta,Ogun,Rep 03,0.0,0
7477,2026-01-07,Abeokuta,Ogun,Rep 11,181077.63,1
7478,2026-01-07,Abeokuta,Ogun,Rep 10,0.0,0
7479,2026-01-07,Abeokuta,Ogun,Rep 04,371272.21,1
7480,2026-01-07,Abeokuta,Ogun,Rep 21,0.0,0
7481,2026-01-07,Ibadan North,Oyo,Rep 01,135921.2,1
7482,2026-01-07,Ibadan North,Oyo,Rep 20,199589.07,1
7483,2026-01-07,Ibadan North,Oyo,Rep 14,0.0,0
7484,2026-01-07,Ibadan North,Oyo,Rep 02,201472.62,1
7485,2026-01-07,Ibadan North,Oyo,Rep 10,81146.96,1
7486,2026-01-07,Ogbomosho,Oyo,Rep 21,0.0,0
7487,2026-01-08,Lekki-Ajah,Lagos,Rep 18,116075.11,1
7488,2026-01-08,Lekki-Ajah,Lagos,Rep 02,37406.9,1
7489,2026-01-08,Lekki-Ajah,Lagos,Rep 02,0.0,0
7490,2026-01-08,Lekki-Ajah,Lagos,Rep 07,159319.96,1
7491,2026-01-08,Lekki-Ajah,Lagos,Rep 05,40583.84,1
7492,2026-01-08,Lekki-Ajah,Lagos,Rep 01,36027.85,1
7493,2026-01-08,Lekki-Ajah,Lagos,Rep 20,0.0,0
7494,2026-01-08,Lekki-Ajah,Lagos,Rep 08,157482.72,1
7495,2026-01-09,Lekki-Ajah,Lagos,Rep 01,110573.72,1
7496,2026-01-09,Lekki-Ajah,Lagos,Rep 04,0.0,0
7497,2026-01-09,Lekki-Ajah,Lagos,Rep 19,0.0,0
7498,2026-01-09,Lekki-Ajah,Lagos,Rep 05,0.0,0
7499,2026-01-09,Lekki-Ajah,Lagos,Rep 19,0.0,0
7500,2026-01-09,Lekki-Ajah,Lagos,Rep 13,144068.55,1
7501,2026-01-09,Ibadan North,Oyo,Rep 11,0.0,0
7502,2026-01-09,Ibadan North,Oyo,Rep 03,0.0,0
7503,2026-01-09,Ibadan North,Oyo,Rep 16,356675.12,1
7504,2026-01-09,Ibadan North,Oyo,Rep 06,0.0,0
7505,2026-01-09,Ibadan North,Oyo,Rep 03,0.0,0
7506,2026-01-09,Ibadan North,Oyo,Rep 02,312869.06,1
7507,2026-01-09,Ibadan North,Oyo,Rep 04,0.0,0
7508,2026-01-09,Ibadan North,Oyo,Rep 17,123779.8,1
7509,2026-01-09,Ibadan North,Oyo,Rep 10,0.0,0
7510,2026-01-09,Ibadan North,Oyo,Rep 02,120235.3,1
7511,2026-01-09,Ibadan North,Oyo,Rep 01,0.0,0
7512,2026-01-09,Ibadan South,Oyo,Rep 20,0.0,0
7513,2026-01-09,Ibadan South,Oyo,Rep 14,120085.37,1
7514,2026-01-09,Ibadan South,Oyo,Rep 22,0.0,0
7515,2026-01-09,Ibadan South,Oyo,Rep 19,0.0,0
7516,2026-01-09,Ibadan South,Oyo,Rep 14,95228.63,1
7517,2026-01-09,Ibadan South,Oyo,Rep 22,0.0,0
7518,2026-01-10,Lagos Mainland,Lagos,Rep 17,0.0,0
7519,2026-01-10,Lagos Mainland,Lagos,Rep 19,0.0,0
7520,2026-01-10,Lagos Mainland,Lagos,Rep 03,0.0,0
7521,2026-01-10,Lagos Mainland,Lagos,Rep 13,0.0,0
7522,2026-01-10,Lagos Mainland,Lagos,Rep 07,128397.06,1
7523,2026-01-10,Lagos Mainland,Lagos,Rep 04,0.0,0
7524,2026-01-10,Lagos Mainland,Lagos,Rep 18,207687.33,1
7525,2026-01-10,Lagos Mainland,Lagos,Rep 14,56840.69,1
7526,2026-01-10,Lagos Island,Lagos,Rep 14,0.0,0
7527,2026-01-10,Lagos Island,Lagos,Rep 11,0.0,0
7528,2026-01-10,Lagos Island,Lagos,Rep 05,0.0,0
7529,2026-01-10,Lagos Island,Lagos,Rep 02,0.0,0
7530,2026-01-10,Lagos Island,Lagos,Rep 13,0.0,0
7531,2026-01-10,Lekki-Ajah,Lagos,Rep 09,0.0,0
7532,2026-01-10,Lekki-Ajah,Lagos,Rep 03,232875.1,1
7533,2026-01-10,Lekki-Ajah,Lagos,Rep 02,0.0,0
7534,2026-01-10,Lekki-Ajah,Lagos,Rep 12,0.0,0
7535,2026-01-10,Lekki-Ajah,Lagos,Rep 17,110054.53,1
7536,2026-01-10,Lekki-Ajah,Lagos,Rep 19,187587.11,1
7537,2026-01-10,Lekki-Ajah,Lagos,Rep 22,82036.94,1
7538,2026-01-10,Lekki-Ajah,Lagos,Rep 11,0.0,0
7539,2026-01-10,Abeokuta,Ogun,Rep 03,0.0,0
7540,2026-01-10,Abeokuta,Ogun,Rep 03,0.0,0
7541,2026-01-10,Abeokuta,Ogun,Rep 03,0.0,0
7542,2026-01-10,Abeokuta,Ogun,Rep 03,0.0,0
7543,2026-01-10,Ibadan North,Oyo,Rep 04,0.0,0
7544,2026-01-10,Ibadan North,Oyo,Rep 16,40525.43,1
7545,2026-01-10,Ibadan North,Oyo,Rep 17,255676.03,1
7546,2026-01-10,Ibadan North,Oyo,Rep 07,0.0,0
7547,2026-01-10,Ibadan North,Oyo,Rep 10,0.0,0
7548,2026-01-11,Lagos Island,Lagos,Rep 05,146526.19,1
7549,2026-01-11,Lagos Island,Lagos,Rep 18,0.0,0
7550,2026-01-11,Lagos Island,Lagos,Rep 09,0.0,0
7551,2026-01-11,Lagos Island,Lagos,Rep 17,0.0,0
7552,2026-01-11,Lagos Island,Lagos,Rep 16,0.0,0
7553,2026-01-11,Lagos Island,Lagos,Rep 16,91638.37,1
7554,2026-01-11,Lagos Island,Lagos,Rep 02,0.0,0
7555,2026-01-11,Lagos Island,Lagos,Rep 08,143246.76,1
7556,2026-01-11,Lagos Island,Lagos,Rep 22,0.0,0
7557,2026-01-11,Lekki-Ajah,Lagos,Rep 02,0.0,0
7558,2026-01-11,Lekki-Ajah,Lagos,Rep 14,0.0,0
7559,2026-01-11,Lekki-Ajah,Lagos,Rep 15,0.0,0
7560,2026-01-11,Lekki-Ajah,Lagos,Rep 13,0.0,0
7561,2026-01-11,Abeokuta,Ogun,Rep 15,0.0,0
7562,2026-01-11,Abeokuta,Ogun,Rep 02,265763.75,1
7563,2026-01-11,Abeokuta,Ogun,Rep 02,0.0,0
7564,2026-01-11,Abeokuta,Ogun,Rep 07,0.0,0
7565,2026-01-11,Abeokuta,Ogun,Rep 01,189713.15,1
7566,2026-01-11,Abeokuta,Ogun,Rep 21,151030.7,1
7567,2026-01-11,Ibadan South,Oyo,Rep 05,0.0,0
7568,2026-01-12,Lagos Mainland,Lagos,Rep 01,0.0,0
7569,2026-01-12,Lagos Mainland,Lagos,Rep 21,111312.02,1
7570,2026-01-12,Lagos Mainland,Lagos,Rep 04,0.0,0
7571,2026-01-12,Lagos Mainland,Lagos,Rep 16,0.0,0
7572,2026-01-12,Lagos Mainland,Lagos,Rep 16,0.0,0
7573,2026-01-12,Lagos Mainland,Lagos,Rep 13,0.0,0
7574,2026-01-12,Lagos Mainland,Lagos,Rep 21,0.0,0
7575,2026-01-12,Lagos Mainland,Lagos,Rep 08,182488.91,1
7576,2026-01-12,Lagos Mainland,Lagos,Rep 16,0.0,0
7577,2026-01-12,Lekki-Ajah,Lagos,Rep 06,0.0,0
7578,2026-01-12,Lekki-Ajah,Lagos,Rep 19,0.0,0
7579,2026-01-12,Lekki-Ajah,Lagos,Rep 06,0.0,0
7580,2026-01-12,Lekki-Ajah,Lagos,Rep 10,0.0,0
7581,2026-01-12,Lekki-Ajah,Lagos,Rep 14,0.0,0
7582,2026-01-12,Abeokuta,Ogun,Rep 15,84361.9,1
7583,2026-01-12,Abeokuta,Ogun,Rep 10,0.0,0
7584,2026-01-12,Sagamu,Ogun,Rep 19,0.0,0
7585,2026-01-12,Ibadan North,Oyo,Rep 10,0.0,0
7586,2026-01-12,Ibadan North,Oyo,Rep 08,0.0,0
7587,2026-01-12,Ibadan South,Oyo,Rep 03,0.0,0
7588,2026-01-12,Ibadan South,Oyo,Rep 06,147446.5,1
7589,2026-01-12,Ibadan South,Oyo,Rep 11,0.0,0
7590,2026-01-12,Ibadan South,Oyo,Rep 08,0.0,0
7591,2026-01-12,Ogbomosho,Oyo,Rep 16,0.0,0
7592,2026-01-12,Ogbomosho,Oyo,Rep 03,118498.4,1
7593,2026-01-12,Ogbomosho,Oyo,Rep 19,0.0,0
7594,2026-01-13,Lagos Mainland,Lagos,Rep 12,0.0,0
7595,2026-01-13,Lagos Mainland,Lagos,Rep 06,0.0,0
7596,2026-01-13,Lagos Mainland,Lagos,Rep 03,0.0,0
7597,2026-01-13,Lagos Mainland,Lagos,Rep 15,191414.98,1
7598,2026-01-13,Lagos Mainland,Lagos,Rep 20,0.0,0
7599,2026-01-13,Lagos Mainland,Lagos,Rep 14,0.0,0
7600,2026-01-13,Lagos Mainland,Lagos,Rep 19,0.0,0
7601,2026-01-13,Lagos Mainland,Lagos,Rep 21,0.0,0
7602,2026-01-13,Lagos Mainland,Lagos,Rep 08,0.0,0
7603,2026-01-13,Lagos Mainland,Lagos,Rep 11,0.0,0
7604,2026-01-13,Lagos Mainland,Lagos,Rep 18,0.0,0
7605,2026-01-13,Lagos Island,Lagos,Rep 04,0.0,0
7606,2026-01-13,Lagos Island,Lagos,Rep 11,0.0,0
7607,2026-01-13,Lagos Island,Lagos,Rep 05,0.0,0
7608,2026-01-13,Lekki-Ajah,Lagos,Rep 04,0.0,0
7609,2026-01-13,Lekki-Ajah,Lagos,Rep 04,0.0,0
7610,2026-01-13,Lekki-Ajah,Lagos,Rep 07,115422.91,1
7611,2026-01-13,Lekki-Ajah,Lagos,Rep 16,0.0,0
7612,2026-01-13,Lekki-Ajah,Lagos,Rep 06,0.0,0
7613,2026-01-13,Lekki-Ajah,Lagos,Rep 12,168130.94,1
7614,2026-01-13,Abeokuta,Ogun,Rep 18,0.0,0
7615,2026-01-13,Abeokuta,Ogun,Rep 03,0.0,0
7616,2026-01-13,Abeokuta,Ogun,Rep 04,0.0,0
7617,2026-01-13,Abeokuta,Ogun,Rep 12,187885.45,1
7618,2026-01-13,Abeokuta,Ogun,Rep 16,0.0,0
7619,2026-01-13,Ogbomosho,Oyo,Rep 17,0.0,0
7620,2026-01-14,Lagos Mainland,Lagos,Rep 20,0.0,0
7621,2026-01-14,Lagos Mainland,Lagos,Rep 12,0.0,0
7622,2026-01-14,Lagos Mainland,Lagos,Rep 15,0.0,0
7623,2026-01-14,Lagos Mainland,Lagos,Rep 15,0.0,0
7624,2026-01-14,Lagos Mainland,Lagos,Rep 20,0.0,0
7625,2026-01-14,Lagos Mainland,Lagos,Rep 10,109392.21,1
7626,2026-01-14,Lagos Island,Lagos,Rep 08,0.0,0
7627,2026-01-14,Lagos Island,Lagos,Rep 21,0.0,0
7628,2026-01-14,Lagos Island,Lagos,Rep 14,0.0,0
7629,2026-01-14,Lagos Island,Lagos,Rep 09,350355.86,1
7630,2026-01-14,Lagos Island,Lagos,Rep 06,0.0,0
7631,2026-01-14,Lagos Island,Lagos,Rep 04,0.0,0
7632,2026-01-14,Lagos Island,Lagos,Rep 11,0.0,0
7633,2026-01-14,Lagos Island,Lagos,Rep 08,70257.66,1
7634,2026-01-14,Lagos Island,Lagos,Rep 06,0.0,0
7635,2026-01-14,Ibadan North,Oyo,Rep 04,0.0,0
7636,2026-01-14,Ibadan North,Oyo,Rep 12,294845.4,1
7637,2026-01-14,Ibadan North,Oyo,Rep 13,43912.7,1
7638,2026-01-14,Ibadan North,Oyo,Rep 15,0.0,0
7639,2026-01-14,Ibadan South,Oyo,Rep 02,0.0,0
7640,2026-01-14,Ibadan South,Oyo,Rep 21,0.0,0
7641,2026-01-14,Ibadan South,Oyo,Rep 12,0.0,0
7642,2026-01-14,Ibadan South,Oyo,Rep 07,141950.09,1
7643,2026-01-15,Abeokuta,Ogun,Rep 03,0.0,0
7644,2026-01-15,Abeokuta,Ogun,Rep 08,0.0,0
7645,2026-01-15,Abeokuta,Ogun,Rep 01,0.0,0
7646,2026-01-15,Abeokuta,Ogun,Rep 18,96097.59,1
7647,2026-01-15,Abeokuta,Ogun,Rep 18,81787.57,1
7648,2026-01-15,Abeokuta,Ogun,Rep 11,69056.94,1
7649,2026-01-15,Abeokuta,Ogun,Rep 19,133233.91,1
7650,2026-01-15,Abeokuta,Ogun,Rep 05,0.0,0
7651,2026-01-15,Sagamu,Ogun,Rep 08,0.0,0
7652,2026-01-16,Lekki-Ajah,Lagos,Rep 17,0.0,0
7653,2026-01-16,Lekki-Ajah,Lagos,Rep 18,0.0,0
7654,2026-01-16,Lekki-Ajah,Lagos,Rep 07,0.0,0
7655,2026-01-16,Lekki-Ajah,Lagos,Rep 04,0.0,0
7656,2026-01-16,Lekki-Ajah,Lagos,Rep 09,75327.89,1
7657,2026-01-16,Lekki-Ajah,Lagos,Rep 09,0.0,0
7658,2026-01-17,Abeokuta,Ogun,Rep 15,80669.84,1
7659,2026-01-17,Abeokuta,Ogun,Rep 14,0.0,0
7660,2026-01-17,Abeokuta,Ogun,Rep 09,0.0,0
7661,2026-01-17,Abeokuta,Ogun,Rep 08,0.0,0
7662,2026-01-17,Abeokuta,Ogun,Rep 04,0.0,0
7663,2026-01-17,Abeokuta,Ogun,Rep 14,0.0,0
7664,2026-01-17,Abeokuta,Ogun,Rep 12,0.0,0
7665,2026-01-18,Lagos Island,Lagos,Rep 07,0.0,0
7666,2026-01-18,Lagos Island,Lagos,Rep 17,0.0,0
7667,2026-01-18,Lagos Island,Lagos,Rep 15,55073.59,1
7668,2026-01-18,Lagos Island,Lagos,Rep 15,89999.36,1
7669,2026-01-18,Lagos Island,Lagos,Rep 14,40078.33,1
7670,2026-01-18,Lagos Island,Lagos,Rep 14,0.0,0
7671,2026-01-18,Sagamu,Ogun,Rep 17,0.0,0
7672,2026-01-19,Lagos Mainland,Lagos,Rep 14,193031.58,1
7673,2026-01-19,Lagos Mainland,Lagos,Rep 01,42382.49,1
7674,2026-01-19,Lagos Mainland,Lagos,Rep 03,0.0,0
7675,2026-01-19,Lagos Mainland,Lagos,Rep 07,24506.34,1
7676,2026-01-19,Lagos Mainland,Lagos,Rep 17,79325.9,1
7677,2026-01-19,Lagos Mainland,Lagos,Rep 11,66657.2,1
7678,2026-01-19,Abeokuta,Ogun,Rep 10,0.0,0
7679,2026-01-19,Abeokuta,Ogun,Rep 18,63950.23,1
7680,2026-01-19,Abeokuta,Ogun,Rep 05,0.0,0
7681,2026-01-19,Sagamu,Ogun,Rep 17,0.0,0
7682,2026-01-19,Sagamu,Ogun,Rep 05,0.0,0
7683,2026-01-19,Ibadan North,Oyo,Rep 02,0.0,0
7684,2026-01-19,Ibadan North,Oyo,Rep 22,45482.67,1
7685,2026-01-19,Ibadan North,Oyo,Rep 06,43364.42,1
7686,2026-01-19,Ibadan North,Oyo,Rep 20,0.0,0
7687,2026-01-19,Ibadan North,Oyo,Rep 07,178660.94,1
7688,2026-01-19,Ibadan North,Oyo,Rep 22,0.0,0
7689,2026-01-19,Ibadan South,Oyo,Rep 03,182949.59,1
7690,2026-01-19,Ibadan South,Oyo,Rep 12,0.0,0
7691,2026-01-19,Ogbomosho,Oyo,Rep 01,71394.9,1
7692,2026-01-20,Lagos Mainland,Lagos,Rep 05,46230.7,1
7693,2026-01-20,Lagos Mainland,Lagos,Rep 03,0.0,0
7694,2026-01-20,Lagos Mainland,Lagos,Rep 20,126757.21,1
7695,2026-01-20,Lagos Mainland,Lagos,Rep 10,0.0,0
7696,2026-01-20,Lagos Mainland,Lagos,Rep 15,0.0,0
7697,2026-01-20,Lagos Mainland,Lagos,Rep 13,141637.6,1
7698,2026-01-20,Abeokuta,Ogun,Rep 10,0.0,0
7699,2026-01-20,Abeokuta,Ogun,Rep 10,31917.24,1
7700,2026-01-20,Abeokuta,Ogun,Rep 18,0.0,0
7701,2026-01-20,Abeokuta,Ogun,Rep 08,221156.78,1
7702,2026-01-20,Abeokuta,Ogun,Rep 17,153831.31,1
7703,2026-01-21,Ibadan North,Oyo,Rep 01,88981.75,1
7704,2026-01-21,Ibadan North,Oyo,Rep 08,370191.17,1
7705,2026-01-21,Ibadan North,Oyo,Rep 11,0.0,0
7706,2026-01-21,Ibadan North,Oyo,Rep 17,64222.23,1
7707,2026-01-21,Ibadan North,Oyo,Rep 18,0.0,0
7708,2026-01-22,Lagos Island,Lagos,Rep 15,111151.75,1
7709,2026-01-22,Lagos Island,Lagos,Rep 20,0.0,0
7710,2026-01-22,Lagos Island,Lagos,Rep 10,300993.74,1
7711,2026-01-22,Lagos Island,Lagos,Rep 18,0.0,0
7712,2026-01-22,Abeokuta,Ogun,Rep 03,0.0,0
7713,2026-01-22,Abeokuta,Ogun,Rep 10,0.0,0
7714,2026-01-22,Abeokuta,Ogun,Rep 10,0.0,0
7715,2026-01-22,Abeokuta,Ogun,Rep 08,0.0,0
7716,2026-01-22,Sagamu,Ogun,Rep 04,0.0,0
7717,2026-01-22,Ibadan South,Oyo,Rep 03,0.0,0
7718,2026-01-22,Ibadan South,Oyo,Rep 07,0.0,0
7719,2026-01-22,Ibadan South,Oyo,Rep 11,134125.19,1
7720,2026-01-22,Ibadan South,Oyo,Rep 21,397531.41,1
7721,2026-01-22,Ibadan South,Oyo,Rep 16,0.0,0
7722,2026-01-22,Ogbomosho,Oyo,Rep 02,0.0,0
7723,2026-01-23,Ibadan North,Oyo,Rep 02,0.0,0
7724,2026-01-23,Ibadan North,Oyo,Rep 15,0.0,0
7725,2026-01-23,Ibadan North,Oyo,Rep 16,62422.7,1
7726,2026-01-23,Ibadan North,Oyo,Rep 05,0.0,0
7727,2026-01-23,Ibadan North,Oyo,Rep 08,0.0,0
7728,2026-01-24,Sagamu,Ogun,Rep 15,195753.4,1
7729,2026-01-24,Sagamu,Ogun,Rep 21,69436.31,1
7730,2026-01-24,Ibadan North,Oyo,Rep 05,0.0,0
7731,2026-01-24,Ibadan North,Oyo,Rep 18,101292.3,1
7732,2026-01-24,Ibadan North,Oyo,Rep 02,0.0,0
7733,2026-01-24,Ibadan South,Oyo,Rep 22,0.0,0
7734,2026-01-24,Ibadan South,Oyo,Rep 12,75667.25,1
7735,2026-01-24,Ibadan South,Oyo,Rep 11,74177.54,1
7736,2026-01-24,Ibadan South,Oyo,Rep 09,0.0,0
7737,2026-01-24,Ibadan South,Oyo,Rep 11,41587.57,1
7738,2026-01-25,Ibadan South,Oyo,Rep 21,0.0,0
7739,2026-01-25,Ibadan South,Oyo,Rep 21,0.0,0
7740,2026-01-25,Ibadan South,Oyo,Rep 04,0.0,0
7741,2026-01-25,Ibadan South,Oyo,Rep 11,0.0,0
7742,2026-01-26,Lagos Mainland,Lagos,Rep 17,75875.45,1
7743,2026-01-26,Lagos Mainland,Lagos,Rep 04,0.0,0
7744,2026-01-26,Lagos Mainland,Lagos,Rep 09,155928.93,1
7745,2026-01-26,Lagos Mainland,Lagos,Rep 06,62556.8,1
7746,2026-01-26,Lagos Mainland,Lagos,Rep 12,0.0,0
7747,2026-01-26,Lagos Mainland,Lagos,Rep 11,0.0,0
7748,2026-01-26,Lekki-Ajah,Lagos,Rep 06,183020.7,1
7749,2026-01-26,Lekki-Ajah,Lagos,Rep 08,0.0,0
7750,2026-01-26,Lekki-Ajah,Lagos,Rep 01,165340.95,1
7751,2026-01-26,Lekki-Ajah,Lagos,Rep 14,198942.53,1
7752,2026-01-26,Lekki-Ajah,Lagos,Rep 14,0.0,0
7753,2026-01-26,Sagamu,Ogun,Rep 17,125720.69,1
7754,2026-01-26,Sagamu,Ogun,Rep 09,0.0,0
7755,2026-01-26,Sagamu,Ogun,Rep 01,0.0,0
7756,2026-01-26,Sagamu,Ogun,Rep 14,68579.88,1
7757,2026-01-26,Sagamu,Ogun,Rep 17,0.0,0
7758,2026-01-26,Ibadan North,Oyo,Rep 14,0.0,0
7759,2026-01-26,Ibadan North,Oyo,Rep 21,0.0,0
7760,2026-01-26,Ibadan North,Oyo,Rep 12,0.0,0
7761,2026-01-26,Ibadan North,Oyo,Rep 04,58786.32,1
7762,2026-01-26,Ibadan North,Oyo,Rep 08,0.0,0
7763,2026-01-26,Ibadan North,Oyo,Rep 11,0.0,0
7764,2026-01-26,Ibadan North,Oyo,Rep 05,37440.63,1
7765,2026-01-26,Ogbomosho,Oyo,Rep 17,0.0,0
7766,2026-01-27,Lagos Mainland,Lagos,Rep 19,0.0,0
7767,2026-01-27,Lagos Mainland,Lagos,Rep 19,0.0,0
7768,2026-01-27,Lagos Mainland,Lagos,Rep 03,0.0,0
7769,2026-01-27,Lagos Mainland,Lagos,Rep 03,165297.95,1
7770,2026-01-27,Lagos Mainland,Lagos,Rep 19,0.0,0
7771,2026-01-27,Lagos Mainland,Lagos,Rep 15,0.0,0
7772,2026-01-27,Lagos Mainland,Lagos,Rep 17,51030.06,1
7773,2026-01-27,Lekki-Ajah,Lagos,Rep 17,0.0,0
7774,2026-01-27,Lekki-Ajah,Lagos,Rep 18,0.0,0
7775,2026-01-27,Lekki-Ajah,Lagos,Rep 14,0.0,0
7776,2026-01-27,Lekki-Ajah,Lagos,Rep 07,211418.22,1
7777,2026-01-27,Lekki-Ajah,Lagos,Rep 17,0.0,0
7778,2026-01-27,Abeokuta,Ogun,Rep 19,0.0,0
7779,2026-01-27,Abeokuta,Ogun,Rep 14,0.0,0
7780,2026-01-27,Abeokuta,Ogun,Rep 14,0.0,0
7781,2026-01-27,Abeokuta,Ogun,Rep 16,99884.83,1
7782,2026-01-27,Abeokuta,Ogun,Rep 07,0.0,0
7783,2026-01-27,Abeokuta,Ogun,Rep 15,71044.34,1
7784,2026-01-27,Abeokuta,Ogun,Rep 21,0.0,0
7785,2026-01-27,Ibadan North,Oyo,Rep 04,234611.98,1
7786,2026-01-27,Ibadan North,Oyo,Rep 01,0.0,0
7787,2026-01-27,Ibadan North,Oyo,Rep 10,103150.14,1
7788,2026-01-28,Lagos Mainland,Lagos,Rep 05,0.0,0
7789,2026-01-28,Lagos Mainland,Lagos,Rep 11,105086.44,1
7790,2026-01-28,Lagos Mainland,Lagos,Rep 11,0.0,0
7791,2026-01-28,Lagos Mainland,Lagos,Rep 17,43591.42,1
7792,2026-01-28,Lagos Mainland,Lagos,Rep 18,0.0,0
7793,2026-01-28,Lagos Mainland,Lagos,Rep 11,70211.48,1
7794,2026-01-28,Lagos Mainland,Lagos,Rep 18,0.0,0
7795,2026-01-28,Lagos Mainland,Lagos,Rep 10,0.0,0
7796,2026-01-28,Lagos Mainland,Lagos,Rep 15,50963.98,1
7797,2026-01-28,Lagos Mainland,Lagos,Rep 04,0.0,0
7798,2026-01-28,Lekki-Ajah,Lagos,Rep 11,102125.22,1
7799,2026-01-28,Lekki-Ajah,Lagos,Rep 20,0.0,0
7800,2026-01-28,Lekki-Ajah,Lagos,Rep 22,151717.25,1
7801,2026-01-28,Lekki-Ajah,Lagos,Rep 14,29287.98,1
7802,2026-01-28,Lekki-Ajah,Lagos,Rep 17,116851.73,1
7803,2026-01-28,Lekki-Ajah,Lagos,Rep 17,0.0,0
7804,2026-01-28,Lekki-Ajah,Lagos,Rep 06,0.0,0
7805,2026-01-28,Lekki-Ajah,Lagos,Rep 06,0.0,0
7806,2026-01-28,Lekki-Ajah,Lagos,Rep 08,58535.5,1
7807,2026-01-28,Sagamu,Ogun,Rep 06,0.0,0
7808,2026-01-28,Ibadan North,Oyo,Rep 03,61204.55,1
7809,2026-01-28,Ibadan North,Oyo,Rep 16,169718.75,1
7810,2026-01-28,Ibadan North,Oyo,Rep 18,0.0,0
7811,2026-01-28,Ibadan North,Oyo,Rep 06,54123.35,1
7812,2026-01-28,Ibadan North,Oyo,Rep 16,185830.41,1
7813,2026-01-28,Ibadan North,Oyo,Rep 03,0.0,0
7814,2026-01-29,Lagos Mainland,Lagos,Rep 18,156554.83,1
7815,2026-01-29,Lagos Mainland,Lagos,Rep 15,274038.82,1
7816,2026-01-29,Lagos Mainland,Lagos,Rep 12,171516.85,1
7817,2026-01-29,Lagos Mainland,Lagos,Rep 12,0.0,0
7818,2026-01-29,Lagos Mainland,Lagos,Rep 09,164163.46,1
7819,2026-01-29,Lagos Mainland,Lagos,Rep 06,112817.79,1
7820,2026-01-29,Lagos Mainland,Lagos,Rep 05,81113.75,1
7821,2026-01-29,Lagos Mainland,Lagos,Rep 18,172695.41,1
7822,2026-01-29,Lagos Mainland,Lagos,Rep 17,0.0,0
7823,2026-01-29,Lagos Mainland,Lagos,Rep 15,65515.55,1
7824,2026-01-29,Lagos Mainland,Lagos,Rep 05,0.0,0
7825,2026-01-29,Lagos Mainland,Lagos,Rep 11,114782.29,1
7826,2026-01-29,Lagos Mainland,Lagos,Rep 21,0.0,0
7827,2026-01-29,Lagos Island,Lagos,Rep 21,0.0,0
7828,2026-01-29,Lagos Island,Lagos,Rep 19,145942.69,1
7829,2026-01-29,Lekki-Ajah,Lagos,Rep 16,0.0,0
7830,2026-01-29,Lekki-Ajah,Lagos,Rep 08,0.0,0
7831,2026-01-29,Lekki-Ajah,Lagos,Rep 22,0.0,0
7832,2026-01-29,Lekki-Ajah,Lagos,Rep 11,304999.79,1
7833,2026-01-29,Sagamu,Ogun,Rep 15,0.0,0
7834,2026-01-29,Sagamu,Ogun,Rep 21,0.0,0
7835,2026-01-30,Lagos Mainland,Lagos,Rep 12,134821.24,1
7836,2026-01-30,Lagos Mainland,Lagos,Rep 01,0.0,0
7837,2026-01-30,Lagos Mainland,Lagos,Rep 04,0.0,0
7838,2026-01-30,Lagos Mainland,Lagos,Rep 18,0.0,0
7839,2026-01-30,Lagos Mainland,Lagos,Rep 20,0.0,0
7840,2026-01-30,Lagos Mainland,Lagos,Rep 10,164270.41,1
7841,2026-01-30,Lagos Island,Lagos,Rep 01,141020.63,1
7842,2026-01-30,Lagos Island,Lagos,Rep 01,186785.55,1
7843,2026-01-30,Lagos Island,Lagos,Rep 20,0.0,0
7844,2026-01-30,Lagos Island,Lagos,Rep 05,0.0,0
7845,2026-01-30,Lagos Island,Lagos,Rep 04,29920.26,1
7846,2026-01-30,Lagos Island,Lagos,Rep 19,0.0,0
7847,2026-01-30,Abeokuta,Ogun,Rep 14,0.0,0
7848,2026-01-30,Abeokuta,Ogun,Rep 08,82969.12,1
7849,2026-01-30,Sagamu,Ogun,Rep 12,151763.01,1
7850,2026-01-31,Lagos Mainland,Lagos,Rep 07,0.0,0
7851,2026-01-31,Lagos Mainland,Lagos,Rep 21,139572.61,1
7852,2026-01-31,Lagos Mainland,Lagos,Rep 13,0.0,0
7853,2026-01-31,Lagos Mainland,Lagos,Rep 16,76266.83,1
7854,2026-01-31,Lagos Mainland,Lagos,Rep 20,0.0,0
7855,2026-01-31,Lagos Mainland,Lagos,Rep 21,125947.2,1
7856,2026-01-31,Lagos Mainland,Lagos,Rep 19,0.0,0
7857,2026-01-31,Lagos Mainland,Lagos,Rep 17,0.0,0
7858,2026-01-31,Lagos Mainland,Lagos,Rep 02,207821.68,1
7859,2026-01-31,Lagos Mainland,Lagos,Rep 09,0.0,0
7860,2026-01-31,Lagos Mainland,Lagos,Rep 11,161544.52,1
7861,2026-01-31,Lekki-Ajah,Lagos,Rep 12,0.0,0
7862,2026-01-31,Lekki-Ajah,Lagos,Rep 14,0.0,0
7863,2026-01-31,Lekki-Ajah,Lagos,Rep 02,0.0,0
7864,2026-01-31,Lekki-Ajah,Lagos,Rep 12,71016.55,1
7865,2026-01-31,Lekki-Ajah,Lagos,Rep 11,118886.92,1
7866,2026-01-31,Lekki-Ajah,Lagos,Rep 22,0.0,0
7867,2026-01-31,Lekki-Ajah,Lagos,Rep 07,0.0,0
7868,2026-01-31,Ibadan North,Oyo,Rep 01,0.0,0
7869,2026-01-31,Ibadan North,Oyo,Rep 02,100496.8,1
7870,2026-01-31,Ibadan North,Oyo,Rep 14,0.0,0
7871,2026-01-31,Ibadan North,Oyo,Rep 04,0.0,0
7872,2026-01-31,Ibadan North,Oyo,Rep 16,216435.81,1
7873,2026-01-31,Ibadan North,Oyo,Rep 15,236212.77,1
7874,2026-02-01,Lagos Mainland,Lagos,Rep 13,0.0,0
7875,2026-02-01,Lagos Mainland,Lagos,Rep 19,78550.34,1
7876,2026-02-01,Lagos Mainland,Lagos,Rep 11,0.0,0
7877,2026-02-01,Lagos Mainland,Lagos,Rep 12,27675.39,1
7878,2026-02-01,Lagos Mainland,Lagos,Rep 06,233685.02,1
7879,2026-02-01,Lagos Mainland,Lagos,Rep 05,447329.02,1
7880,2026-02-01,Lagos Mainland,Lagos,Rep 07,0.0,0
7881,2026-02-01,Lagos Mainland,Lagos,Rep 21,0.0,0
7882,2026-02-01,Lagos Mainland,Lagos,Rep 18,199797.57,1
7883,2026-02-01,Lekki-Ajah,Lagos,Rep 11,309058.76,1
7884,2026-02-01,Lekki-Ajah,Lagos,Rep 15,0.0,0
7885,2026-02-01,Lekki-Ajah,Lagos,Rep 21,0.0,0
7886,2026-02-01,Lekki-Ajah,Lagos,Rep 12,0.0,0
7887,2026-02-01,Lekki-Ajah,Lagos,Rep 19,0.0,0
7888,2026-02-01,Lekki-Ajah,Lagos,Rep 02,383075.17,1
7889,2026-02-01,Lekki-Ajah,Lagos,Rep 18,0.0,0
7890,2026-02-01,Lekki-Ajah,Lagos,Rep 12,0.0,0
7891,2026-02-01,Lekki-Ajah,Lagos,Rep 05,205199.11,1
7892,2026-02-01,Ibadan North,Oyo,Rep 20,57680.74,1
7893,2026-02-01,Ibadan North,Oyo,Rep 08,0.0,0
7894,2026-02-01,Ibadan North,Oyo,Rep 11,0.0,0
7895,2026-02-01,Ibadan North,Oyo,Rep 12,39031.2,1
7896,2026-02-01,Ibadan North,Oyo,Rep 17,0.0,0
7897,2026-02-02,Lagos Island,Lagos,Rep 14,0.0,0
7898,2026-02-02,Lagos Island,Lagos,Rep 16,87952.17,1
7899,2026-02-02,Lagos Island,Lagos,Rep 19,0.0,0
7900,2026-02-02,Lagos Island,Lagos,Rep 05,0.0,0
7901,2026-02-02,Sagamu,Ogun,Rep 15,0.0,0
7902,2026-02-02,Sagamu,Ogun,Rep 14,0.0,0
7903,2026-02-02,Ibadan North,Oyo,Rep 09,0.0,0
7904,2026-02-02,Ibadan North,Oyo,Rep 05,234526.33,1
7905,2026-02-02,Ibadan North,Oyo,Rep 14,125525.2,1
7906,2026-02-02,Ibadan North,Oyo,Rep 08,222631.83,1
7907,2026-02-02,Ibadan North,Oyo,Rep 08,0.0,0
7908,2026-02-02,Ibadan North,Oyo,Rep 16,0.0,0
7909,2026-02-02,Ibadan North,Oyo,Rep 07,0.0,0
7910,2026-02-02,Ogbomosho,Oyo,Rep 12,87913.83,1
7911,2026-02-02,Ogbomosho,Oyo,Rep 03,0.0,0
7912,2026-02-02,Ogbomosho,Oyo,Rep 01,0.0,0
7913,2026-02-03,Lagos Mainland,Lagos,Rep 04,180191.34,1
7914,2026-02-03,Lagos Mainland,Lagos,Rep 03,193999.07,1
7915,2026-02-03,Lagos Mainland,Lagos,Rep 01,106765.18,1
7916,2026-02-03,Lagos Mainland,Lagos,Rep 02,0.0,0
7917,2026-02-03,Lagos Mainland,Lagos,Rep 17,108436.94,1
7918,2026-02-03,Lagos Mainland,Lagos,Rep 03,0.0,0
7919,2026-02-03,Lagos Mainland,Lagos,Rep 19,0.0,0
7920,2026-02-03,Lagos Mainland,Lagos,Rep 09,130732.63,1
7921,2026-02-03,Lagos Island,Lagos,Rep 01,0.0,0
7922,2026-02-03,Lagos Island,Lagos,Rep 08,77662.63,1
7923,2026-02-03,Lagos Island,Lagos,Rep 22,133779.48,1
7924,2026-02-03,Lagos Island,Lagos,Rep 11,102641.12,1
7925,2026-02-03,Abeokuta,Ogun,Rep 08,0.0,0
7926,2026-02-03,Abeokuta,Ogun,Rep 09,0.0,0
7927,2026-02-03,Abeokuta,Ogun,Rep 08,206587.07,1
7928,2026-02-03,Abeokuta,Ogun,Rep 16,128157.59,1
7929,2026-02-03,Abeokuta,Ogun,Rep 20,40951.62,1
7930,2026-02-03,Abeokuta,Ogun,Rep 14,261576.81,1
7931,2026-02-03,Abeokuta,Ogun,Rep 03,0.0,0
7932,2026-02-03,Sagamu,Ogun,Rep 19,53730.33,1
7933,2026-02-03,Sagamu,Ogun,Rep 17,0.0,0
7934,2026-02-03,Ibadan North,Oyo,Rep 14,0.0,0
7935,2026-02-03,Ibadan North,Oyo,Rep 09,0.0,0
7936,2026-02-03,Ibadan North,Oyo,Rep 17,0.0,0
7937,2026-02-03,Ibadan North,Oyo,Rep 13,0.0,0
7938,2026-02-03,Ibadan North,Oyo,Rep 06,0.0,0
7939,2026-02-03,Ibadan North,Oyo,Rep 01,277788.45,1
7940,2026-02-04,Lagos Mainland,Lagos,Rep 10,0.0,0
7941,2026-02-04,Lagos Mainland,Lagos,Rep 17,0.0,0
7942,2026-02-04,Lagos Mainland,Lagos,Rep 09,0.0,0
7943,2026-02-04,Lagos Mainland,Lagos,Rep 21,0.0,0
7944,2026-02-04,Lagos Mainland,Lagos,Rep 19,0.0,0
7945,2026-02-04,Lagos Mainland,Lagos,Rep 20,0.0,0
7946,2026-02-04,Lagos Mainland,Lagos,Rep 11,0.0,0
7947,2026-02-04,Lagos Mainland,Lagos,Rep 11,155881.66,1
7948,2026-02-04,Lagos Mainland,Lagos,Rep 17,0.0,0
7949,2026-02-04,Lagos Island,Lagos,Rep 14,0.0,0
7950,2026-02-04,Lagos Island,Lagos,Rep 17,0.0,0
7951,2026-02-04,Lekki-Ajah,Lagos,Rep 02,237059.04,1
7952,2026-02-04,Lekki-Ajah,Lagos,Rep 22,0.0,0
7953,2026-02-04,Lekki-Ajah,Lagos,Rep 17,154196.73,1
7954,2026-02-04,Lekki-Ajah,Lagos,Rep 19,0.0,0
7955,2026-02-04,Lekki-Ajah,Lagos,Rep 16,269236.28,1
7956,2026-02-04,Lekki-Ajah,Lagos,Rep 09,0.0,0
7957,2026-02-04,Lekki-Ajah,Lagos,Rep 14,0.0,0
7958,2026-02-04,Abeokuta,Ogun,Rep 10,0.0,0
7959,2026-02-04,Abeokuta,Ogun,Rep 01,173358.81,1
7960,2026-02-04,Abeokuta,Ogun,Rep 13,0.0,0
7961,2026-02-04,Abeokuta,Ogun,Rep 12,126180.32,1
7962,2026-02-04,Abeokuta,Ogun,Rep 22,183112.81,1
7963,2026-02-04,Ibadan North,Oyo,Rep 06,0.0,0
7964,2026-02-04,Ibadan North,Oyo,Rep 18,0.0,0
7965,2026-02-04,Ibadan North,Oyo,Rep 21,27253.17,1
7966,2026-02-04,Ibadan North,Oyo,Rep 13,264697.99,1
7967,2026-02-04,Ibadan South,Oyo,Rep 14,31306.24,1
7968,2026-02-04,Ibadan South,Oyo,Rep 21,0.0,0
7969,2026-02-04,Ibadan South,Oyo,Rep 10,0.0,0
7970,2026-02-04,Ibadan South,Oyo,Rep 01,153644.95,1
7971,2026-02-04,Ibadan South,Oyo,Rep 10,160636.77,1
7972,2026-02-05,Lagos Island,Lagos,Rep 13,0.0,0
7973,2026-02-05,Lagos Island,Lagos,Rep 18,0.0,0
7974,2026-02-05,Lagos Island,Lagos,Rep 19,0.0,0
7975,2026-02-05,Lagos Island,Lagos,Rep 04,0.0,0
7976,2026-02-05,Lagos Island,Lagos,Rep 07,164133.72,1
7977,2026-02-05,Lagos Island,Lagos,Rep 05,134612.11,1
7978,2026-02-05,Lagos Island,Lagos,Rep 03,0.0,0
7979,2026-02-05,Lagos Island,Lagos,Rep 10,0.0,0
7980,2026-02-05,Lagos Island,Lagos,Rep 16,0.0,0
7981,2026-02-05,Sagamu,Ogun,Rep 18,0.0,0
7982,2026-02-05,Ibadan North,Oyo,Rep 05,0.0,0
7983,2026-02-05,Ibadan North,Oyo,Rep 15,0.0,0
7984,2026-02-05,Ibadan North,Oyo,Rep 13,78971.55,1
7985,2026-02-05,Ibadan North,Oyo,Rep 09,0.0,0
7986,2026-02-05,Ibadan North,Oyo,Rep 14,0.0,0
7987,2026-02-06,Lagos Island,Lagos,Rep 20,104185.42,1
7988,2026-02-06,Lekki-Ajah,Lagos,Rep 12,0.0,0
7989,2026-02-06,Lekki-Ajah,Lagos,Rep 10,0.0,0
7990,2026-02-06,Lekki-Ajah,Lagos,Rep 03,24066.03,1
7991,2026-02-06,Lekki-Ajah,Lagos,Rep 21,28435.82,1
7992,2026-02-06,Lekki-Ajah,Lagos,Rep 01,38204.34,1
7993,2026-02-07,Lagos Mainland,Lagos,Rep 03,0.0,0
7994,2026-02-07,Lagos Mainland,Lagos,Rep 06,0.0,0
7995,2026-02-07,Lagos Mainland,Lagos,Rep 22,0.0,0
7996,2026-02-07,Lagos Mainland,Lagos,Rep 05,178886.51,1
7997,2026-02-07,Lagos Mainland,Lagos,Rep 03,147322.82,1
7998,2026-02-07,Lagos Mainland,Lagos,Rep 13,0.0,0
7999,2026-02-07,Lagos Mainland,Lagos,Rep 18,0.0,0
8000,2026-02-07,Lagos Mainland,Lagos,Rep 13,0.0,0
8001,2026-02-07,Lagos Mainland,Lagos,Rep 21,38041.71,1
8002,2026-02-07,Lagos Mainland,Lagos,Rep 13,157442.51,1
8003,2026-02-07,Lekki-Ajah,Lagos,Rep 14,0.0,0
8004,2026-02-07,Lekki-Ajah,Lagos,Rep 04,0.0,0
8005,2026-02-07,Lekki-Ajah,Lagos,Rep 18,80156.86,1
8006,2026-02-07,Lekki-Ajah,Lagos,Rep 08,0.0,0
8007,2026-02-07,Lekki-Ajah,Lagos,Rep 13,210204.27,1
8008,2026-02-07,Lekki-Ajah,Lagos,Rep 02,280550.91,1
8009,2026-02-07,Lekki-Ajah,Lagos,Rep 02,156640.82,1
8010,2026-02-07,Sagamu,Ogun,Rep 16,0.0,0
8011,2026-02-07,Sagamu,Ogun,Rep 13,0.0,0
8012,2026-02-08,Lagos Mainland,Lagos,Rep 15,0.0,0
8013,2026-02-08,Lagos Mainland,Lagos,Rep 18,169087.79,1
8014,2026-02-08,Lagos Mainland,Lagos,Rep 22,0.0,0
8015,2026-02-08,Lagos Mainland,Lagos,Rep 20,61844.38,1
8016,2026-02-08,Lagos Mainland,Lagos,Rep 10,121393.72,1
8017,2026-02-08,Lagos Mainland,Lagos,Rep 16,126419.01,1
8018,2026-02-08,Lagos Mainland,Lagos,Rep 14,0.0,0
8019,2026-02-08,Lagos Mainland,Lagos,Rep 12,0.0,0
8020,2026-02-08,Lagos Mainland,Lagos,Rep 16,0.0,0
8021,2026-02-08,Lagos Mainland,Lagos,Rep 19,0.0,0
8022,2026-02-08,Lagos Mainland,Lagos,Rep 07,0.0,0
8023,2026-02-08,Lekki-Ajah,Lagos,Rep 22,0.0,0
8024,2026-02-08,Lekki-Ajah,Lagos,Rep 09,359853.35,1
8025,2026-02-08,Lekki-Ajah,Lagos,Rep 16,0.0,0
8026,2026-02-08,Lekki-Ajah,Lagos,Rep 08,0.0,0
8027,2026-02-08,Abeokuta,Ogun,Rep 01,0.0,0
8028,2026-02-08,Abeokuta,Ogun,Rep 03,308945.02,1
8029,2026-02-08,Abeokuta,Ogun,Rep 18,399593.5,1
8030,2026-02-08,Abeokuta,Ogun,Rep 16,74322.74,1
8031,2026-02-08,Ibadan North,Oyo,Rep 21,0.0,0
8032,2026-02-08,Ibadan North,Oyo,Rep 20,81076.44,1
8033,2026-02-08,Ibadan North,Oyo,Rep 03,441916.52,1
8034,2026-02-08,Ibadan North,Oyo,Rep 12,234505.25,1
8035,2026-02-08,Ibadan North,Oyo,Rep 19,277266.14,1
8036,2026-02-08,Ibadan North,Oyo,Rep 06,0.0,0
8037,2026-02-08,Ibadan North,Oyo,Rep 14,216164.09,1
8038,2026-02-08,Ogbomosho,Oyo,Rep 08,0.0,0
8039,2026-02-08,Ogbomosho,Oyo,Rep 08,0.0,0
8040,2026-02-08,Ogbomosho,Oyo,Rep 19,142222.12,1
8041,2026-02-09,Lagos Mainland,Lagos,Rep 01,50481.85,1
8042,2026-02-09,Lagos Mainland,Lagos,Rep 05,156444.65,1
8043,2026-02-09,Lagos Mainland,Lagos,Rep 18,0.0,0
8044,2026-02-09,Lagos Mainland,Lagos,Rep 19,110171.36,1
8045,2026-02-09,Lagos Mainland,Lagos,Rep 02,0.0,0
8046,2026-02-09,Lagos Mainland,Lagos,Rep 19,127676.85,1
8047,2026-02-09,Lagos Mainland,Lagos,Rep 13,0.0,0
8048,2026-02-09,Lagos Mainland,Lagos,Rep 11,0.0,0
8049,2026-02-09,Lagos Mainland,Lagos,Rep 18,113158.46,1
8050,2026-02-09,Lekki-Ajah,Lagos,Rep 14,187368.46,1
8051,2026-02-09,Lekki-Ajah,Lagos,Rep 06,0.0,0
8052,2026-02-09,Lekki-Ajah,Lagos,Rep 15,207803.98,1
8053,2026-02-09,Lekki-Ajah,Lagos,Rep 01,0.0,0
8054,2026-02-09,Lekki-Ajah,Lagos,Rep 14,0.0,0
8055,2026-02-09,Lekki-Ajah,Lagos,Rep 17,0.0,0
8056,2026-02-09,Lekki-Ajah,Lagos,Rep 19,0.0,0
8057,2026-02-09,Abeokuta,Ogun,Rep 03,93088.88,1
8058,2026-02-09,Abeokuta,Ogun,Rep 16,0.0,0
8059,2026-02-09,Abeokuta,Ogun,Rep 20,0.0,0
8060,2026-02-09,Abeokuta,Ogun,Rep 18,0.0,0
8061,2026-02-09,Abeokuta,Ogun,Rep 19,0.0,0
8062,2026-02-09,Abeokuta,Ogun,Rep 14,178962.28,1
8063,2026-02-09,Sagamu,Ogun,Rep 08,0.0,0
8064,2026-02-09,Sagamu,Ogun,Rep 05,0.0,0
8065,2026-02-09,Ibadan North,Oyo,Rep 01,0.0,0
8066,2026-02-09,Ibadan North,Oyo,Rep 14,135002.4,1
8067,2026-02-09,Ibadan North,Oyo,Rep 17,59791.26,1
8068,2026-02-09,Ogbomosho,Oyo,Rep 15,119934.36,1
8069,2026-02-10,Lagos Mainland,Lagos,Rep 11,0.0,0
8070,2026-02-10,Lagos Mainland,Lagos,Rep 03,0.0,0
8071,2026-02-10,Lagos Mainland,Lagos,Rep 02,0.0,0
8072,2026-02-10,Lagos Mainland,Lagos,Rep 16,0.0,0
8073,2026-02-10,Lagos Mainland,Lagos,Rep 22,0.0,0
8074,2026-02-10,Lekki-Ajah,Lagos,Rep 05,0.0,0
8075,2026-02-10,Lekki-Ajah,Lagos,Rep 16,0.0,0
8076,2026-02-10,Lekki-Ajah,Lagos,Rep 04,121913.12,1
8077,2026-02-10,Lekki-Ajah,Lagos,Rep 09,0.0,0
8078,2026-02-10,Lekki-Ajah,Lagos,Rep 13,0.0,0
8079,2026-02-10,Lekki-Ajah,Lagos,Rep 06,170806.45,1
8080,2026-02-10,Lekki-Ajah,Lagos,Rep 01,0.0,0
8081,2026-02-10,Lekki-Ajah,Lagos,Rep 07,58709.22,1
8082,2026-02-10,Lekki-Ajah,Lagos,Rep 02,120556.58,1
8083,2026-02-10,Lekki-Ajah,Lagos,Rep 01,91923.06,1
8084,2026-02-10,Abeokuta,Ogun,Rep 04,0.0,0
8085,2026-02-10,Abeokuta,Ogun,Rep 04,0.0,0
8086,2026-02-10,Ibadan South,Oyo,Rep 15,61635.44,1
8087,2026-02-10,Ibadan South,Oyo,Rep 04,0.0,0
8088,2026-02-10,Ibadan South,Oyo,Rep 10,0.0,0
8089,2026-02-10,Ibadan South,Oyo,Rep 18,47246.66,1
8090,2026-02-10,Ibadan South,Oyo,Rep 10,173579.29,1
8091,2026-02-10,Ibadan South,Oyo,Rep 13,0.0,0
8092,2026-02-10,Ibadan South,Oyo,Rep 10,132675.56,1
8093,2026-02-10,Ogbomosho,Oyo,Rep 19,93600.48,1
8094,2026-02-11,Ibadan North,Oyo,Rep 03,129738.43,1
8095,2026-02-11,Ibadan North,Oyo,Rep 22,47973.87,1
8096,2026-02-11,Ibadan North,Oyo,Rep 07,0.0,0
8097,2026-02-11,Ibadan North,Oyo,Rep 21,116218.04,1
8098,2026-02-11,Ibadan North,Oyo,Rep 12,202498.94,1
8099,2026-02-12,Lagos Island,Lagos,Rep 05,0.0,0
8100,2026-02-12,Lagos Island,Lagos,Rep 08,0.0,0
8101,2026-02-12,Lagos Island,Lagos,Rep 01,0.0,0
8102,2026-02-12,Lagos Island,Lagos,Rep 03,0.0,0
8103,2026-02-12,Lekki-Ajah,Lagos,Rep 21,0.0,0
8104,2026-02-12,Lekki-Ajah,Lagos,Rep 05,0.0,0
8105,2026-02-12,Lekki-Ajah,Lagos,Rep 17,0.0,0
8106,2026-02-12,Lekki-Ajah,Lagos,Rep 05,202368.71,1
8107,2026-02-12,Lekki-Ajah,Lagos,Rep 01,0.0,0
8108,2026-02-12,Lekki-Ajah,Lagos,Rep 20,0.0,0
8109,2026-02-12,Lekki-Ajah,Lagos,Rep 19,135738.65,1
8110,2026-02-12,Lekki-Ajah,Lagos,Rep 22,0.0,0
8111,2026-02-12,Lekki-Ajah,Lagos,Rep 03,31712.56,1
8112,2026-02-12,Lekki-Ajah,Lagos,Rep 18,0.0,0
8113,2026-02-12,Lekki-Ajah,Lagos,Rep 11,0.0,0
8114,2026-02-12,Ibadan South,Oyo,Rep 22,0.0,0
8115,2026-02-12,Ibadan South,Oyo,Rep 20,104486.12,1
8116,2026-02-13,Lekki-Ajah,Lagos,Rep 06,243591.55,1
8117,2026-02-13,Lekki-Ajah,Lagos,Rep 22,0.0,0
8118,2026-02-13,Lekki-Ajah,Lagos,Rep 07,0.0,0
8119,2026-02-13,Lekki-Ajah,Lagos,Rep 12,246869.35,1
8120,2026-02-13,Sagamu,Ogun,Rep 09,0.0,0
8121,2026-02-13,Ibadan South,Oyo,Rep 11,0.0,0
8122,2026-02-13,Ibadan South,Oyo,Rep 07,0.0,0
8123,2026-02-13,Ibadan South,Oyo,Rep 19,122385.29,1
8124,2026-02-13,Ibadan South,Oyo,Rep 02,198911.63,1
8125,2026-02-13,Ibadan South,Oyo,Rep 14,41978.0,1
8126,2026-02-14,Lagos Island,Lagos,Rep 01,157595.67,1
8127,2026-02-14,Lagos Island,Lagos,Rep 11,184242.44,1
8128,2026-02-14,Lagos Island,Lagos,Rep 21,0.0,0
8129,2026-02-14,Lagos Island,Lagos,Rep 19,0.0,0
8130,2026-02-14,Ibadan North,Oyo,Rep 21,53686.86,1
8131,2026-02-14,Ibadan North,Oyo,Rep 09,0.0,0
8132,2026-02-14,Ibadan North,Oyo,Rep 15,0.0,0
8133,2026-02-14,Ibadan North,Oyo,Rep 03,0.0,0
8134,2026-02-15,Abeokuta,Ogun,Rep 12,0.0,0
8135,2026-02-15,Abeokuta,Ogun,Rep 10,0.0,0
8136,2026-02-15,Ogbomosho,Oyo,Rep 01,0.0,0
8137,2026-02-16,Lagos Island,Lagos,Rep 10,167096.09,1
8138,2026-02-16,Lagos Island,Lagos,Rep 19,138781.01,1
8139,2026-02-16,Lagos Island,Lagos,Rep 15,0.0,0
8140,2026-02-16,Lagos Island,Lagos,Rep 07,0.0,0
8141,2026-02-16,Lekki-Ajah,Lagos,Rep 03,30708.5,1
8142,2026-02-16,Lekki-Ajah,Lagos,Rep 18,0.0,0
8143,2026-02-16,Lekki-Ajah,Lagos,Rep 18,74334.83,1
8144,2026-02-16,Abeokuta,Ogun,Rep 14,0.0,0
8145,2026-02-16,Abeokuta,Ogun,Rep 06,0.0,0
8146,2026-02-16,Abeokuta,Ogun,Rep 19,0.0,0
8147,2026-02-16,Sagamu,Ogun,Rep 08,0.0,0
8148,2026-02-16,Ibadan North,Oyo,Rep 02,0.0,0
8149,2026-02-16,Ibadan North,Oyo,Rep 05,0.0,0
8150,2026-02-16,Ibadan North,Oyo,Rep 22,0.0,0
8151,2026-02-16,Ibadan North,Oyo,Rep 07,0.0,0
8152,2026-02-16,Ibadan North,Oyo,Rep 20,0.0,0
8153,2026-02-16,Ibadan North,Oyo,Rep 06,0.0,0
8154,2026-02-17,Lagos Mainland,Lagos,Rep 06,0.0,0
8155,2026-02-17,Lagos Mainland,Lagos,Rep 09,216556.09,1
8156,2026-02-17,Lagos Mainland,Lagos,Rep 15,0.0,0
8157,2026-02-17,Lagos Mainland,Lagos,Rep 05,85157.99,1
8158,2026-02-17,Lagos Mainland,Lagos,Rep 14,135606.46,1
8159,2026-02-17,Lagos Mainland,Lagos,Rep 14,0.0,0
8160,2026-02-17,Lekki-Ajah,Lagos,Rep 21,0.0,0
8161,2026-02-17,Lekki-Ajah,Lagos,Rep 09,0.0,0
8162,2026-02-17,Lekki-Ajah,Lagos,Rep 18,0.0,0
8163,2026-02-17,Lekki-Ajah,Lagos,Rep 05,146686.2,1
8164,2026-02-17,Lekki-Ajah,Lagos,Rep 01,263551.84,1
8165,2026-02-17,Lekki-Ajah,Lagos,Rep 03,0.0,0
8166,2026-02-17,Lekki-Ajah,Lagos,Rep 15,0.0,0
8167,2026-02-17,Abeokuta,Ogun,Rep 13,188845.05,1
8168,2026-02-17,Abeokuta,Ogun,Rep 22,0.0,0
8169,2026-02-17,Abeokuta,Ogun,Rep 09,0.0,0
8170,2026-02-17,Abeokuta,Ogun,Rep 21,262260.78,1
8171,2026-02-17,Ibadan North,Oyo,Rep 01,0.0,0
8172,2026-02-17,Ibadan North,Oyo,Rep 11,0.0,0
8173,2026-02-17,Ibadan South,Oyo,Rep 22,73698.76,1
8174,2026-02-17,Ibadan South,Oyo,Rep 14,0.0,0
8175,2026-02-17,Ibadan South,Oyo,Rep 16,58752.64,1
8176,2026-02-17,Ibadan South,Oyo,Rep 22,0.0,0
8177,2026-02-17,Ibadan South,Oyo,Rep 03,0.0,0
8178,2026-02-18,Lagos Mainland,Lagos,Rep 06,0.0,0
8179,2026-02-18,Lagos Mainland,Lagos,Rep 18,0.0,0
8180,2026-02-18,Lagos Mainland,Lagos,Rep 15,152195.5,1
8181,2026-02-18,Lagos Mainland,Lagos,Rep 09,138568.68,1
8182,2026-02-18,Lagos Mainland,Lagos,Rep 15,41772.77,1
8183,2026-02-18,Lagos Mainland,Lagos,Rep 15,0.0,0
8184,2026-02-18,Lekki-Ajah,Lagos,Rep 18,0.0,0
8185,2026-02-18,Lekki-Ajah,Lagos,Rep 06,0.0,0
8186,2026-02-18,Lekki-Ajah,Lagos,Rep 18,0.0,0
8187,2026-02-18,Lekki-Ajah,Lagos,Rep 05,0.0,0
8188,2026-02-18,Abeokuta,Ogun,Rep 06,0.0,0
8189,2026-02-18,Abeokuta,Ogun,Rep 13,0.0,0
8190,2026-02-18,Abeokuta,Ogun,Rep 11,32426.79,1
8191,2026-02-18,Abeokuta,Ogun,Rep 19,181984.44,1
8192,2026-02-18,Abeokuta,Ogun,Rep 08,180240.33,1
8193,2026-02-18,Ibadan North,Oyo,Rep 04,0.0,0
8194,2026-02-18,Ibadan North,Oyo,Rep 19,0.0,0
8195,2026-02-18,Ibadan North,Oyo,Rep 10,91971.8,1
8196,2026-02-18,Ibadan North,Oyo,Rep 22,0.0,0
8197,2026-02-18,Ibadan North,Oyo,Rep 10,47171.94,1
8198,2026-02-18,Ibadan North,Oyo,Rep 04,0.0,0
8199,2026-02-18,Ibadan North,Oyo,Rep 09,182090.12,1
8200,2026-02-18,Ibadan North,Oyo,Rep 15,0.0,0
8201,2026-02-18,Ibadan North,Oyo,Rep 15,0.0,0
8202,2026-02-18,Ibadan South,Oyo,Rep 16,0.0,0
8203,2026-02-18,Ibadan South,Oyo,Rep 18,0.0,0
8204,2026-02-18,Ibadan South,Oyo,Rep 13,0.0,0
8205,2026-02-18,Ibadan South,Oyo,Rep 05,174690.92,1
8206,2026-02-19,Lagos Island,Lagos,Rep 11,0.0,0
8207,2026-02-19,Lagos Island,Lagos,Rep 15,125597.37,1
8208,2026-02-19,Lagos Island,Lagos,Rep 22,97805.76,1
8209,2026-02-19,Lagos Island,Lagos,Rep 03,0.0,0
8210,2026-02-19,Lagos Island,Lagos,Rep 09,0.0,0
8211,2026-02-19,Lekki-Ajah,Lagos,Rep 05,0.0,0
8212,2026-02-19,Lekki-Ajah,Lagos,Rep 11,0.0,0
8213,2026-02-19,Lekki-Ajah,Lagos,Rep 04,0.0,0
8214,2026-02-19,Lekki-Ajah,Lagos,Rep 21,0.0,0
8215,2026-02-19,Lekki-Ajah,Lagos,Rep 01,0.0,0
8216,2026-02-19,Lekki-Ajah,Lagos,Rep 09,51694.43,1
8217,2026-02-19,Lekki-Ajah,Lagos,Rep 11,99838.13,1
8218,2026-02-19,Abeokuta,Ogun,Rep 16,123620.31,1
8219,2026-02-19,Abeokuta,Ogun,Rep 14,245438.15,1
8220,2026-02-19,Abeokuta,Ogun,Rep 18,0.0,0
8221,2026-02-19,Abeokuta,Ogun,Rep 02,0.0,0
8222,2026-02-19,Ibadan North,Oyo,Rep 12,57858.27,1
8223,2026-02-19,Ibadan North,Oyo,Rep 16,40182.84,1
8224,2026-02-19,Ibadan North,Oyo,Rep 10,0.0,0
8225,2026-02-19,Ibadan North,Oyo,Rep 09,0.0,0
8226,2026-02-19,Ibadan South,Oyo,Rep 21,0.0,0
8227,2026-02-19,Ibadan South,Oyo,Rep 14,0.0,0
8228,2026-02-19,Ibadan South,Oyo,Rep 11,225831.58,1
8229,2026-02-19,Ibadan South,Oyo,Rep 15,0.0,0
8230,2026-02-20,Lagos Mainland,Lagos,Rep 06,0.0,0
8231,2026-02-20,Lagos Mainland,Lagos,Rep 16,0.0,0
8232,2026-02-20,Lagos Mainland,Lagos,Rep 20,0.0,0
8233,2026-02-20,Lagos Mainland,Lagos,Rep 10,131238.7,1
8234,2026-02-20,Lagos Mainland,Lagos,Rep 11,33456.96,1
8235,2026-02-20,Lagos Mainland,Lagos,Rep 01,73688.4,1
8236,2026-02-20,Lagos Mainland,Lagos,Rep 07,228420.5,1
8237,2026-02-20,Lagos Mainland,Lagos,Rep 17,33372.2,1
8238,2026-02-20,Lagos Island,Lagos,Rep 05,0.0,0
8239,2026-02-20,Lagos Island,Lagos,Rep 16,0.0,0
8240,2026-02-20,Lagos Island,Lagos,Rep 10,107207.19,1
8241,2026-02-20,Lekki-Ajah,Lagos,Rep 17,0.0,0
8242,2026-02-20,Lekki-Ajah,Lagos,Rep 14,0.0,0
8243,2026-02-20,Lekki-Ajah,Lagos,Rep 09,0.0,0
8244,2026-02-20,Lekki-Ajah,Lagos,Rep 10,0.0,0
8245,2026-02-20,Sagamu,Ogun,Rep 02,88737.91,1
8246,2026-02-20,Sagamu,Ogun,Rep 19,0.0,0
8247,2026-02-20,Sagamu,Ogun,Rep 03,0.0,0
8248,2026-02-20,Ibadan North,Oyo,Rep 14,0.0,0
8249,2026-02-20,Ibadan North,Oyo,Rep 14,173511.93,1
8250,2026-02-20,Ibadan North,Oyo,Rep 03,0.0,0
8251,2026-02-20,Ibadan North,Oyo,Rep 08,0.0,0
8252,2026-02-20,Ibadan North,Oyo,Rep 13,130582.61,1
8253,2026-02-20,Ibadan North,Oyo,Rep 09,0.0,0
8254,2026-02-20,Ibadan North,Oyo,Rep 05,0.0,0
8255,2026-02-21,Lagos Mainland,Lagos,Rep 16,0.0,0
8256,2026-02-21,Lagos Mainland,Lagos,Rep 03,70764.2,1
8257,2026-02-21,Lagos Mainland,Lagos,Rep 04,0.0,0
8258,2026-02-21,Lagos Mainland,Lagos,Rep 18,0.0,0
8259,2026-02-21,Lagos Mainland,Lagos,Rep 04,197532.56,1
8260,2026-02-21,Lagos Island,Lagos,Rep 10,0.0,0
8261,2026-02-21,Lagos Island,Lagos,Rep 11,364445.53,1
8262,2026-02-21,Lagos Island,Lagos,Rep 14,0.0,0
8263,2026-02-21,Lagos Island,Lagos,Rep 07,0.0,0
8264,2026-02-21,Lagos Island,Lagos,Rep 15,0.0,0
8265,2026-02-21,Lekki-Ajah,Lagos,Rep 03,0.0,0
8266,2026-02-21,Lekki-Ajah,Lagos,Rep 21,300353.52,1
8267,2026-02-21,Lekki-Ajah,Lagos,Rep 12,0.0,0
8268,2026-02-21,Lekki-Ajah,Lagos,Rep 17,0.0,0
8269,2026-02-21,Lekki-Ajah,Lagos,Rep 07,0.0,0
8270,2026-02-21,Lekki-Ajah,Lagos,Rep 04,0.0,0
8271,2026-02-21,Lekki-Ajah,Lagos,Rep 21,139646.55,1
8272,2026-02-21,Abeokuta,Ogun,Rep 08,0.0,0
8273,2026-02-21,Abeokuta,Ogun,Rep 09,93911.04,1
8274,2026-02-21,Abeokuta,Ogun,Rep 05,266630.12,1
8275,2026-02-21,Ibadan North,Oyo,Rep 04,0.0,0
8276,2026-02-21,Ibadan North,Oyo,Rep 12,386965.48,1
8277,2026-02-21,Ibadan North,Oyo,Rep 01,0.0,0
8278,2026-02-21,Ibadan North,Oyo,Rep 20,114939.17,1
8279,2026-02-21,Ibadan North,Oyo,Rep 21,179175.56,1
8280,2026-02-21,Ibadan South,Oyo,Rep 17,0.0,0
8281,2026-02-22,Lagos Mainland,Lagos,Rep 15,0.0,0
8282,2026-02-22,Lagos Mainland,Lagos,Rep 05,153033.39,1
8283,2026-02-22,Lagos Mainland,Lagos,Rep 12,170890.71,1
8284,2026-02-22,Lagos Mainland,Lagos,Rep 04,0.0,0
8285,2026-02-22,Lagos Mainland,Lagos,Rep 11,0.0,0
8286,2026-02-22,Lagos Mainland,Lagos,Rep 06,52981.54,1
8287,2026-02-22,Lagos Mainland,Lagos,Rep 11,0.0,0
8288,2026-02-22,Lagos Island,Lagos,Rep 07,0.0,0
8289,2026-02-22,Lagos Island,Lagos,Rep 05,0.0,0
8290,2026-02-22,Lagos Island,Lagos,Rep 21,0.0,0
8291,2026-02-22,Lekki-Ajah,Lagos,Rep 03,277250.65,1
8292,2026-02-22,Lekki-Ajah,Lagos,Rep 21,39633.82,1
8293,2026-02-22,Lekki-Ajah,Lagos,Rep 14,83524.29,1
8294,2026-02-22,Lekki-Ajah,Lagos,Rep 09,0.0,0
8295,2026-02-22,Lekki-Ajah,Lagos,Rep 05,0.0,0
8296,2026-02-22,Lekki-Ajah,Lagos,Rep 06,201897.53,1
8297,2026-02-22,Lekki-Ajah,Lagos,Rep 06,0.0,0
8298,2026-02-22,Ibadan North,Oyo,Rep 19,0.0,0
8299,2026-02-22,Ibadan North,Oyo,Rep 12,0.0,0
8300,2026-02-22,Ibadan North,Oyo,Rep 15,0.0,0
8301,2026-02-22,Ibadan North,Oyo,Rep 08,0.0,0
8302,2026-02-22,Ibadan North,Oyo,Rep 02,171826.65,1
8303,2026-02-22,Ibadan North,Oyo,Rep 08,66907.25,1
8304,2026-02-23,Lagos Mainland,Lagos,Rep 21,0.0,0
8305,2026-02-23,Lagos Mainland,Lagos,Rep 05,55280.95,1
8306,2026-02-23,Lagos Mainland,Lagos,Rep 15,0.0,0
8307,2026-02-23,Lagos Mainland,Lagos,Rep 16,127140.01,1
8308,2026-02-23,Lagos Mainland,Lagos,Rep 07,271480.08,1
8309,2026-02-23,Lagos Mainland,Lagos,Rep 15,72548.7,1
8310,2026-02-23,Lagos Mainland,Lagos,Rep 05,0.0,0
8311,2026-02-23,Lagos Mainland,Lagos,Rep 11,0.0,0
8312,2026-02-23,Lagos Mainland,Lagos,Rep 11,0.0,0
8313,2026-02-23,Lagos Island,Lagos,Rep 20,0.0,0
8314,2026-02-23,Lagos Island,Lagos,Rep 04,0.0,0
8315,2026-02-23,Lagos Island,Lagos,Rep 06,0.0,0
8316,2026-02-23,Lagos Island,Lagos,Rep 17,0.0,0
8317,2026-02-23,Lagos Island,Lagos,Rep 05,0.0,0
8318,2026-02-23,Lagos Island,Lagos,Rep 16,0.0,0
8319,2026-02-23,Lagos Island,Lagos,Rep 06,0.0,0
8320,2026-02-23,Lekki-Ajah,Lagos,Rep 02,0.0,0
8321,2026-02-23,Lekki-Ajah,Lagos,Rep 21,122203.86,1
8322,2026-02-23,Lekki-Ajah,Lagos,Rep 04,0.0,0
8323,2026-02-23,Lekki-Ajah,Lagos,Rep 18,0.0,0
8324,2026-02-23,Ibadan South,Oyo,Rep 22,0.0,0
8325,2026-02-23,Ibadan South,Oyo,Rep 02,172011.19,1
8326,2026-02-24,Lagos Island,Lagos,Rep 04,0.0,0
8327,2026-02-24,Lagos Island,Lagos,Rep 17,0.0,0
8328,2026-02-24,Lekki-Ajah,Lagos,Rep 20,0.0,0
8329,2026-02-24,Lekki-Ajah,Lagos,Rep 15,110941.16,1
8330,2026-02-24,Lekki-Ajah,Lagos,Rep 14,53147.82,1
8331,2026-02-24,Lekki-Ajah,Lagos,Rep 07,0.0,0
8332,2026-02-24,Lekki-Ajah,Lagos,Rep 08,0.0,0
8333,2026-02-24,Lekki-Ajah,Lagos,Rep 02,0.0,0
8334,2026-02-24,Ogbomosho,Oyo,Rep 19,0.0,0
8335,2026-02-25,Lagos Mainland,Lagos,Rep 07,174398.21,1
8336,2026-02-25,Lagos Mainland,Lagos,Rep 21,0.0,0
8337,2026-02-25,Lagos Mainland,Lagos,Rep 03,159933.79,1
8338,2026-02-25,Lagos Mainland,Lagos,Rep 01,106064.1,1
8339,2026-02-25,Lagos Island,Lagos,Rep 08,0.0,0
8340,2026-02-25,Lagos Island,Lagos,Rep 02,212946.71,1
8341,2026-02-25,Lagos Island,Lagos,Rep 17,0.0,0
8342,2026-02-25,Lagos Island,Lagos,Rep 16,0.0,0
8343,2026-02-26,Lagos Mainland,Lagos,Rep 06,99893.23,1
8344,2026-02-26,Lagos Mainland,Lagos,Rep 09,116767.16,1
8345,2026-02-26,Lagos Mainland,Lagos,Rep 11,0.0,0
8346,2026-02-26,Lagos Mainland,Lagos,Rep 15,54156.06,1
8347,2026-02-26,Lagos Mainland,Lagos,Rep 04,0.0,0
8348,2026-02-26,Lagos Mainland,Lagos,Rep 04,51206.01,1
8349,2026-02-26,Lagos Mainland,Lagos,Rep 22,94606.1,1
8350,2026-02-26,Lekki-Ajah,Lagos,Rep 17,123742.69,1
8351,2026-02-26,Lekki-Ajah,Lagos,Rep 08,0.0,0
8352,2026-02-26,Lekki-Ajah,Lagos,Rep 10,326468.85,1
8353,2026-02-26,Lekki-Ajah,Lagos,Rep 04,25343.54,1
8354,2026-02-26,Lekki-Ajah,Lagos,Rep 21,0.0,0
8355,2026-02-26,Lekki-Ajah,Lagos,Rep 07,0.0,0
8356,2026-02-26,Ibadan North,Oyo,Rep 03,244578.04,1
8357,2026-02-26,Ibadan North,Oyo,Rep 02,203526.68,1
8358,2026-02-26,Ibadan North,Oyo,Rep 01,0.0,0
8359,2026-02-26,Ibadan North,Oyo,Rep 08,0.0,0
8360,2026-02-26,Ibadan North,Oyo,Rep 19,0.0,0
8361,2026-02-27,Lekki-Ajah,Lagos,Rep 13,0.0,0
8362,2026-02-27,Lekki-Ajah,Lagos,Rep 07,0.0,0
8363,2026-02-27,Lekki-Ajah,Lagos,Rep 06,48617.69,1
8364,2026-02-27,Lekki-Ajah,Lagos,Rep 15,0.0,0
8365,2026-02-27,Sagamu,Ogun,Rep 15,0.0,0
8366,2026-02-27,Sagamu,Ogun,Rep 10,0.0,0
8367,2026-02-27,Ibadan South,Oyo,Rep 02,0.0,0
8368,2026-02-27,Ibadan South,Oyo,Rep 02,0.0,0
8369,2026-02-27,Ibadan South,Oyo,Rep 03,345640.02,1
8370,2026-02-27,Ibadan South,Oyo,Rep 18,0.0,0
8371,2026-02-28,Lagos Mainland,Lagos,Rep 05,33057.14,1
8372,2026-02-28,Lagos Mainland,Lagos,Rep 07,164497.91,1
8373,2026-02-28,Lagos Mainland,Lagos,Rep 10,0.0,0
8374,2026-02-28,Lagos Mainland,Lagos,Rep 01,0.0,0
8375,2026-02-28,Lagos Mainland,Lagos,Rep 10,199174.38,1
8376,2026-02-28,Lagos Mainland,Lagos,Rep 11,0.0,0
8377,2026-02-28,Lagos Mainland,Lagos,Rep 12,54325.74,1
8378,2026-02-28,Lagos Mainland,Lagos,Rep 12,0.0,0
8379,2026-02-28,Lagos Mainland,Lagos,Rep 13,63115.27,1
8380,2026-02-28,Lagos Mainland,Lagos,Rep 18,0.0,0
8381,2026-02-28,Lagos Mainland,Lagos,Rep 01,134463.42,1
8382,2026-02-28,Lagos Mainland,Lagos,Rep 14,0.0,0
8383,2026-02-28,Lagos Mainland,Lagos,Rep 01,0.0,0
8384,2026-02-28,Lagos Mainland,Lagos,Rep 04,79783.92,1
8385,2026-02-28,Lagos Mainland,Lagos,Rep 02,0.0,0
8386,2026-02-28,Lagos Island,Lagos,Rep 21,219461.31,1
8387,2026-02-28,Lagos Island,Lagos,Rep 11,0.0,0
8388,2026-02-28,Lagos Island,Lagos,Rep 21,0.0,0
8389,2026-02-28,Lagos Island,Lagos,Rep 10,0.0,0
8390,2026-02-28,Abeokuta,Ogun,Rep 18,0.0,0
8391,2026-02-28,Abeokuta,Ogun,Rep 07,0.0,0
8392,2026-02-28,Abeokuta,Ogun,Rep 12,0.0,0
8393,2026-02-28,Abeokuta,Ogun,Rep 18,0.0,0
8394,2026-02-28,Ibadan North,Oyo,Rep 22,0.0,0
8395,2026-02-28,Ibadan North,Oyo,Rep 10,106586.99,1
8396,2026-02-28,Ibadan North,Oyo,Rep 03,0.0,0
8397,2026-02-28,Ibadan North,Oyo,Rep 02,0.0,0
8398,2026-02-28,Ibadan South,Oyo,Rep 07,0.0,0
8399,2026-02-28,Ibadan South,Oyo,Rep 08,0.0,0
8400,2026-02-28,Ibadan South,Oyo,Rep 13,0.0,0
8401,2026-03-01,Lagos Mainland,Lagos,Rep 10,0.0,0
8402,2026-03-01,Lagos Mainland,Lagos,Rep 19,0.0,0
8403,2026-03-01,Lagos Mainland,Lagos,Rep 10,127439.08,1
8404,2026-03-01,Lagos Mainland,Lagos,Rep 07,0.0,0
8405,2026-03-01,Lagos Mainland,Lagos,Rep 07,0.0,0
8406,2026-03-01,Lagos Mainland,Lagos,Rep 21,111403.93,1
8407,2026-03-01,Lagos Mainland,Lagos,Rep 22,0.0,0
8408,2026-03-01,Lagos Mainland,Lagos,Rep 02,153023.29,1
8409,2026-03-01,Lagos Mainland,Lagos,Rep 11,0.0,0
8410,2026-03-01,Lagos Mainland,Lagos,Rep 17,0.0,0
8411,2026-03-01,Lagos Mainland,Lagos,Rep 16,172114.48,1
8412,2026-03-01,Sagamu,Ogun,Rep 12,0.0,0
8413,2026-03-01,Sagamu,Ogun,Rep 19,0.0,0
8414,2026-03-01,Ibadan South,Oyo,Rep 01,105746.54,1
8415,2026-03-02,Lagos Mainland,Lagos,Rep 12,0.0,0
8416,2026-03-02,Lagos Mainland,Lagos,Rep 22,0.0,0
8417,2026-03-02,Lagos Mainland,Lagos,Rep 17,49054.4,1
8418,2026-03-02,Lagos Mainland,Lagos,Rep 14,0.0,0
8419,2026-03-02,Lagos Mainland,Lagos,Rep 14,0.0,0
8420,2026-03-02,Lagos Mainland,Lagos,Rep 17,0.0,0
8421,2026-03-02,Lagos Island,Lagos,Rep 02,167240.98,1
8422,2026-03-02,Lagos Island,Lagos,Rep 01,0.0,0
8423,2026-03-02,Lagos Island,Lagos,Rep 05,0.0,0
8424,2026-03-02,Lagos Island,Lagos,Rep 02,0.0,0
8425,2026-03-03,Lagos Mainland,Lagos,Rep 13,0.0,0
8426,2026-03-03,Lagos Mainland,Lagos,Rep 19,50699.81,1
8427,2026-03-03,Lagos Mainland,Lagos,Rep 01,0.0,0
8428,2026-03-03,Lagos Mainland,Lagos,Rep 14,51819.01,1
8429,2026-03-03,Lagos Mainland,Lagos,Rep 04,0.0,0
8430,2026-03-03,Lagos Mainland,Lagos,Rep 20,86129.38,1
8431,2026-03-03,Lagos Mainland,Lagos,Rep 05,0.0,0
8432,2026-03-03,Lagos Mainland,Lagos,Rep 15,0.0,0
8433,2026-03-03,Lagos Mainland,Lagos,Rep 09,0.0,0
8434,2026-03-03,Lagos Island,Lagos,Rep 05,0.0,0
8435,2026-03-03,Lagos Island,Lagos,Rep 21,0.0,0
8436,2026-03-03,Lagos Island,Lagos,Rep 05,143756.21,1
8437,2026-03-03,Lagos Island,Lagos,Rep 02,0.0,0
8438,2026-03-03,Lagos Island,Lagos,Rep 18,0.0,0
8439,2026-03-03,Lagos Island,Lagos,Rep 10,84682.99,1
8440,2026-03-03,Lagos Island,Lagos,Rep 08,75602.21,1
8441,2026-03-03,Lagos Island,Lagos,Rep 22,0.0,0
8442,2026-03-03,Lagos Island,Lagos,Rep 22,0.0,0
8443,2026-03-03,Sagamu,Ogun,Rep 12,0.0,0
8444,2026-03-03,Ibadan North,Oyo,Rep 05,104099.37,1
8445,2026-03-03,Ibadan North,Oyo,Rep 18,156379.58,1
8446,2026-03-03,Ibadan South,Oyo,Rep 01,120284.12,1
8447,2026-03-03,Ibadan South,Oyo,Rep 22,292774.51,1
8448,2026-03-03,Ibadan South,Oyo,Rep 07,0.0,0
8449,2026-03-03,Ibadan South,Oyo,Rep 15,70636.78,1
8450,2026-03-03,Ibadan South,Oyo,Rep 05,0.0,0
8451,2026-03-03,Ibadan South,Oyo,Rep 22,0.0,0
8452,2026-03-04,Lekki-Ajah,Lagos,Rep 11,0.0,0
8453,2026-03-04,Lekki-Ajah,Lagos,Rep 03,0.0,0
8454,2026-03-04,Lekki-Ajah,Lagos,Rep 11,0.0,0
8455,2026-03-04,Lekki-Ajah,Lagos,Rep 05,0.0,0
8456,2026-03-04,Lekki-Ajah,Lagos,Rep 13,0.0,0
8457,2026-03-04,Abeokuta,Ogun,Rep 08,0.0,0
8458,2026-03-04,Abeokuta,Ogun,Rep 08,212413.08,1
8459,2026-03-04,Ibadan North,Oyo,Rep 19,0.0,0
8460,2026-03-04,Ibadan North,Oyo,Rep 12,0.0,0
8461,2026-03-04,Ibadan North,Oyo,Rep 09,0.0,0
8462,2026-03-04,Ogbomosho,Oyo,Rep 13,225250.28,1
8463,2026-03-05,Lagos Mainland,Lagos,Rep 18,0.0,0
8464,2026-03-05,Lagos Mainland,Lagos,Rep 14,107112.02,1
8465,2026-03-05,Lagos Mainland,Lagos,Rep 21,0.0,0
8466,2026-03-05,Lagos Mainland,Lagos,Rep 04,136373.09,1
8467,2026-03-05,Lagos Mainland,Lagos,Rep 14,0.0,0
8468,2026-03-05,Lagos Mainland,Lagos,Rep 11,0.0,0
8469,2026-03-05,Lagos Mainland,Lagos,Rep 12,71226.8,1
8470,2026-03-05,Lagos Mainland,Lagos,Rep 19,0.0,0
8471,2026-03-05,Lagos Mainland,Lagos,Rep 13,0.0,0
8472,2026-03-05,Lagos Island,Lagos,Rep 11,126172.12,1
8473,2026-03-05,Lagos Island,Lagos,Rep 14,0.0,0
8474,2026-03-05,Lagos Island,Lagos,Rep 07,0.0,0
8475,2026-03-05,Lagos Island,Lagos,Rep 07,0.0,0
8476,2026-03-05,Lagos Island,Lagos,Rep 12,0.0,0
8477,2026-03-05,Lagos Island,Lagos,Rep 16,192780.69,1
8478,2026-03-05,Ogbomosho,Oyo,Rep 03,79739.55,1
8479,2026-03-06,Lagos Island,Lagos,Rep 19,0.0,0
8480,2026-03-06,Lagos Island,Lagos,Rep 22,0.0,0
8481,2026-03-06,Lagos Island,Lagos,Rep 05,207837.86,1
8482,2026-03-06,Lagos Island,Lagos,Rep 04,0.0,0
8483,2026-03-06,Lagos Island,Lagos,Rep 22,111324.56,1
8484,2026-03-06,Lekki-Ajah,Lagos,Rep 20,0.0,0
8485,2026-03-06,Lekki-Ajah,Lagos,Rep 01,164422.15,1
8486,2026-03-06,Lekki-Ajah,Lagos,Rep 07,0.0,0
8487,2026-03-06,Lekki-Ajah,Lagos,Rep 19,0.0,0
8488,2026-03-06,Ibadan South,Oyo,Rep 03,98510.17,1
8489,2026-03-06,Ibadan South,Oyo,Rep 05,224446.35,1
8490,2026-03-06,Ibadan South,Oyo,Rep 02,162206.21,1
8491,2026-03-06,Ibadan South,Oyo,Rep 13,0.0,0
8492,2026-03-06,Ogbomosho,Oyo,Rep 12,0.0,0
8493,2026-03-07,Lagos Mainland,Lagos,Rep 15,0.0,0
8494,2026-03-07,Lagos Mainland,Lagos,Rep 01,236489.69,1
8495,2026-03-07,Lagos Mainland,Lagos,Rep 04,0.0,0
8496,2026-03-07,Lagos Mainland,Lagos,Rep 12,132139.2,1
8497,2026-03-07,Lagos Mainland,Lagos,Rep 08,110121.27,1
8498,2026-03-07,Lagos Island,Lagos,Rep 10,0.0,0
8499,2026-03-07,Lagos Island,Lagos,Rep 18,0.0,0
8500,2026-03-07,Lagos Island,Lagos,Rep 05,0.0,0
8501,2026-03-07,Lagos Island,Lagos,Rep 22,153658.21,1
8502,2026-03-07,Lagos Island,Lagos,Rep 13,0.0,0
8503,2026-03-07,Lagos Island,Lagos,Rep 01,0.0,0
8504,2026-03-07,Lekki-Ajah,Lagos,Rep 22,106238.61,1
8505,2026-03-07,Lekki-Ajah,Lagos,Rep 13,0.0,0
8506,2026-03-07,Lekki-Ajah,Lagos,Rep 17,0.0,0
8507,2026-03-07,Lekki-Ajah,Lagos,Rep 09,0.0,0
8508,2026-03-07,Abeokuta,Ogun,Rep 11,0.0,0
8509,2026-03-07,Abeokuta,Ogun,Rep 12,0.0,0
8510,2026-03-07,Ibadan North,Oyo,Rep 20,0.0,0
8511,2026-03-07,Ibadan North,Oyo,Rep 05,0.0,0
8512,2026-03-07,Ibadan North,Oyo,Rep 12,153955.53,1
8513,2026-03-07,Ibadan North,Oyo,Rep 03,143649.3,1
8514,2026-03-07,Ibadan North,Oyo,Rep 07,198254.56,1
8515,2026-03-07,Ibadan North,Oyo,Rep 22,238871.88,1
8516,2026-03-07,Ibadan North,Oyo,Rep 15,95925.25,1
8517,2026-03-08,Sagamu,Ogun,Rep 16,0.0,0
8518,2026-03-09,Lagos Mainland,Lagos,Rep 02,0.0,0
8519,2026-03-09,Lagos Mainland,Lagos,Rep 12,0.0,0
8520,2026-03-09,Lagos Mainland,Lagos,Rep 08,0.0,0
8521,2026-03-09,Lagos Mainland,Lagos,Rep 19,0.0,0
8522,2026-03-09,Lagos Mainland,Lagos,Rep 05,0.0,0
8523,2026-03-09,Abeokuta,Ogun,Rep 14,0.0,0
8524,2026-03-09,Abeokuta,Ogun,Rep 05,0.0,0
8525,2026-03-09,Abeokuta,Ogun,Rep 01,0.0,0
8526,2026-03-09,Abeokuta,Ogun,Rep 01,0.0,0
8527,2026-03-09,Sagamu,Ogun,Rep 03,0.0,0
8528,2026-03-09,Sagamu,Ogun,Rep 05,0.0,0
8529,2026-03-10,Lagos Mainland,Lagos,Rep 21,0.0,0
8530,2026-03-10,Lagos Mainland,Lagos,Rep 19,0.0,0
8531,2026-03-10,Lagos Mainland,Lagos,Rep 11,0.0,0
8532,2026-03-10,Lagos Mainland,Lagos,Rep 09,0.0,0
8533,2026-03-10,Lagos Mainland,Lagos,Rep 22,197416.57,1
8534,2026-03-10,Lagos Mainland,Lagos,Rep 12,0.0,0
8535,2026-03-10,Lagos Mainland,Lagos,Rep 05,0.0,0
8536,2026-03-10,Lagos Mainland,Lagos,Rep 16,0.0,0
8537,2026-03-10,Lagos Mainland,Lagos,Rep 16,0.0,0
8538,2026-03-10,Lagos Island,Lagos,Rep 03,0.0,0
8539,2026-03-10,Lagos Island,Lagos,Rep 05,0.0,0
8540,2026-03-10,Lagos Island,Lagos,Rep 04,177044.81,1
8541,2026-03-10,Lagos Island,Lagos,Rep 06,0.0,0
8542,2026-03-10,Lagos Island,Lagos,Rep 17,0.0,0
8543,2026-03-10,Lekki-Ajah,Lagos,Rep 09,0.0,0
8544,2026-03-10,Lekki-Ajah,Lagos,Rep 19,41766.48,1
8545,2026-03-10,Lekki-Ajah,Lagos,Rep 08,83381.11,1
8546,2026-03-10,Lekki-Ajah,Lagos,Rep 17,97108.29,1
8547,2026-03-10,Sagamu,Ogun,Rep 10,0.0,0
8548,2026-03-10,Ogbomosho,Oyo,Rep 07,184955.94,1
8549,2026-03-11,Lagos Mainland,Lagos,Rep 19,0.0,0
8550,2026-03-11,Lagos Mainland,Lagos,Rep 15,0.0,0
8551,2026-03-11,Lagos Mainland,Lagos,Rep 18,0.0,0
8552,2026-03-11,Lagos Mainland,Lagos,Rep 08,245388.86,1
8553,2026-03-11,Lagos Mainland,Lagos,Rep 19,0.0,0
8554,2026-03-11,Lagos Mainland,Lagos,Rep 12,0.0,0
8555,2026-03-11,Lagos Mainland,Lagos,Rep 11,0.0,0
8556,2026-03-11,Abeokuta,Ogun,Rep 20,0.0,0
8557,2026-03-11,Abeokuta,Ogun,Rep 04,0.0,0
8558,2026-03-11,Abeokuta,Ogun,Rep 13,39393.19,1
8559,2026-03-11,Sagamu,Ogun,Rep 19,0.0,0
8560,2026-03-11,Sagamu,Ogun,Rep 11,100805.57,1
8561,2026-03-12,Lagos Mainland,Lagos,Rep 18,101860.39,1
8562,2026-03-12,Lagos Mainland,Lagos,Rep 15,152299.29,1
8563,2026-03-12,Lagos Mainland,Lagos,Rep 11,50760.57,1
8564,2026-03-12,Lagos Mainland,Lagos,Rep 06,162364.84,1
8565,2026-03-12,Lagos Mainland,Lagos,Rep 01,0.0,0
8566,2026-03-12,Lagos Mainland,Lagos,Rep 11,0.0,0
8567,2026-03-12,Lagos Mainland,Lagos,Rep 08,316339.76,1
8568,2026-03-12,Lagos Island,Lagos,Rep 09,85879.18,1
8569,2026-03-12,Lagos Island,Lagos,Rep 09,0.0,0
8570,2026-03-12,Lagos Island,Lagos,Rep 13,140465.75,1
8571,2026-03-12,Lagos Island,Lagos,Rep 18,288164.46,1
8572,2026-03-12,Lagos Island,Lagos,Rep 03,0.0,0
8573,2026-03-12,Abeokuta,Ogun,Rep 15,0.0,0
8574,2026-03-12,Sagamu,Ogun,Rep 06,0.0,0
8575,2026-03-13,Abeokuta,Ogun,Rep 01,55300.19,1
8576,2026-03-13,Abeokuta,Ogun,Rep 08,0.0,0
8577,2026-03-13,Abeokuta,Ogun,Rep 19,93110.34,1
8578,2026-03-13,Abeokuta,Ogun,Rep 09,0.0,0
8579,2026-03-13,Abeokuta,Ogun,Rep 11,0.0,0
8580,2026-03-14,Lagos Mainland,Lagos,Rep 10,0.0,0
8581,2026-03-14,Lagos Mainland,Lagos,Rep 05,92201.74,1
8582,2026-03-14,Lagos Mainland,Lagos,Rep 02,0.0,0
8583,2026-03-14,Lagos Mainland,Lagos,Rep 16,0.0,0
8584,2026-03-14,Lagos Mainland,Lagos,Rep 04,0.0,0
8585,2026-03-14,Lagos Mainland,Lagos,Rep 20,38158.18,1
8586,2026-03-14,Lagos Mainland,Lagos,Rep 04,173091.32,1
8587,2026-03-14,Lagos Island,Lagos,Rep 08,0.0,0
8588,2026-03-14,Lagos Island,Lagos,Rep 13,0.0,0
8589,2026-03-14,Lagos Island,Lagos,Rep 15,0.0,0
8590,2026-03-14,Lagos Island,Lagos,Rep 06,54270.12,1
8591,2026-03-14,Lagos Island,Lagos,Rep 12,0.0,0
8592,2026-03-14,Lagos Island,Lagos,Rep 13,0.0,0
8593,2026-03-14,Lagos Island,Lagos,Rep 09,0.0,0
8594,2026-03-14,Lagos Island,Lagos,Rep 13,137267.98,1
8595,2026-03-14,Abeokuta,Ogun,Rep 21,27676.66,1
8596,2026-03-14,Abeokuta,Ogun,Rep 19,179270.23,1
8597,2026-03-14,Abeokuta,Ogun,Rep 08,0.0,0
8598,2026-03-14,Ibadan North,Oyo,Rep 09,0.0,0
8599,2026-03-14,Ibadan North,Oyo,Rep 21,0.0,0
8600,2026-03-14,Ibadan North,Oyo,Rep 07,0.0,0
8601,2026-03-14,Ibadan North,Oyo,Rep 17,0.0,0
8602,2026-03-14,Ibadan North,Oyo,Rep 06,0.0,0
8603,2026-03-14,Ibadan North,Oyo,Rep 17,0.0,0
8604,2026-03-14,Ibadan North,Oyo,Rep 16,189635.35,1
8605,2026-03-14,Ibadan South,Oyo,Rep 17,236561.86,1
8606,2026-03-14,Ibadan South,Oyo,Rep 01,0.0,0
8607,2026-03-14,Ibadan South,Oyo,Rep 14,28103.87,1
8608,2026-03-14,Ibadan South,Oyo,Rep 03,0.0,0
8609,2026-03-14,Ibadan South,Oyo,Rep 09,0.0,0
8610,2026-03-14,Ibadan South,Oyo,Rep 06,0.0,0
8611,2026-03-15,Lagos Mainland,Lagos,Rep 17,0.0,0
8612,2026-03-15,Lagos Mainland,Lagos,Rep 04,0.0,0
8613,2026-03-15,Lagos Mainland,Lagos,Rep 01,158777.08,1
8614,2026-03-15,Lagos Mainland,Lagos,Rep 02,0.0,0
8615,2026-03-15,Lagos Mainland,Lagos,Rep 19,111164.81,1
8616,2026-03-15,Lagos Mainland,Lagos,Rep 20,148536.8,1
8617,2026-03-15,Lagos Mainland,Lagos,Rep 22,0.0,0
8618,2026-03-15,Lagos Mainland,Lagos,Rep 10,0.0,0
8619,2026-03-15,Lagos Mainland,Lagos,Rep 07,0.0,0
8620,2026-03-15,Lekki-Ajah,Lagos,Rep 08,89781.17,1
8621,2026-03-15,Lekki-Ajah,Lagos,Rep 13,0.0,0
8622,2026-03-15,Lekki-Ajah,Lagos,Rep 21,0.0,0
8623,2026-03-15,Lekki-Ajah,Lagos,Rep 02,0.0,0
8624,2026-03-15,Lekki-Ajah,Lagos,Rep 21,0.0,0
8625,2026-03-15,Lekki-Ajah,Lagos,Rep 15,181662.38,1
8626,2026-03-15,Lekki-Ajah,Lagos,Rep 11,0.0,0
8627,2026-03-15,Lekki-Ajah,Lagos,Rep 15,0.0,0
8628,2026-03-15,Lekki-Ajah,Lagos,Rep 19,0.0,0
8629,2026-03-15,Lekki-Ajah,Lagos,Rep 09,149667.11,1
8630,2026-03-15,Lekki-Ajah,Lagos,Rep 19,219129.1,1
8631,2026-03-15,Ibadan North,Oyo,Rep 01,0.0,0
8632,2026-03-15,Ibadan North,Oyo,Rep 18,107740.01,1
8633,2026-03-15,Ibadan North,Oyo,Rep 04,0.0,0
8634,2026-03-15,Ibadan North,Oyo,Rep 02,0.0,0
8635,2026-03-15,Ibadan North,Oyo,Rep 01,0.0,0
8636,2026-03-15,Ibadan North,Oyo,Rep 03,0.0,0
8637,2026-03-16,Lagos Island,Lagos,Rep 11,0.0,0
8638,2026-03-16,Lagos Island,Lagos,Rep 19,0.0,0
8639,2026-03-16,Lagos Island,Lagos,Rep 01,0.0,0
8640,2026-03-16,Lagos Island,Lagos,Rep 20,0.0,0
8641,2026-03-16,Abeokuta,Ogun,Rep 04,150939.03,1
8642,2026-03-16,Abeokuta,Ogun,Rep 19,0.0,0
8643,2026-03-16,Abeokuta,Ogun,Rep 09,0.0,0
8644,2026-03-16,Ibadan North,Oyo,Rep 05,0.0,0
8645,2026-03-16,Ibadan North,Oyo,Rep 18,0.0,0
8646,2026-03-16,Ibadan North,Oyo,Rep 04,0.0,0
8647,2026-03-16,Ibadan North,Oyo,Rep 12,0.0,0
8648,2026-03-16,Ibadan North,Oyo,Rep 16,0.0,0
8649,2026-03-16,Ibadan South,Oyo,Rep 16,0.0,0
8650,2026-03-16,Ibadan South,Oyo,Rep 10,0.0,0
8651,2026-03-16,Ibadan South,Oyo,Rep 11,90706.3,1
8652,2026-03-16,Ibadan South,Oyo,Rep 09,0.0,0
8653,2026-03-16,Ibadan South,Oyo,Rep 20,0.0,0
8654,2026-03-16,Ibadan South,Oyo,Rep 01,0.0,0
8655,2026-03-16,Ibadan South,Oyo,Rep 18,0.0,0
8656,2026-03-16,Ogbomosho,Oyo,Rep 13,0.0,0
8657,2026-03-16,Ogbomosho,Oyo,Rep 18,0.0,0
8658,2026-03-17,Lagos Mainland,Lagos,Rep 17,0.0,0
8659,2026-03-17,Lagos Mainland,Lagos,Rep 22,0.0,0
8660,2026-03-17,Lagos Mainland,Lagos,Rep 19,38972.69,1
8661,2026-03-17,Lagos Mainland,Lagos,Rep 07,0.0,0
8662,2026-03-17,Lagos Island,Lagos,Rep 14,0.0,0
8663,2026-03-17,Lagos Island,Lagos,Rep 15,0.0,0
8664,2026-03-17,Lagos Island,Lagos,Rep 18,32345.88,1
8665,2026-03-17,Lagos Island,Lagos,Rep 17,0.0,0
8666,2026-03-17,Lagos Island,Lagos,Rep 17,81617.63,1
8667,2026-03-17,Lagos Island,Lagos,Rep 19,0.0,0
8668,2026-03-17,Lekki-Ajah,Lagos,Rep 22,62082.57,1
8669,2026-03-17,Lekki-Ajah,Lagos,Rep 18,0.0,0
8670,2026-03-17,Lekki-Ajah,Lagos,Rep 11,64643.24,1
8671,2026-03-17,Lekki-Ajah,Lagos,Rep 11,169241.42,1
8672,2026-03-17,Lekki-Ajah,Lagos,Rep 15,0.0,0
8673,2026-03-18,Lagos Mainland,Lagos,Rep 04,0.0,0
8674,2026-03-18,Lagos Mainland,Lagos,Rep 15,67679.03,1
8675,2026-03-18,Lagos Mainland,Lagos,Rep 22,0.0,0
8676,2026-03-18,Lagos Mainland,Lagos,Rep 02,0.0,0
8677,2026-03-18,Lagos Mainland,Lagos,Rep 04,77144.48,1
8678,2026-03-18,Lagos Mainland,Lagos,Rep 04,0.0,0
8679,2026-03-18,Lagos Mainland,Lagos,Rep 05,169504.31,1
8680,2026-03-18,Lagos Mainland,Lagos,Rep 18,0.0,0
8681,2026-03-18,Lagos Mainland,Lagos,Rep 14,0.0,0
8682,2026-03-18,Lagos Mainland,Lagos,Rep 20,92032.48,1
8683,2026-03-18,Lagos Mainland,Lagos,Rep 01,0.0,0
8684,2026-03-18,Lagos Mainland,Lagos,Rep 15,129059.85,1
8685,2026-03-18,Lagos Mainland,Lagos,Rep 06,89776.07,1
8686,2026-03-18,Lagos Mainland,Lagos,Rep 02,97412.26,1
8687,2026-03-18,Lagos Mainland,Lagos,Rep 13,0.0,0
8688,2026-03-18,Lagos Mainland,Lagos,Rep 03,0.0,0
8689,2026-03-18,Lagos Mainland,Lagos,Rep 16,0.0,0
8690,2026-03-18,Lagos Mainland,Lagos,Rep 03,91452.61,1
8691,2026-03-18,Lagos Mainland,Lagos,Rep 12,448830.99,1
8692,2026-03-18,Abeokuta,Ogun,Rep 04,0.0,0
8693,2026-03-18,Abeokuta,Ogun,Rep 12,0.0,0
8694,2026-03-18,Abeokuta,Ogun,Rep 09,0.0,0
8695,2026-03-18,Abeokuta,Ogun,Rep 03,0.0,0
8696,2026-03-18,Abeokuta,Ogun,Rep 11,0.0,0
8697,2026-03-18,Abeokuta,Ogun,Rep 06,0.0,0
8698,2026-03-18,Abeokuta,Ogun,Rep 12,0.0,0
8699,2026-03-18,Abeokuta,Ogun,Rep 13,0.0,0
8700,2026-03-19,Lagos Mainland,Lagos,Rep 21,0.0,0
8701,2026-03-19,Lagos Mainland,Lagos,Rep 10,163857.72,1
8702,2026-03-19,Lagos Mainland,Lagos,Rep 08,0.0,0
8703,2026-03-19,Lagos Mainland,Lagos,Rep 19,0.0,0
8704,2026-03-19,Lagos Mainland,Lagos,Rep 16,0.0,0
8705,2026-03-19,Lagos Mainland,Lagos,Rep 07,0.0,0
8706,2026-03-19,Lagos Mainland,Lagos,Rep 09,0.0,0
8707,2026-03-19,Lagos Mainland,Lagos,Rep 13,0.0,0
8708,2026-03-19,Ibadan North,Oyo,Rep 18,0.0,0
8709,2026-03-19,Ibadan North,Oyo,Rep 04,96736.61,1
8710,2026-03-19,Ibadan North,Oyo,Rep 02,68749.66,1
8711,2026-03-19,Ibadan North,Oyo,Rep 16,115083.45,1
8712,2026-03-19,Ibadan North,Oyo,Rep 15,9299.78,1
8713,2026-03-19,Ibadan North,Oyo,Rep 19,0.0,0
8714,2026-03-19,Ibadan North,Oyo,Rep 04,0.0,0
8715,2026-03-19,Ibadan North,Oyo,Rep 05,158992.76,1
8716,2026-03-19,Ibadan South,Oyo,Rep 17,0.0,0
8717,2026-03-19,Ibadan South,Oyo,Rep 20,0.0,0
8718,2026-03-19,Ibadan South,Oyo,Rep 17,0.0,0
8719,2026-03-19,Ibadan South,Oyo,Rep 02,0.0,0
8720,2026-03-19,Ibadan South,Oyo,Rep 18,0.0,0
8721,2026-03-19,Ibadan South,Oyo,Rep 09,0.0,0
8722,2026-03-19,Ibadan South,Oyo,Rep 01,291880.74,1
8723,2026-03-19,Ogbomosho,Oyo,Rep 12,0.0,0
8724,2026-03-20,Lagos Mainland,Lagos,Rep 20,0.0,0
8725,2026-03-20,Lagos Mainland,Lagos,Rep 19,0.0,0
8726,2026-03-20,Lagos Mainland,Lagos,Rep 11,0.0,0
8727,2026-03-20,Lagos Mainland,Lagos,Rep 08,0.0,0
8728,2026-03-20,Lagos Mainland,Lagos,Rep 21,0.0,0
8729,2026-03-20,Lagos Mainland,Lagos,Rep 19,0.0,0
8730,2026-03-20,Lagos Mainland,Lagos,Rep 13,195752.05,1
8731,2026-03-20,Lagos Mainland,Lagos,Rep 09,0.0,0
8732,2026-03-20,Lekki-Ajah,Lagos,Rep 11,0.0,0
8733,2026-03-20,Lekki-Ajah,Lagos,Rep 16,0.0,0
8734,2026-03-20,Lekki-Ajah,Lagos,Rep 21,58977.56,1
8735,2026-03-20,Lekki-Ajah,Lagos,Rep 15,0.0,0
8736,2026-03-20,Lekki-Ajah,Lagos,Rep 04,0.0,0
8737,2026-03-20,Lekki-Ajah,Lagos,Rep 14,151797.53,1
8738,2026-03-20,Lekki-Ajah,Lagos,Rep 22,0.0,0
8739,2026-03-20,Sagamu,Ogun,Rep 03,0.0,0
8740,2026-03-20,Ibadan North,Oyo,Rep 11,0.0,0
8741,2026-03-20,Ibadan North,Oyo,Rep 10,0.0,0
8742,2026-03-20,Ibadan North,Oyo,Rep 20,0.0,0
8743,2026-03-20,Ibadan North,Oyo,Rep 01,179395.79,1
8744,2026-03-20,Ibadan North,Oyo,Rep 09,0.0,0
8745,2026-03-20,Ibadan North,Oyo,Rep 15,0.0,0
8746,2026-03-21,Lagos Mainland,Lagos,Rep 13,0.0,0
8747,2026-03-21,Lagos Mainland,Lagos,Rep 03,0.0,0
8748,2026-03-21,Lagos Mainland,Lagos,Rep 08,0.0,0
8749,2026-03-21,Lagos Mainland,Lagos,Rep 15,0.0,0
8750,2026-03-21,Lagos Mainland,Lagos,Rep 13,85259.05,1
8751,2026-03-21,Lagos Mainland,Lagos,Rep 11,0.0,0
8752,2026-03-21,Lagos Mainland,Lagos,Rep 14,27716.76,1
8753,2026-03-21,Abeokuta,Ogun,Rep 04,0.0,0
8754,2026-03-21,Abeokuta,Ogun,Rep 17,0.0,0
8755,2026-03-21,Abeokuta,Ogun,Rep 03,0.0,0
8756,2026-03-21,Abeokuta,Ogun,Rep 07,0.0,0
8757,2026-03-21,Abeokuta,Ogun,Rep 14,0.0,0
8758,2026-03-22,Lagos Mainland,Lagos,Rep 08,137416.14,1
8759,2026-03-22,Lagos Mainland,Lagos,Rep 13,0.0,0
8760,2026-03-22,Lagos Mainland,Lagos,Rep 20,0.0,0
8761,2026-03-22,Lagos Mainland,Lagos,Rep 04,0.0,0
8762,2026-03-22,Lagos Island,Lagos,Rep 13,226922.72,1
8763,2026-03-22,Lagos Island,Lagos,Rep 05,0.0,0
8764,2026-03-22,Abeokuta,Ogun,Rep 22,0.0,0
8765,2026-03-22,Abeokuta,Ogun,Rep 07,0.0,0
8766,2026-03-22,Abeokuta,Ogun,Rep 19,0.0,0
8767,2026-03-22,Abeokuta,Ogun,Rep 12,0.0,0
8768,2026-03-22,Abeokuta,Ogun,Rep 10,0.0,0
8769,2026-03-22,Ibadan South,Oyo,Rep 10,180498.6,1
8770,2026-03-22,Ibadan South,Oyo,Rep 21,70831.85,1
8771,2026-03-23,Lagos Island,Lagos,Rep 15,0.0,0
8772,2026-03-23,Lagos Island,Lagos,Rep 05,37172.05,1
8773,2026-03-23,Lagos Island,Lagos,Rep 08,0.0,0
8774,2026-03-23,Lagos Island,Lagos,Rep 15,0.0,0
8775,2026-03-23,Lagos Island,Lagos,Rep 01,135681.23,1
8776,2026-03-23,Lagos Island,Lagos,Rep 09,0.0,0
8777,2026-03-23,Lagos Island,Lagos,Rep 15,370071.01,1
8778,2026-03-23,Lagos Island,Lagos,Rep 13,93331.68,1
8779,2026-03-23,Lagos Island,Lagos,Rep 16,0.0,0
8780,2026-03-23,Lekki-Ajah,Lagos,Rep 19,167508.66,1
8781,2026-03-23,Lekki-Ajah,Lagos,Rep 12,0.0,0
8782,2026-03-23,Sagamu,Ogun,Rep 17,0.0,0
8783,2026-03-23,Ibadan North,Oyo,Rep 16,0.0,0
8784,2026-03-23,Ibadan North,Oyo,Rep 13,0.0,0
8785,2026-03-23,Ibadan South,Oyo,Rep 21,0.0,0
8786,2026-03-23,Ibadan South,Oyo,Rep 18,100140.41,1
8787,2026-03-24,Lekki-Ajah,Lagos,Rep 03,71393.32,1
8788,2026-03-24,Lekki-Ajah,Lagos,Rep 07,0.0,0
8789,2026-03-24,Abeokuta,Ogun,Rep 20,0.0,0
8790,2026-03-24,Sagamu,Ogun,Rep 22,0.0,0
8791,2026-03-24,Sagamu,Ogun,Rep 18,257924.16,1
8792,2026-03-24,Ibadan North,Oyo,Rep 04,46516.29,1
8793,2026-03-24,Ibadan North,Oyo,Rep 10,0.0,0
8794,2026-03-24,Ibadan North,Oyo,Rep 14,0.0,0
8795,2026-03-24,Ibadan South,Oyo,Rep 20,86851.99,1
8796,2026-03-24,Ibadan South,Oyo,Rep 19,58322.71,1
8797,2026-03-24,Ibadan South,Oyo,Rep 11,0.0,0
8798,2026-03-24,Ibadan South,Oyo,Rep 16,0.0,0
8799,2026-03-24,Ibadan South,Oyo,Rep 21,260329.22,1
8800,2026-03-24,Ibadan South,Oyo,Rep 01,65174.34,1
8801,2026-03-24,Ibadan South,Oyo,Rep 17,0.0,0
8802,2026-03-24,Ogbomosho,Oyo,Rep 13,0.0,0
8803,2026-03-25,Lagos Island,Lagos,Rep 19,133863.46,1
8804,2026-03-25,Lagos Island,Lagos,Rep 01,0.0,0
8805,2026-03-25,Lagos Island,Lagos,Rep 02,0.0,0
8806,2026-03-25,Lagos Island,Lagos,Rep 11,0.0,0
8807,2026-03-25,Lagos Island,Lagos,Rep 09,0.0,0
8808,2026-03-25,Lekki-Ajah,Lagos,Rep 11,0.0,0
8809,2026-03-25,Lekki-Ajah,Lagos,Rep 13,103771.79,1
8810,2026-03-25,Lekki-Ajah,Lagos,Rep 16,0.0,0
8811,2026-03-25,Lekki-Ajah,Lagos,Rep 12,74126.44,1
8812,2026-03-25,Lekki-Ajah,Lagos,Rep 21,0.0,0
8813,2026-03-25,Lekki-Ajah,Lagos,Rep 04,0.0,0
8814,2026-03-25,Lekki-Ajah,Lagos,Rep 13,97108.03,1
8815,2026-03-25,Lekki-Ajah,Lagos,Rep 14,96142.48,1
8816,2026-03-25,Lekki-Ajah,Lagos,Rep 18,0.0,0
8817,2026-03-25,Abeokuta,Ogun,Rep 16,7472.03,1
8818,2026-03-25,Abeokuta,Ogun,Rep 14,83542.12,1
8819,2026-03-25,Abeokuta,Ogun,Rep 22,239812.27,1
8820,2026-03-25,Abeokuta,Ogun,Rep 12,0.0,0
8821,2026-03-25,Abeokuta,Ogun,Rep 19,98929.57,1
8822,2026-03-25,Abeokuta,Ogun,Rep 04,0.0,0
8823,2026-03-25,Ibadan North,Oyo,Rep 06,0.0,0
8824,2026-03-25,Ibadan North,Oyo,Rep 22,165913.07,1
8825,2026-03-26,Lagos Mainland,Lagos,Rep 06,195870.45,1
8826,2026-03-26,Lagos Mainland,Lagos,Rep 07,0.0,0
8827,2026-03-26,Lagos Mainland,Lagos,Rep 15,179695.49,1
8828,2026-03-26,Lagos Mainland,Lagos,Rep 04,153351.36,1
8829,2026-03-26,Lagos Mainland,Lagos,Rep 01,0.0,0
8830,2026-03-26,Lagos Mainland,Lagos,Rep 13,94753.02,1
8831,2026-03-26,Lagos Mainland,Lagos,Rep 04,0.0,0
8832,2026-03-26,Lagos Island,Lagos,Rep 22,0.0,0
8833,2026-03-26,Lagos Island,Lagos,Rep 14,0.0,0
8834,2026-03-26,Lagos Island,Lagos,Rep 17,130652.93,1
8835,2026-03-26,Lekki-Ajah,Lagos,Rep 16,207920.78,1
8836,2026-03-26,Lekki-Ajah,Lagos,Rep 04,0.0,0
8837,2026-03-26,Lekki-Ajah,Lagos,Rep 03,163173.76,1
8838,2026-03-26,Lekki-Ajah,Lagos,Rep 22,0.0,0
8839,2026-03-26,Lekki-Ajah,Lagos,Rep 04,0.0,0
8840,2026-03-26,Lekki-Ajah,Lagos,Rep 19,0.0,0
8841,2026-03-26,Lekki-Ajah,Lagos,Rep 01,65620.03,1
8842,2026-03-26,Lekki-Ajah,Lagos,Rep 06,0.0,0
8843,2026-03-26,Lekki-Ajah,Lagos,Rep 11,0.0,0
8844,2026-03-26,Lekki-Ajah,Lagos,Rep 16,0.0,0
8845,2026-03-26,Lekki-Ajah,Lagos,Rep 16,0.0,0
8846,2026-03-26,Lekki-Ajah,Lagos,Rep 10,0.0,0
8847,2026-03-26,Sagamu,Ogun,Rep 17,0.0,0
8848,2026-03-26,Ibadan North,Oyo,Rep 08,0.0,0
8849,2026-03-26,Ibadan North,Oyo,Rep 06,175742.62,1
8850,2026-03-26,Ibadan North,Oyo,Rep 09,61349.99,1
8851,2026-03-26,Ibadan North,Oyo,Rep 22,22461.9,1
8852,2026-03-26,Ibadan North,Oyo,Rep 05,0.0,0
8853,2026-03-26,Ibadan North,Oyo,Rep 20,0.0,0
8854,2026-03-26,Ibadan South,Oyo,Rep 20,158054.63,1
8855,2026-03-26,Ibadan South,Oyo,Rep 11,0.0,0
8856,2026-03-26,Ibadan South,Oyo,Rep 11,0.0,0
8857,2026-03-26,Ibadan South,Oyo,Rep 12,0.0,0
8858,2026-03-26,Ibadan South,Oyo,Rep 03,127960.92,1
8859,2026-03-27,Abeokuta,Ogun,Rep 05,0.0,0
8860,2026-03-27,Abeokuta,Ogun,Rep 14,0.0,0
8861,2026-03-27,Abeokuta,Ogun,Rep 12,113962.18,1
8862,2026-03-27,Abeokuta,Ogun,Rep 14,0.0,0
8863,2026-03-27,Abeokuta,Ogun,Rep 04,0.0,0
8864,2026-03-27,Sagamu,Ogun,Rep 02,0.0,0
8865,2026-03-27,Ibadan North,Oyo,Rep 15,0.0,0
8866,2026-03-27,Ibadan North,Oyo,Rep 15,0.0,0
8867,2026-03-27,Ibadan North,Oyo,Rep 09,201055.32,1
8868,2026-03-27,Ibadan North,Oyo,Rep 08,0.0,0
8869,2026-03-28,Lagos Mainland,Lagos,Rep 19,0.0,0
8870,2026-03-28,Lagos Mainland,Lagos,Rep 12,0.0,0
8871,2026-03-28,Lagos Mainland,Lagos,Rep 11,173959.25,1
8872,2026-03-28,Lagos Mainland,Lagos,Rep 05,0.0,0
8873,2026-03-28,Lekki-Ajah,Lagos,Rep 19,58206.7,1
8874,2026-03-28,Lekki-Ajah,Lagos,Rep 15,27757.14,1
8875,2026-03-28,Abeokuta,Ogun,Rep 20,0.0,0
8876,2026-03-28,Ibadan North,Oyo,Rep 14,77791.54,1
8877,2026-03-28,Ibadan North,Oyo,Rep 22,27210.63,1
8878,2026-03-28,Ibadan North,Oyo,Rep 11,169748.7,1
8879,2026-03-28,Ibadan North,Oyo,Rep 10,0.0,0
8880,2026-03-28,Ibadan North,Oyo,Rep 17,0.0,0
8881,2026-03-28,Ibadan South,Oyo,Rep 03,130126.94,1
8882,2026-03-28,Ibadan South,Oyo,Rep 19,0.0,0
8883,2026-03-28,Ibadan South,Oyo,Rep 09,129897.27,1
8884,2026-03-28,Ibadan South,Oyo,Rep 17,0.0,0
8885,2026-03-28,Ibadan South,Oyo,Rep 19,0.0,0
8886,2026-03-29,Lagos Island,Lagos,Rep 15,0.0,0
8887,2026-03-29,Lagos Island,Lagos,Rep 05,0.0,0
8888,2026-03-29,Sagamu,Ogun,Rep 02,122129.0,1
8889,2026-03-29,Sagamu,Ogun,Rep 21,0.0,0
8890,2026-03-29,Ibadan North,Oyo,Rep 20,0.0,0
8891,2026-03-29,Ibadan North,Oyo,Rep 09,0.0,0
8892,2026-03-29,Ogbomosho,Oyo,Rep 03,0.0,0
8893,2026-03-29,Ogbomosho,Oyo,Rep 06,131410.97,1
8894,2026-03-30,Lagos Island,Lagos,Rep 13,0.0,0
8895,2026-03-30,Lagos Island,Lagos,Rep 03,0.0,0
8896,2026-03-30,Lagos Island,Lagos,Rep 03,0.0,0
8897,2026-03-30,Lagos Island,Lagos,Rep 02,0.0,0
8898,2026-03-30,Lagos Island,Lagos,Rep 07,0.0,0
8899,2026-03-30,Lagos Island,Lagos,Rep 02,73735.21,1
8900,2026-03-30,Ibadan South,Oyo,Rep 12,50518.41,1
8901,2026-03-30,Ibadan South,Oyo,Rep 05,216323.99,1
8902,2026-03-30,Ibadan South,Oyo,Rep 04,64551.33,1
8903,2026-03-30,Ibadan South,Oyo,Rep 10,0.0,0
8904,2026-03-30,Ibadan South,Oyo,Rep 22,0.0,0
8905,2026-03-30,Ibadan South,Oyo,Rep 07,225089.24,1
8906,2026-03-30,Ibadan South,Oyo,Rep 05,61674.13,1
8907,2026-03-30,Ibadan South,Oyo,Rep 21,0.0,0
8908,2026-03-30,Ogbomosho,Oyo,Rep 03,0.0,0
8909,2026-03-31,Lagos Mainland,Lagos,Rep 05,184053.4,1
8910,2026-03-31,Lagos Mainland,Lagos,Rep 11,285432.15,1
8911,2026-03-31,Lagos Mainland,Lagos,Rep 20,0.0,0
8912,2026-03-31,Lagos Mainland,Lagos,Rep 01,72586.37,1
8913,2026-03-31,Lagos Mainland,Lagos,Rep 04,0.0,0
8914,2026-03-31,Lagos Mainland,Lagos,Rep 21,187670.12,1
8915,2026-03-31,Lagos Mainland,Lagos,Rep 11,92394.19,1
8916,2026-03-31,Lekki-Ajah,Lagos,Rep 22,0.0,0
8917,2026-03-31,Lekki-Ajah,Lagos,Rep 08,0.0,0
8918,2026-03-31,Lekki-Ajah,Lagos,Rep 11,204663.24,1
8919,2026-03-31,Lekki-Ajah,Lagos,Rep 03,0.0,0
8920,2026-03-31,Lekki-Ajah,Lagos,Rep 20,143125.4,1
8921,2026-03-31,Sagamu,Ogun,Rep 14,0.0,0
8922,2026-03-31,Sagamu,Ogun,Rep 04,0.0,0
8923,2026-04-01,Abeokuta,Ogun,Rep 09,0.0,0
8924,2026-04-01,Abeokuta,Ogun,Rep 06,180072.09,1
8925,2026-04-01,Abeokuta,Ogun,Rep 22,137440.48,1
8926,2026-04-01,Abeokuta,Ogun,Rep 20,0.0,0
8927,2026-04-01,Ibadan North,Oyo,Rep 12,0.0,0
8928,2026-04-01,Ibadan North,Oyo,Rep 01,103230.04,1
8929,2026-04-01,Ibadan North,Oyo,Rep 06,0.0,0
8930,2026-04-01,Ibadan North,Oyo,Rep 02,0.0,0
8931,2026-04-01,Ibadan North,Oyo,Rep 01,0.0,0
8932,2026-04-01,Ibadan North,Oyo,Rep 05,0.0,0
8933,2026-04-01,Ibadan South,Oyo,Rep 07,0.0,0
8934,2026-04-01,Ibadan South,Oyo,Rep 07,0.0,0
8935,2026-04-01,Ibadan South,Oyo,Rep 14,0.0,0
8936,2026-04-02,Lekki-Ajah,Lagos,Rep 03,202148.52,1
8937,2026-04-02,Lekki-Ajah,Lagos,Rep 15,0.0,0
8938,2026-04-02,Abeokuta,Ogun,Rep 14,0.0,0
8939,2026-04-02,Abeokuta,Ogun,Rep 15,0.0,0
8940,2026-04-02,Abeokuta,Ogun,Rep 11,0.0,0
8941,2026-04-02,Ibadan South,Oyo,Rep 14,156697.38,1
8942,2026-04-02,Ibadan South,Oyo,Rep 17,0.0,0
8943,2026-04-02,Ibadan South,Oyo,Rep 16,274106.87,1
8944,2026-04-02,Ibadan South,Oyo,Rep 16,0.0,0
8945,2026-04-02,Ibadan South,Oyo,Rep 10,0.0,0
8946,2026-04-03,Lagos Island,Lagos,Rep 04,0.0,0
8947,2026-04-03,Lagos Island,Lagos,Rep 19,0.0,0
8948,2026-04-03,Lagos Island,Lagos,Rep 14,156512.68,1
8949,2026-04-03,Lagos Island,Lagos,Rep 16,0.0,0
8950,2026-04-03,Lagos Island,Lagos,Rep 21,87989.91,1
8951,2026-04-03,Lagos Island,Lagos,Rep 14,0.0,0
8952,2026-04-03,Lagos Island,Lagos,Rep 20,0.0,0
8953,2026-04-03,Lagos Island,Lagos,Rep 17,82142.23,1
8954,2026-04-03,Lagos Island,Lagos,Rep 02,0.0,0
8955,2026-04-04,Lagos Mainland,Lagos,Rep 13,0.0,0
8956,2026-04-04,Lagos Mainland,Lagos,Rep 05,108984.75,1
8957,2026-04-04,Lagos Mainland,Lagos,Rep 12,0.0,0
8958,2026-04-04,Lagos Mainland,Lagos,Rep 03,0.0,0
8959,2026-04-04,Lagos Mainland,Lagos,Rep 10,240386.79,1
8960,2026-04-04,Lagos Mainland,Lagos,Rep 11,0.0,0
8961,2026-04-04,Lagos Mainland,Lagos,Rep 09,0.0,0
8962,2026-04-04,Lekki-Ajah,Lagos,Rep 06,0.0,0
8963,2026-04-04,Lekki-Ajah,Lagos,Rep 18,78815.28,1
8964,2026-04-04,Lekki-Ajah,Lagos,Rep 17,142645.44,1
8965,2026-04-04,Lekki-Ajah,Lagos,Rep 09,0.0,0
8966,2026-04-04,Lekki-Ajah,Lagos,Rep 11,0.0,0
8967,2026-04-04,Lekki-Ajah,Lagos,Rep 07,82652.02,1
8968,2026-04-04,Lekki-Ajah,Lagos,Rep 05,0.0,0
8969,2026-04-04,Lekki-Ajah,Lagos,Rep 14,0.0,0
8970,2026-04-04,Ibadan North,Oyo,Rep 18,145692.6,1
8971,2026-04-04,Ibadan North,Oyo,Rep 22,60753.32,1
8972,2026-04-04,Ibadan North,Oyo,Rep 12,0.0,0
8973,2026-04-04,Ibadan North,Oyo,Rep 06,0.0,0
8974,2026-04-04,Ibadan South,Oyo,Rep 04,114626.03,1
8975,2026-04-04,Ibadan South,Oyo,Rep 21,0.0,0
8976,2026-04-04,Ibadan South,Oyo,Rep 21,0.0,0
8977,2026-04-05,Lagos Island,Lagos,Rep 10,80950.34,1
8978,2026-04-05,Lagos Island,Lagos,Rep 19,295091.21,1
8979,2026-04-05,Lagos Island,Lagos,Rep 15,24895.82,1
8980,2026-04-05,Lagos Island,Lagos,Rep 04,32406.42,1
8981,2026-04-05,Lagos Island,Lagos,Rep 02,0.0,0
8982,2026-04-05,Abeokuta,Ogun,Rep 22,0.0,0
8983,2026-04-05,Abeokuta,Ogun,Rep 16,0.0,0
8984,2026-04-05,Sagamu,Ogun,Rep 02,0.0,0
8985,2026-04-06,Lagos Island,Lagos,Rep 21,0.0,0
8986,2026-04-06,Lagos Island,Lagos,Rep 15,0.0,0
8987,2026-04-06,Lagos Island,Lagos,Rep 04,128353.63,1
8988,2026-04-06,Lagos Island,Lagos,Rep 11,0.0,0
8989,2026-04-06,Lagos Island,Lagos,Rep 10,0.0,0
8990,2026-04-06,Lagos Island,Lagos,Rep 22,0.0,0
8991,2026-04-06,Lagos Island,Lagos,Rep 15,0.0,0
8992,2026-04-06,Lekki-Ajah,Lagos,Rep 02,0.0,0
8993,2026-04-06,Lekki-Ajah,Lagos,Rep 05,0.0,0
8994,2026-04-06,Lekki-Ajah,Lagos,Rep 17,263629.39,1
8995,2026-04-06,Lekki-Ajah,Lagos,Rep 09,0.0,0
8996,2026-04-06,Ibadan South,Oyo,Rep 19,0.0,0
8997,2026-04-06,Ibadan South,Oyo,Rep 15,0.0,0
8998,2026-04-06,Ibadan South,Oyo,Rep 03,0.0,0
8999,2026-04-06,Ogbomosho,Oyo,Rep 09,0.0,0
9000,2026-04-06,Ogbomosho,Oyo,Rep 01,48755.05,1
9001,2026-04-07,Lagos Mainland,Lagos,Rep 13,84893.49,1
9002,2026-04-07,Lagos Mainland,Lagos,Rep 02,52128.24,1
9003,2026-04-07,Lagos Mainland,Lagos,Rep 06,0.0,0
9004,2026-04-07,Lagos Mainland,Lagos,Rep 01,188162.68,1
9005,2026-04-07,Lagos Mainland,Lagos,Rep 07,0.0,0
9006,2026-04-07,Lagos Mainland,Lagos,Rep 09,352340.7,1
9007,2026-04-07,Lagos Mainland,Lagos,Rep 14,0.0,0
9008,2026-04-07,Lekki-Ajah,Lagos,Rep 22,0.0,0
9009,2026-04-07,Lekki-Ajah,Lagos,Rep 04,0.0,0
9010,2026-04-07,Lekki-Ajah,Lagos,Rep 14,0.0,0
9011,2026-04-07,Lekki-Ajah,Lagos,Rep 01,0.0,0
9012,2026-04-07,Abeokuta,Ogun,Rep 15,231488.22,1
9013,2026-04-07,Abeokuta,Ogun,Rep 15,121348.52,1
9014,2026-04-07,Abeokuta,Ogun,Rep 21,0.0,0
9015,2026-04-07,Sagamu,Ogun,Rep 18,186298.1,1
9016,2026-04-07,Ibadan South,Oyo,Rep 17,0.0,0
9017,2026-04-07,Ibadan South,Oyo,Rep 16,0.0,0
9018,2026-04-08,Lagos Island,Lagos,Rep 07,74547.81,1
9019,2026-04-08,Lagos Island,Lagos,Rep 21,46703.73,1
9020,2026-04-08,Lagos Island,Lagos,Rep 21,96853.03,1
9021,2026-04-08,Lagos Island,Lagos,Rep 08,0.0,0
9022,2026-04-08,Lagos Island,Lagos,Rep 20,124112.08,1
9023,2026-04-08,Lagos Island,Lagos,Rep 13,0.0,0
9024,2026-04-08,Lekki-Ajah,Lagos,Rep 05,0.0,0
9025,2026-04-08,Lekki-Ajah,Lagos,Rep 01,0.0,0
9026,2026-04-08,Lekki-Ajah,Lagos,Rep 06,0.0,0
9027,2026-04-08,Lekki-Ajah,Lagos,Rep 08,34450.11,1
9028,2026-04-08,Lekki-Ajah,Lagos,Rep 16,0.0,0
9029,2026-04-08,Lekki-Ajah,Lagos,Rep 19,223377.04,1
9030,2026-04-08,Lekki-Ajah,Lagos,Rep 20,0.0,0
9031,2026-04-08,Ibadan North,Oyo,Rep 17,0.0,0
9032,2026-04-08,Ibadan North,Oyo,Rep 19,0.0,0
9033,2026-04-08,Ibadan North,Oyo,Rep 10,195028.69,1
9034,2026-04-08,Ibadan North,Oyo,Rep 13,0.0,0
9035,2026-04-08,Ibadan North,Oyo,Rep 11,0.0,0
9036,2026-04-08,Ibadan North,Oyo,Rep 20,0.0,0
9037,2026-04-08,Ibadan North,Oyo,Rep 11,0.0,0
9038,2026-04-08,Ibadan North,Oyo,Rep 04,0.0,0
9039,2026-04-08,Ibadan North,Oyo,Rep 06,57752.38,1
9040,2026-04-08,Ibadan South,Oyo,Rep 15,0.0,0
9041,2026-04-08,Ibadan South,Oyo,Rep 22,0.0,0
9042,2026-04-08,Ogbomosho,Oyo,Rep 05,0.0,0
9043,2026-04-09,Lagos Mainland,Lagos,Rep 13,189964.37,1
9044,2026-04-09,Lagos Mainland,Lagos,Rep 20,0.0,0
9045,2026-04-09,Lagos Mainland,Lagos,Rep 06,174546.08,1
9046,2026-04-09,Lagos Mainland,Lagos,Rep 01,0.0,0
9047,2026-04-09,Lagos Mainland,Lagos,Rep 07,0.0,0
9048,2026-04-09,Lagos Mainland,Lagos,Rep 17,0.0,0
9049,2026-04-09,Lagos Mainland,Lagos,Rep 15,225147.52,1
9050,2026-04-09,Abeokuta,Ogun,Rep 12,0.0,0
9051,2026-04-09,Abeokuta,Ogun,Rep 02,0.0,0
9052,2026-04-09,Abeokuta,Ogun,Rep 02,0.0,0
9053,2026-04-09,Sagamu,Ogun,Rep 02,0.0,0
9054,2026-04-10,Lagos Mainland,Lagos,Rep 17,195710.24,1
9055,2026-04-10,Lagos Mainland,Lagos,Rep 04,174328.34,1
9056,2026-04-10,Lagos Mainland,Lagos,Rep 15,102645.68,1
9057,2026-04-10,Lagos Mainland,Lagos,Rep 21,161859.02,1
9058,2026-04-10,Lagos Mainland,Lagos,Rep 11,0.0,0
9059,2026-04-10,Lagos Mainland,Lagos,Rep 02,0.0,0
9060,2026-04-10,Lagos Mainland,Lagos,Rep 04,0.0,0
9061,2026-04-10,Lagos Mainland,Lagos,Rep 07,236927.29,1
9062,2026-04-10,Lagos Island,Lagos,Rep 16,90142.89,1
9063,2026-04-10,Lagos Island,Lagos,Rep 14,0.0,0
9064,2026-04-10,Lagos Island,Lagos,Rep 21,145327.36,1
9065,2026-04-10,Lagos Island,Lagos,Rep 02,59291.5,1
9066,2026-04-10,Lagos Island,Lagos,Rep 07,0.0,0
9067,2026-04-10,Abeokuta,Ogun,Rep 01,0.0,0
9068,2026-04-10,Abeokuta,Ogun,Rep 01,0.0,0
9069,2026-04-10,Abeokuta,Ogun,Rep 10,0.0,0
9070,2026-04-10,Abeokuta,Ogun,Rep 08,0.0,0
9071,2026-04-10,Abeokuta,Ogun,Rep 14,0.0,0
9072,2026-04-10,Sagamu,Ogun,Rep 10,128872.5,1
9073,2026-04-10,Ibadan South,Oyo,Rep 16,0.0,0
9074,2026-04-10,Ibadan South,Oyo,Rep 17,47732.5,1
9075,2026-04-11,Lagos Mainland,Lagos,Rep 05,0.0,0
9076,2026-04-11,Lagos Mainland,Lagos,Rep 15,119554.61,1
9077,2026-04-11,Lagos Mainland,Lagos,Rep 13,0.0,0
9078,2026-04-11,Lagos Mainland,Lagos,Rep 14,0.0,0
9079,2026-04-11,Lagos Mainland,Lagos,Rep 12,57793.92,1
9080,2026-04-11,Lagos Mainland,Lagos,Rep 03,200276.87,1
9081,2026-04-11,Lagos Mainland,Lagos,Rep 17,14502.92,1
9082,2026-04-11,Lagos Island,Lagos,Rep 19,0.0,0
9083,2026-04-11,Lagos Island,Lagos,Rep 12,0.0,0
9084,2026-04-11,Lagos Island,Lagos,Rep 11,0.0,0
9085,2026-04-11,Lagos Island,Lagos,Rep 20,0.0,0
9086,2026-04-11,Lagos Island,Lagos,Rep 19,0.0,0
9087,2026-04-11,Lagos Island,Lagos,Rep 16,166596.51,1
9088,2026-04-11,Abeokuta,Ogun,Rep 16,0.0,0
9089,2026-04-11,Abeokuta,Ogun,Rep 10,47124.42,1
9090,2026-04-11,Abeokuta,Ogun,Rep 10,479961.46,1
9091,2026-04-11,Ibadan South,Oyo,Rep 18,0.0,0
9092,2026-04-11,Ibadan South,Oyo,Rep 22,0.0,0
9093,2026-04-11,Ibadan South,Oyo,Rep 14,0.0,0
9094,2026-04-11,Ibadan South,Oyo,Rep 11,0.0,0
9095,2026-04-11,Ibadan South,Oyo,Rep 06,0.0,0
9096,2026-04-11,Ogbomosho,Oyo,Rep 17,21988.81,1
9097,2026-04-12,Lagos Island,Lagos,Rep 12,130581.71,1
9098,2026-04-12,Lagos Island,Lagos,Rep 04,0.0,0
9099,2026-04-12,Lagos Island,Lagos,Rep 01,0.0,0
9100,2026-04-12,Lagos Island,Lagos,Rep 13,0.0,0
9101,2026-04-12,Lagos Island,Lagos,Rep 04,0.0,0
9102,2026-04-12,Lagos Island,Lagos,Rep 21,0.0,0
9103,2026-04-12,Lekki-Ajah,Lagos,Rep 18,147717.09,1
9104,2026-04-12,Lekki-Ajah,Lagos,Rep 22,0.0,0
9105,2026-04-12,Lekki-Ajah,Lagos,Rep 06,0.0,0
9106,2026-04-12,Lekki-Ajah,Lagos,Rep 20,0.0,0
9107,2026-04-12,Lekki-Ajah,Lagos,Rep 01,165568.45,1
9108,2026-04-12,Lekki-Ajah,Lagos,Rep 02,0.0,0
9109,2026-04-12,Lekki-Ajah,Lagos,Rep 14,281065.08,1
9110,2026-04-12,Lekki-Ajah,Lagos,Rep 22,0.0,0
9111,2026-04-12,Abeokuta,Ogun,Rep 07,157956.87,1
9112,2026-04-12,Abeokuta,Ogun,Rep 15,83345.62,1
9113,2026-04-12,Abeokuta,Ogun,Rep 13,0.0,0
9114,2026-04-12,Abeokuta,Ogun,Rep 05,0.0,0
9115,2026-04-12,Sagamu,Ogun,Rep 16,77999.01,1
9116,2026-04-12,Sagamu,Ogun,Rep 07,0.0,0
9117,2026-04-12,Ibadan North,Oyo,Rep 01,68278.48,1
9118,2026-04-12,Ibadan North,Oyo,Rep 05,102772.02,1
9119,2026-04-12,Ibadan North,Oyo,Rep 10,134359.93,1
9120,2026-04-12,Ibadan North,Oyo,Rep 13,0.0,0
9121,2026-04-12,Ibadan North,Oyo,Rep 19,70341.6,1
9122,2026-04-12,Ibadan South,Oyo,Rep 12,0.0,0
9123,2026-04-12,Ibadan South,Oyo,Rep 12,0.0,0
9124,2026-04-12,Ibadan South,Oyo,Rep 16,70648.71,1
9125,2026-04-12,Ibadan South,Oyo,Rep 08,0.0,0
9126,2026-04-13,Ibadan North,Oyo,Rep 14,0.0,0
9127,2026-04-13,Ibadan South,Oyo,Rep 15,0.0,0
9128,2026-04-13,Ibadan South,Oyo,Rep 07,0.0,0
9129,2026-04-14,Abeokuta,Ogun,Rep 06,0.0,0
9130,2026-04-14,Abeokuta,Ogun,Rep 02,0.0,0
9131,2026-04-14,Abeokuta,Ogun,Rep 21,0.0,0
9132,2026-04-14,Abeokuta,Ogun,Rep 21,0.0,0
9133,2026-04-14,Ibadan South,Oyo,Rep 13,69620.61,1
9134,2026-04-14,Ibadan South,Oyo,Rep 14,0.0,0
9135,2026-04-14,Ibadan South,Oyo,Rep 22,128321.17,1
9136,2026-04-15,Lagos Island,Lagos,Rep 11,0.0,0
9137,2026-04-15,Lagos Island,Lagos,Rep 18,0.0,0
9138,2026-04-15,Lagos Island,Lagos,Rep 09,0.0,0
9139,2026-04-15,Lagos Island,Lagos,Rep 05,0.0,0
9140,2026-04-15,Lagos Island,Lagos,Rep 02,0.0,0
9141,2026-04-15,Abeokuta,Ogun,Rep 04,0.0,0
9142,2026-04-15,Abeokuta,Ogun,Rep 08,69288.86,1
9143,2026-04-15,Abeokuta,Ogun,Rep 16,112689.76,1
9144,2026-04-15,Sagamu,Ogun,Rep 17,0.0,0
9145,2026-04-16,Lekki-Ajah,Lagos,Rep 11,0.0,0
9146,2026-04-16,Lekki-Ajah,Lagos,Rep 19,0.0,0
9147,2026-04-16,Lekki-Ajah,Lagos,Rep 04,0.0,0
9148,2026-04-16,Lekki-Ajah,Lagos,Rep 12,0.0,0
9149,2026-04-16,Lekki-Ajah,Lagos,Rep 09,432489.2,1
9150,2026-04-16,Lekki-Ajah,Lagos,Rep 04,0.0,0
9151,2026-04-16,Abeokuta,Ogun,Rep 16,0.0,0
9152,2026-04-16,Abeokuta,Ogun,Rep 01,0.0,0
9153,2026-04-16,Ibadan South,Oyo,Rep 14,0.0,0
9154,2026-04-16,Ibadan South,Oyo,Rep 04,0.0,0
9155,2026-04-16,Ibadan South,Oyo,Rep 21,0.0,0
9156,2026-04-16,Ibadan South,Oyo,Rep 20,203881.67,1
9157,2026-04-16,Ibadan South,Oyo,Rep 10,0.0,0
9158,2026-04-17,Lagos Island,Lagos,Rep 21,130496.04,1
9159,2026-04-17,Lagos Island,Lagos,Rep 22,0.0,0
9160,2026-04-17,Lagos Island,Lagos,Rep 07,0.0,0
9161,2026-04-17,Lagos Island,Lagos,Rep 06,194845.64,1
9162,2026-04-17,Lagos Island,Lagos,Rep 08,0.0,0
9163,2026-04-17,Lagos Island,Lagos,Rep 07,106343.02,1
9164,2026-04-17,Lagos Island,Lagos,Rep 14,0.0,0
9165,2026-04-17,Lagos Island,Lagos,Rep 03,0.0,0
9166,2026-04-17,Lagos Island,Lagos,Rep 22,0.0,0
9167,2026-04-17,Lekki-Ajah,Lagos,Rep 18,144393.31,1
9168,2026-04-17,Lekki-Ajah,Lagos,Rep 21,120452.44,1
9169,2026-04-17,Lekki-Ajah,Lagos,Rep 12,0.0,0
9170,2026-04-17,Lekki-Ajah,Lagos,Rep 17,0.0,0
9171,2026-04-17,Lekki-Ajah,Lagos,Rep 12,76376.74,1
9172,2026-04-17,Lekki-Ajah,Lagos,Rep 22,220362.82,1
9173,2026-04-17,Lekki-Ajah,Lagos,Rep 04,226286.8,1
9174,2026-04-17,Abeokuta,Ogun,Rep 18,0.0,0
9175,2026-04-17,Sagamu,Ogun,Rep 19,0.0,0
9176,2026-04-17,Sagamu,Ogun,Rep 06,0.0,0
9177,2026-04-17,Sagamu,Ogun,Rep 21,0.0,0
9178,2026-04-17,Ibadan North,Oyo,Rep 09,0.0,0
9179,2026-04-17,Ibadan North,Oyo,Rep 05,114069.62,1
9180,2026-04-17,Ibadan North,Oyo,Rep 10,0.0,0
9181,2026-04-17,Ibadan North,Oyo,Rep 06,43394.66,1
9182,2026-04-17,Ibadan North,Oyo,Rep 02,0.0,0
9183,2026-04-17,Ibadan North,Oyo,Rep 03,0.0,0
9184,2026-04-18,Lagos Island,Lagos,Rep 22,136316.64,1
9185,2026-04-18,Lagos Island,Lagos,Rep 05,205253.64,1
9186,2026-04-18,Lagos Island,Lagos,Rep 02,0.0,0
9187,2026-04-18,Lagos Island,Lagos,Rep 22,301079.21,1
9188,2026-04-18,Lagos Island,Lagos,Rep 17,0.0,0
9189,2026-04-18,Lagos Island,Lagos,Rep 17,0.0,0
9190,2026-04-18,Lekki-Ajah,Lagos,Rep 07,0.0,0
9191,2026-04-18,Lekki-Ajah,Lagos,Rep 20,98971.7,1
9192,2026-04-18,Lekki-Ajah,Lagos,Rep 21,75072.08,1
9193,2026-04-18,Lekki-Ajah,Lagos,Rep 18,97707.4,1
9194,2026-04-18,Lekki-Ajah,Lagos,Rep 15,0.0,0
9195,2026-04-18,Lekki-Ajah,Lagos,Rep 08,207628.8,1
9196,2026-04-18,Ibadan North,Oyo,Rep 11,0.0,0
9197,2026-04-18,Ibadan North,Oyo,Rep 08,0.0,0
9198,2026-04-18,Ibadan North,Oyo,Rep 14,417681.16,1
9199,2026-04-18,Ibadan North,Oyo,Rep 02,159841.91,1
9200,2026-04-18,Ibadan North,Oyo,Rep 01,0.0,0
9201,2026-04-18,Ogbomosho,Oyo,Rep 13,0.0,0
9202,2026-04-18,Ogbomosho,Oyo,Rep 03,69268.37,1
9203,2026-04-19,Lagos Mainland,Lagos,Rep 06,0.0,0
9204,2026-04-19,Lagos Mainland,Lagos,Rep 11,112349.72,1
9205,2026-04-19,Lagos Mainland,Lagos,Rep 21,0.0,0
9206,2026-04-19,Lagos Mainland,Lagos,Rep 18,0.0,0
9207,2026-04-19,Lagos Mainland,Lagos,Rep 04,0.0,0
9208,2026-04-19,Lagos Mainland,Lagos,Rep 19,154215.38,1
9209,2026-04-19,Lagos Mainland,Lagos,Rep 05,96030.29,1
9210,2026-04-19,Lagos Mainland,Lagos,Rep 22,0.0,0
9211,2026-04-19,Lagos Mainland,Lagos,Rep 21,0.0,0
9212,2026-04-19,Lagos Mainland,Lagos,Rep 03,155814.64,1
9213,2026-04-19,Lagos Mainland,Lagos,Rep 03,57636.49,1
9214,2026-04-19,Lagos Mainland,Lagos,Rep 14,0.0,0
9215,2026-04-19,Lagos Mainland,Lagos,Rep 03,0.0,0
9216,2026-04-19,Lagos Mainland,Lagos,Rep 17,0.0,0
9217,2026-04-19,Lagos Island,Lagos,Rep 05,0.0,0
9218,2026-04-19,Lagos Island,Lagos,Rep 08,0.0,0
9219,2026-04-19,Lagos Island,Lagos,Rep 22,108837.72,1
9220,2026-04-19,Lagos Island,Lagos,Rep 16,30550.29,1
9221,2026-04-19,Abeokuta,Ogun,Rep 22,336892.94,1
9222,2026-04-19,Abeokuta,Ogun,Rep 22,0.0,0
9223,2026-04-19,Ibadan North,Oyo,Rep 10,289058.2,1
9224,2026-04-19,Ibadan North,Oyo,Rep 07,0.0,0
9225,2026-04-19,Ibadan North,Oyo,Rep 17,0.0,0
9226,2026-04-19,Ibadan North,Oyo,Rep 12,0.0,0
9227,2026-04-19,Ibadan South,Oyo,Rep 17,72308.93,1
9228,2026-04-19,Ibadan South,Oyo,Rep 13,0.0,0
9229,2026-04-19,Ibadan South,Oyo,Rep 15,283092.79,1
9230,2026-04-20,Lagos Mainland,Lagos,Rep 04,0.0,0
9231,2026-04-20,Lagos Mainland,Lagos,Rep 14,0.0,0
9232,2026-04-20,Lagos Mainland,Lagos,Rep 01,0.0,0
9233,2026-04-20,Lagos Mainland,Lagos,Rep 04,0.0,0
9234,2026-04-20,Lagos Mainland,Lagos,Rep 05,0.0,0
9235,2026-04-20,Lagos Mainland,Lagos,Rep 06,0.0,0
9236,2026-04-20,Lagos Mainland,Lagos,Rep 13,0.0,0
9237,2026-04-20,Lagos Mainland,Lagos,Rep 04,138591.33,1
9238,2026-04-20,Lagos Mainland,Lagos,Rep 05,293939.81,1
9239,2026-04-20,Lagos Mainland,Lagos,Rep 08,37191.49,1
9240,2026-04-20,Lagos Mainland,Lagos,Rep 17,0.0,0
9241,2026-04-20,Lagos Mainland,Lagos,Rep 04,134543.69,1
9242,2026-04-20,Lagos Mainland,Lagos,Rep 18,0.0,0
9243,2026-04-20,Lagos Mainland,Lagos,Rep 09,0.0,0
9244,2026-04-20,Lagos Mainland,Lagos,Rep 11,124555.32,1
9245,2026-04-20,Lagos Mainland,Lagos,Rep 08,143422.01,1
9246,2026-04-20,Lagos Mainland,Lagos,Rep 11,0.0,0
9247,2026-04-20,Lekki-Ajah,Lagos,Rep 01,310575.07,1
9248,2026-04-20,Lekki-Ajah,Lagos,Rep 07,111971.9,1
9249,2026-04-20,Lekki-Ajah,Lagos,Rep 07,0.0,0
9250,2026-04-20,Abeokuta,Ogun,Rep 02,0.0,0
9251,2026-04-20,Abeokuta,Ogun,Rep 21,0.0,0
9252,2026-04-20,Abeokuta,Ogun,Rep 21,0.0,0
9253,2026-04-20,Abeokuta,Ogun,Rep 22,146872.04,1
9254,2026-04-20,Ibadan North,Oyo,Rep 18,0.0,0
9255,2026-04-20,Ibadan North,Oyo,Rep 07,0.0,0
9256,2026-04-20,Ibadan North,Oyo,Rep 04,63496.54,1
9257,2026-04-20,Ibadan North,Oyo,Rep 03,0.0,0
9258,2026-04-20,Ibadan North,Oyo,Rep 14,214510.43,1
9259,2026-04-20,Ibadan North,Oyo,Rep 19,77426.18,1
9260,2026-04-20,Ibadan South,Oyo,Rep 04,100258.45,1
9261,2026-04-20,Ibadan South,Oyo,Rep 08,0.0,0
9262,2026-04-21,Lagos Mainland,Lagos,Rep 22,70811.89,1
9263,2026-04-21,Lagos Mainland,Lagos,Rep 21,82965.63,1
9264,2026-04-21,Lagos Mainland,Lagos,Rep 22,0.0,0
9265,2026-04-21,Lagos Mainland,Lagos,Rep 01,0.0,0
9266,2026-04-21,Lagos Mainland,Lagos,Rep 14,155859.76,1
9267,2026-04-21,Lagos Mainland,Lagos,Rep 10,165374.33,1
9268,2026-04-21,Lagos Mainland,Lagos,Rep 11,0.0,0
9269,2026-04-21,Lagos Mainland,Lagos,Rep 10,0.0,0
9270,2026-04-21,Lagos Mainland,Lagos,Rep 13,0.0,0
9271,2026-04-21,Lagos Mainland,Lagos,Rep 18,195093.2,1
9272,2026-04-21,Lagos Mainland,Lagos,Rep 06,158783.0,1
9273,2026-04-21,Lagos Island,Lagos,Rep 06,0.0,0
9274,2026-04-21,Lagos Island,Lagos,Rep 17,0.0,0
9275,2026-04-21,Lagos Island,Lagos,Rep 21,93198.98,1
9276,2026-04-21,Lekki-Ajah,Lagos,Rep 09,0.0,0
9277,2026-04-21,Lekki-Ajah,Lagos,Rep 13,0.0,0
9278,2026-04-21,Lekki-Ajah,Lagos,Rep 09,356606.21,1
9279,2026-04-21,Lekki-Ajah,Lagos,Rep 07,0.0,0
9280,2026-04-21,Lekki-Ajah,Lagos,Rep 08,72187.94,1
9281,2026-04-21,Sagamu,Ogun,Rep 05,0.0,0
9282,2026-04-21,Ibadan South,Oyo,Rep 14,339033.21,1
9283,2026-04-21,Ibadan South,Oyo,Rep 10,0.0,0
9284,2026-04-21,Ibadan South,Oyo,Rep 20,0.0,0
9285,2026-04-21,Ibadan South,Oyo,Rep 22,155374.71,1
9286,2026-04-21,Ibadan South,Oyo,Rep 17,0.0,0
9287,2026-04-21,Ibadan South,Oyo,Rep 05,0.0,0
9288,2026-04-22,Lagos Island,Lagos,Rep 01,0.0,0
9289,2026-04-22,Lagos Island,Lagos,Rep 12,0.0,0
9290,2026-04-22,Lagos Island,Lagos,Rep 08,0.0,0
9291,2026-04-22,Lagos Island,Lagos,Rep 12,68636.09,1
9292,2026-04-22,Lagos Island,Lagos,Rep 20,43714.17,1
9293,2026-04-22,Lagos Island,Lagos,Rep 16,191158.84,1
9294,2026-04-22,Lagos Island,Lagos,Rep 07,0.0,0
9295,2026-04-22,Sagamu,Ogun,Rep 18,0.0,0
9296,2026-04-22,Ibadan North,Oyo,Rep 15,130789.09,1
9297,2026-04-22,Ibadan North,Oyo,Rep 04,220487.39,1
9298,2026-04-22,Ibadan North,Oyo,Rep 01,0.0,0
9299,2026-04-22,Ibadan North,Oyo,Rep 05,0.0,0
9300,2026-04-22,Ibadan North,Oyo,Rep 02,0.0,0
9301,2026-04-22,Ibadan South,Oyo,Rep 02,0.0,0
9302,2026-04-22,Ibadan South,Oyo,Rep 18,0.0,0
9303,2026-04-22,Ibadan South,Oyo,Rep 16,0.0,0
9304,2026-04-22,Ibadan South,Oyo,Rep 02,66075.04,1
9305,2026-04-22,Ibadan South,Oyo,Rep 06,0.0,0
9306,2026-04-22,Ibadan South,Oyo,Rep 11,146170.2,1
9307,2026-04-23,Lagos Island,Lagos,Rep 06,68099.33,1
9308,2026-04-23,Lagos Island,Lagos,Rep 21,0.0,0
9309,2026-04-23,Lagos Island,Lagos,Rep 20,0.0,0
9310,2026-04-23,Lagos Island,Lagos,Rep 10,60824.58,1
9311,2026-04-23,Lagos Island,Lagos,Rep 04,68317.99,1
9312,2026-04-23,Lagos Island,Lagos,Rep 13,95860.07,1
9313,2026-04-23,Sagamu,Ogun,Rep 08,145867.46,1
9314,2026-04-23,Ibadan North,Oyo,Rep 06,0.0,0
9315,2026-04-23,Ibadan North,Oyo,Rep 19,0.0,0
9316,2026-04-23,Ibadan North,Oyo,Rep 20,102049.38,1
9317,2026-04-23,Ibadan South,Oyo,Rep 10,0.0,0
9318,2026-04-23,Ibadan South,Oyo,Rep 14,0.0,0
9319,2026-04-23,Ibadan South,Oyo,Rep 08,0.0,0
9320,2026-04-23,Ibadan South,Oyo,Rep 02,0.0,0
9321,2026-04-23,Ibadan South,Oyo,Rep 02,0.0,0
9322,2026-04-23,Ibadan South,Oyo,Rep 13,67434.57,1
9323,2026-04-23,Ibadan South,Oyo,Rep 08,151651.1,1
9324,2026-04-23,Ogbomosho,Oyo,Rep 11,0.0,0
9325,2026-04-23,Ogbomosho,Oyo,Rep 02,0.0,0
9326,2026-04-24,Sagamu,Ogun,Rep 14,0.0,0
9327,2026-04-25,Lagos Mainland,Lagos,Rep 16,0.0,0
9328,2026-04-25,Lagos Mainland,Lagos,Rep 13,0.0,0
9329,2026-04-25,Lagos Mainland,Lagos,Rep 05,216513.28,1
9330,2026-04-25,Lagos Mainland,Lagos,Rep 15,0.0,0
9331,2026-04-25,Lagos Mainland,Lagos,Rep 20,0.0,0
9332,2026-04-25,Lagos Mainland,Lagos,Rep 09,181638.89,1
9333,2026-04-25,Lagos Mainland,Lagos,Rep 02,0.0,0
9334,2026-04-25,Lagos Mainland,Lagos,Rep 15,92408.92,1
9335,2026-04-25,Lagos Mainland,Lagos,Rep 19,0.0,0
9336,2026-04-25,Lagos Island,Lagos,Rep 18,61378.26,1
9337,2026-04-25,Lagos Island,Lagos,Rep 13,0.0,0
9338,2026-04-25,Lagos Island,Lagos,Rep 19,88867.4,1
9339,2026-04-25,Lagos Island,Lagos,Rep 18,119201.74,1
9340,2026-04-25,Lagos Island,Lagos,Rep 20,0.0,0
9341,2026-04-25,Lagos Island,Lagos,Rep 15,0.0,0
9342,2026-04-25,Abeokuta,Ogun,Rep 21,0.0,0
9343,2026-04-25,Ibadan South,Oyo,Rep 18,0.0,0
9344,2026-04-25,Ibadan South,Oyo,Rep 04,53479.3,1
9345,2026-04-25,Ibadan South,Oyo,Rep 02,0.0,0
9346,2026-04-25,Ibadan South,Oyo,Rep 16,195611.22,1
9347,2026-04-26,Lagos Mainland,Lagos,Rep 22,0.0,0
9348,2026-04-26,Lagos Mainland,Lagos,Rep 21,256503.02,1
9349,2026-04-26,Lagos Mainland,Lagos,Rep 03,0.0,0
9350,2026-04-26,Lagos Mainland,Lagos,Rep 04,134632.02,1
9351,2026-04-26,Lagos Mainland,Lagos,Rep 21,0.0,0
9352,2026-04-26,Lagos Island,Lagos,Rep 15,0.0,0
9353,2026-04-26,Lagos Island,Lagos,Rep 16,171691.04,1
9354,2026-04-26,Lagos Island,Lagos,Rep 14,120594.79,1
9355,2026-04-26,Lagos Island,Lagos,Rep 17,0.0,0
9356,2026-04-26,Lagos Island,Lagos,Rep 08,0.0,0
9357,2026-04-26,Lagos Island,Lagos,Rep 01,0.0,0
9358,2026-04-26,Abeokuta,Ogun,Rep 05,0.0,0
9359,2026-04-26,Abeokuta,Ogun,Rep 15,154250.81,1
9360,2026-04-26,Abeokuta,Ogun,Rep 22,0.0,0
9361,2026-04-26,Abeokuta,Ogun,Rep 01,0.0,0
9362,2026-04-26,Abeokuta,Ogun,Rep 11,205774.89,1
9363,2026-04-26,Abeokuta,Ogun,Rep 08,166116.85,1
9364,2026-04-26,Ibadan North,Oyo,Rep 08,279566.4,1
9365,2026-04-26,Ibadan North,Oyo,Rep 10,0.0,0
9366,2026-04-26,Ibadan North,Oyo,Rep 03,0.0,0
9367,2026-04-26,Ibadan North,Oyo,Rep 20,0.0,0
9368,2026-04-26,Ibadan North,Oyo,Rep 14,0.0,0
9369,2026-04-26,Ibadan North,Oyo,Rep 14,0.0,0
9370,2026-04-27,Lagos Island,Lagos,Rep 17,0.0,0
9371,2026-04-27,Lagos Island,Lagos,Rep 18,33553.96,1
9372,2026-04-27,Lagos Island,Lagos,Rep 13,0.0,0
9373,2026-04-27,Lagos Island,Lagos,Rep 20,0.0,0
9374,2026-04-27,Lagos Island,Lagos,Rep 11,0.0,0
9375,2026-04-27,Lagos Island,Lagos,Rep 08,34667.92,1
9376,2026-04-27,Lagos Island,Lagos,Rep 18,0.0,0
9377,2026-04-27,Lekki-Ajah,Lagos,Rep 13,0.0,0
9378,2026-04-27,Lekki-Ajah,Lagos,Rep 16,283270.09,1
9379,2026-04-27,Lekki-Ajah,Lagos,Rep 05,0.0,0
9380,2026-04-27,Lekki-Ajah,Lagos,Rep 15,236812.88,1
9381,2026-04-27,Lekki-Ajah,Lagos,Rep 04,98301.89,1
9382,2026-04-27,Lekki-Ajah,Lagos,Rep 12,214335.11,1
9383,2026-04-27,Lekki-Ajah,Lagos,Rep 05,0.0,0
9384,2026-04-27,Ibadan North,Oyo,Rep 09,54876.67,1
9385,2026-04-27,Ibadan North,Oyo,Rep 15,74450.22,1
9386,2026-04-27,Ibadan North,Oyo,Rep 04,198563.77,1
9387,2026-04-27,Ibadan North,Oyo,Rep 12,0.0,0
9388,2026-04-27,Ibadan North,Oyo,Rep 19,173704.12,1
9389,2026-04-27,Ibadan South,Oyo,Rep 01,0.0,0
9390,2026-04-27,Ibadan South,Oyo,Rep 04,0.0,0
9391,2026-04-27,Ibadan South,Oyo,Rep 18,183916.86,1
9392,2026-04-27,Ibadan South,Oyo,Rep 09,193231.14,1
9393,2026-04-28,Lagos Mainland,Lagos,Rep 18,57432.29,1
9394,2026-04-28,Lagos Mainland,Lagos,Rep 16,199687.85,1
9395,2026-04-28,Lagos Mainland,Lagos,Rep 03,0.0,0
9396,2026-04-28,Lagos Mainland,Lagos,Rep 12,43612.23,1
9397,2026-04-28,Lagos Mainland,Lagos,Rep 07,199418.99,1
9398,2026-04-28,Lagos Mainland,Lagos,Rep 11,0.0,0
9399,2026-04-28,Lagos Mainland,Lagos,Rep 19,0.0,0
9400,2026-04-28,Lagos Mainland,Lagos,Rep 14,166259.57,1
9401,2026-04-28,Lagos Mainland,Lagos,Rep 02,0.0,0
9402,2026-04-28,Lagos Island,Lagos,Rep 01,0.0,0
9403,2026-04-28,Lagos Island,Lagos,Rep 20,0.0,0
9404,2026-04-28,Lekki-Ajah,Lagos,Rep 12,84714.6,1
9405,2026-04-28,Lekki-Ajah,Lagos,Rep 07,0.0,0
9406,2026-04-28,Lekki-Ajah,Lagos,Rep 13,96263.2,1
9407,2026-04-28,Lekki-Ajah,Lagos,Rep 17,0.0,0
9408,2026-04-28,Lekki-Ajah,Lagos,Rep 14,0.0,0
9409,2026-04-28,Lekki-Ajah,Lagos,Rep 04,0.0,0
9410,2026-04-28,Lekki-Ajah,Lagos,Rep 13,267357.94,1
9411,2026-04-28,Abeokuta,Ogun,Rep 13,50700.6,1
9412,2026-04-28,Abeokuta,Ogun,Rep 13,0.0,0
9413,2026-04-28,Sagamu,Ogun,Rep 17,115759.86,1
9414,2026-04-28,Ibadan South,Oyo,Rep 13,113256.22,1
9415,2026-04-28,Ibadan South,Oyo,Rep 18,0.0,0
9416,2026-04-28,Ibadan South,Oyo,Rep 20,0.0,0
9417,2026-04-29,Lagos Island,Lagos,Rep 14,92070.33,1
9418,2026-04-29,Lagos Island,Lagos,Rep 17,0.0,0
9419,2026-04-29,Lagos Island,Lagos,Rep 11,0.0,0
9420,2026-04-29,Lagos Island,Lagos,Rep 02,0.0,0
9421,2026-04-29,Abeokuta,Ogun,Rep 14,0.0,0
9422,2026-04-29,Abeokuta,Ogun,Rep 14,0.0,0
9423,2026-04-29,Abeokuta,Ogun,Rep 03,0.0,0
9424,2026-04-29,Abeokuta,Ogun,Rep 22,0.0,0
9425,2026-04-29,Ibadan South,Oyo,Rep 17,0.0,0
9426,2026-04-29,Ibadan South,Oyo,Rep 04,0.0,0
9427,2026-04-30,Lagos Mainland,Lagos,Rep 22,0.0,0
9428,2026-04-30,Lagos Mainland,Lagos,Rep 22,93122.63,1
9429,2026-04-30,Lagos Mainland,Lagos,Rep 19,0.0,0
9430,2026-04-30,Lagos Mainland,Lagos,Rep 14,73915.7,1
9431,2026-04-30,Lagos Mainland,Lagos,Rep 16,52783.72,1
9432,2026-04-30,Lagos Mainland,Lagos,Rep 22,0.0,0
9433,2026-04-30,Lagos Island,Lagos,Rep 03,0.0,0
9434,2026-04-30,Lagos Island,Lagos,Rep 07,0.0,0
9435,2026-04-30,Lagos Island,Lagos,Rep 13,0.0,0
9436,2026-04-30,Lagos Island,Lagos,Rep 10,0.0,0
9437,2026-05-01,Lagos Mainland,Lagos,Rep 07,0.0,0
9438,2026-05-01,Lagos Mainland,Lagos,Rep 11,0.0,0
9439,2026-05-01,Lagos Mainland,Lagos,Rep 20,0.0,0
9440,2026-05-01,Lagos Mainland,Lagos,Rep 06,0.0,0
9441,2026-05-01,Lagos Mainland,Lagos,Rep 18,92352.86,1
9442,2026-05-01,Lagos Mainland,Lagos,Rep 04,0.0,0
9443,2026-05-01,Lagos Island,Lagos,Rep 06,69475.82,1
9444,2026-05-01,Lagos Island,Lagos,Rep 05,116643.43,1
9445,2026-05-01,Lagos Island,Lagos,Rep 18,164846.78,1
9446,2026-05-01,Lagos Island,Lagos,Rep 02,0.0,0
9447,2026-05-01,Lagos Island,Lagos,Rep 14,293398.45,1
9448,2026-05-01,Lekki-Ajah,Lagos,Rep 02,129270.96,1
9449,2026-05-01,Lekki-Ajah,Lagos,Rep 11,0.0,0
9450,2026-05-01,Lekki-Ajah,Lagos,Rep 08,0.0,0
9451,2026-05-01,Lekki-Ajah,Lagos,Rep 20,0.0,0
9452,2026-05-01,Lekki-Ajah,Lagos,Rep 14,0.0,0
9453,2026-05-01,Lekki-Ajah,Lagos,Rep 17,140476.11,1
9454,2026-05-01,Lekki-Ajah,Lagos,Rep 02,0.0,0
9455,2026-05-01,Lekki-Ajah,Lagos,Rep 09,0.0,0
9456,2026-05-01,Lekki-Ajah,Lagos,Rep 06,0.0,0
9457,2026-05-01,Sagamu,Ogun,Rep 13,0.0,0
9458,2026-05-01,Sagamu,Ogun,Rep 22,105643.43,1
9459,2026-05-01,Sagamu,Ogun,Rep 09,59725.05,1
9460,2026-05-01,Sagamu,Ogun,Rep 06,0.0,0
9461,2026-05-01,Sagamu,Ogun,Rep 06,0.0,0
9462,2026-05-02,Lagos Island,Lagos,Rep 20,0.0,0
9463,2026-05-02,Lagos Island,Lagos,Rep 15,81009.42,1
9464,2026-05-02,Lagos Island,Lagos,Rep 08,164874.16,1
9465,2026-05-02,Lekki-Ajah,Lagos,Rep 10,0.0,0
9466,2026-05-02,Lekki-Ajah,Lagos,Rep 20,0.0,0
9467,2026-05-02,Lekki-Ajah,Lagos,Rep 18,0.0,0
9468,2026-05-02,Lekki-Ajah,Lagos,Rep 15,145890.0,1
9469,2026-05-02,Lekki-Ajah,Lagos,Rep 18,167769.74,1
9470,2026-05-02,Abeokuta,Ogun,Rep 14,0.0,0
9471,2026-05-02,Abeokuta,Ogun,Rep 14,121354.8,1
9472,2026-05-02,Abeokuta,Ogun,Rep 17,0.0,0
9473,2026-05-02,Abeokuta,Ogun,Rep 06,107812.56,1
9474,2026-05-02,Sagamu,Ogun,Rep 06,0.0,0
9475,2026-05-02,Ibadan North,Oyo,Rep 06,0.0,0
9476,2026-05-02,Ibadan North,Oyo,Rep 03,0.0,0
9477,2026-05-02,Ibadan North,Oyo,Rep 04,117624.96,1
9478,2026-05-03,Lagos Mainland,Lagos,Rep 07,0.0,0
9479,2026-05-03,Lagos Mainland,Lagos,Rep 10,0.0,0
9480,2026-05-03,Lagos Mainland,Lagos,Rep 15,90769.3,1
9481,2026-05-03,Lagos Mainland,Lagos,Rep 13,82045.18,1
9482,2026-05-03,Lagos Mainland,Lagos,Rep 05,0.0,0
9483,2026-05-03,Lagos Mainland,Lagos,Rep 11,0.0,0
9484,2026-05-03,Lagos Mainland,Lagos,Rep 02,132727.62,1
9485,2026-05-03,Lagos Mainland,Lagos,Rep 22,84014.94,1
9486,2026-05-03,Lagos Mainland,Lagos,Rep 12,99511.09,1
9487,2026-05-03,Lagos Mainland,Lagos,Rep 04,0.0,0
9488,2026-05-03,Lagos Island,Lagos,Rep 11,52075.29,1
9489,2026-05-03,Lagos Island,Lagos,Rep 22,101211.13,1
9490,2026-05-03,Lagos Island,Lagos,Rep 04,0.0,0
9491,2026-05-03,Lagos Island,Lagos,Rep 17,0.0,0
9492,2026-05-03,Abeokuta,Ogun,Rep 05,0.0,0
9493,2026-05-03,Abeokuta,Ogun,Rep 16,92798.93,1
9494,2026-05-03,Sagamu,Ogun,Rep 15,63066.15,1
9495,2026-05-04,Lagos Island,Lagos,Rep 02,87794.7,1
9496,2026-05-04,Lagos Island,Lagos,Rep 10,0.0,0
9497,2026-05-04,Lagos Island,Lagos,Rep 17,87384.47,1
9498,2026-05-04,Lagos Island,Lagos,Rep 13,176386.67,1
9499,2026-05-05,Lagos Mainland,Lagos,Rep 11,0.0,0
9500,2026-05-05,Lagos Mainland,Lagos,Rep 05,0.0,0
9501,2026-05-05,Lagos Mainland,Lagos,Rep 09,139785.26,1
9502,2026-05-05,Lagos Mainland,Lagos,Rep 19,138757.59,1
9503,2026-05-05,Lagos Mainland,Lagos,Rep 12,0.0,0
9504,2026-05-05,Lagos Mainland,Lagos,Rep 10,0.0,0
9505,2026-05-05,Lagos Mainland,Lagos,Rep 07,0.0,0
9506,2026-05-05,Lagos Island,Lagos,Rep 22,0.0,0
9507,2026-05-05,Lagos Island,Lagos,Rep 07,0.0,0
9508,2026-05-05,Lagos Island,Lagos,Rep 11,0.0,0
9509,2026-05-05,Lagos Island,Lagos,Rep 10,0.0,0
9510,2026-05-05,Lagos Island,Lagos,Rep 04,138948.06,1
9511,2026-05-05,Lagos Island,Lagos,Rep 16,0.0,0
9512,2026-05-05,Lagos Island,Lagos,Rep 20,73938.88,1
9513,2026-05-05,Lagos Island,Lagos,Rep 06,0.0,0
9514,2026-05-05,Lagos Island,Lagos,Rep 21,105240.89,1
9515,2026-05-05,Lekki-Ajah,Lagos,Rep 20,0.0,0
9516,2026-05-05,Lekki-Ajah,Lagos,Rep 07,91340.82,1
9517,2026-05-05,Lekki-Ajah,Lagos,Rep 16,0.0,0
9518,2026-05-05,Lekki-Ajah,Lagos,Rep 02,0.0,0
9519,2026-05-05,Lekki-Ajah,Lagos,Rep 07,0.0,0
9520,2026-05-05,Lekki-Ajah,Lagos,Rep 07,0.0,0
9521,2026-05-05,Lekki-Ajah,Lagos,Rep 09,0.0,0
9522,2026-05-05,Lekki-Ajah,Lagos,Rep 12,187009.12,1
9523,2026-05-05,Lekki-Ajah,Lagos,Rep 07,18341.77,1
9524,2026-05-05,Lekki-Ajah,Lagos,Rep 05,140759.42,1
9525,2026-05-05,Lekki-Ajah,Lagos,Rep 17,150499.08,1
9526,2026-05-05,Sagamu,Ogun,Rep 13,0.0,0
9527,2026-05-05,Ibadan North,Oyo,Rep 10,0.0,0
9528,2026-05-05,Ibadan North,Oyo,Rep 03,162292.51,1
9529,2026-05-05,Ibadan North,Oyo,Rep 06,94834.57,1
9530,2026-05-05,Ibadan North,Oyo,Rep 12,0.0,0
9531,2026-05-05,Ibadan North,Oyo,Rep 01,143719.81,1
9532,2026-05-05,Ibadan South,Oyo,Rep 18,0.0,0
9533,2026-05-05,Ibadan South,Oyo,Rep 17,0.0,0
9534,2026-05-05,Ibadan South,Oyo,Rep 18,0.0,0
9535,2026-05-05,Ibadan South,Oyo,Rep 11,0.0,0
9536,2026-05-05,Ogbomosho,Oyo,Rep 10,49377.43,1
9537,2026-05-06,Lekki-Ajah,Lagos,Rep 05,199823.74,1
9538,2026-05-06,Lekki-Ajah,Lagos,Rep 06,0.0,0
9539,2026-05-06,Lekki-Ajah,Lagos,Rep 10,0.0,0
9540,2026-05-06,Lekki-Ajah,Lagos,Rep 03,90278.12,1
9541,2026-05-06,Lekki-Ajah,Lagos,Rep 14,0.0,0
9542,2026-05-06,Lekki-Ajah,Lagos,Rep 19,0.0,0
9543,2026-05-06,Lekki-Ajah,Lagos,Rep 04,0.0,0
9544,2026-05-06,Abeokuta,Ogun,Rep 10,160533.35,1
9545,2026-05-06,Abeokuta,Ogun,Rep 11,0.0,0
9546,2026-05-06,Ibadan North,Oyo,Rep 09,282924.59,1
9547,2026-05-06,Ibadan North,Oyo,Rep 02,257391.33,1
9548,2026-05-06,Ibadan North,Oyo,Rep 14,80913.12,1
9549,2026-05-06,Ibadan North,Oyo,Rep 17,190764.32,1
9550,2026-05-06,Ibadan North,Oyo,Rep 05,164204.21,1
9551,2026-05-06,Ibadan North,Oyo,Rep 14,0.0,0
9552,2026-05-06,Ibadan South,Oyo,Rep 21,0.0,0
9553,2026-05-06,Ibadan South,Oyo,Rep 06,208814.62,1
9554,2026-05-06,Ogbomosho,Oyo,Rep 02,0.0,0
9555,2026-05-07,Lagos Mainland,Lagos,Rep 15,0.0,0
9556,2026-05-07,Lagos Mainland,Lagos,Rep 01,0.0,0
9557,2026-05-07,Lagos Mainland,Lagos,Rep 17,214871.82,1
9558,2026-05-07,Lagos Mainland,Lagos,Rep 14,0.0,0
9559,2026-05-07,Lagos Mainland,Lagos,Rep 22,0.0,0
9560,2026-05-07,Lagos Mainland,Lagos,Rep 09,0.0,0
9561,2026-05-07,Lagos Mainland,Lagos,Rep 13,81029.46,1
9562,2026-05-07,Lagos Mainland,Lagos,Rep 01,0.0,0
9563,2026-05-07,Lagos Mainland,Lagos,Rep 16,0.0,0
9564,2026-05-07,Abeokuta,Ogun,Rep 11,51118.76,1
9565,2026-05-07,Abeokuta,Ogun,Rep 13,0.0,0
9566,2026-05-07,Abeokuta,Ogun,Rep 07,188714.5,1
9567,2026-05-07,Abeokuta,Ogun,Rep 02,140133.93,1
9568,2026-05-07,Abeokuta,Ogun,Rep 12,182808.82,1
9569,2026-05-07,Abeokuta,Ogun,Rep 01,44447.21,1
9570,2026-05-07,Abeokuta,Ogun,Rep 01,53681.98,1
9571,2026-05-07,Abeokuta,Ogun,Rep 20,320508.9,1
9572,2026-05-07,Abeokuta,Ogun,Rep 10,0.0,0
9573,2026-05-07,Abeokuta,Ogun,Rep 05,0.0,0
9574,2026-05-07,Sagamu,Ogun,Rep 02,0.0,0
9575,2026-05-07,Sagamu,Ogun,Rep 15,0.0,0
9576,2026-05-07,Ibadan North,Oyo,Rep 04,184154.32,1
9577,2026-05-07,Ibadan North,Oyo,Rep 19,0.0,0
9578,2026-05-07,Ibadan North,Oyo,Rep 22,0.0,0
9579,2026-05-07,Ibadan North,Oyo,Rep 06,0.0,0
9580,2026-05-07,Ibadan North,Oyo,Rep 09,0.0,0
9581,2026-05-07,Ibadan North,Oyo,Rep 10,0.0,0
9582,2026-05-07,Ibadan North,Oyo,Rep 05,156488.96,1
9583,2026-05-07,Ibadan North,Oyo,Rep 18,79443.39,1
9584,2026-05-07,Ibadan North,Oyo,Rep 15,68072.36,1
9585,2026-05-07,Ibadan North,Oyo,Rep 11,0.0,0
9586,2026-05-07,Ibadan North,Oyo,Rep 22,0.0,0
9587,2026-05-07,Ibadan North,Oyo,Rep 02,33306.19,1
9588,2026-05-07,Ibadan North,Oyo,Rep 05,0.0,0
9589,2026-05-07,Ibadan South,Oyo,Rep 13,0.0,0
9590,2026-05-07,Ibadan South,Oyo,Rep 14,0.0,0
9591,2026-05-07,Ibadan South,Oyo,Rep 12,0.0,0
9592,2026-05-08,Lagos Mainland,Lagos,Rep 21,330719.78,1
9593,2026-05-08,Lagos Mainland,Lagos,Rep 11,83050.45,1
9594,2026-05-08,Lagos Mainland,Lagos,Rep 08,0.0,0
9595,2026-05-08,Lagos Mainland,Lagos,Rep 11,0.0,0
9596,2026-05-08,Lagos Mainland,Lagos,Rep 13,0.0,0
9597,2026-05-08,Lagos Island,Lagos,Rep 01,0.0,0
9598,2026-05-08,Lagos Island,Lagos,Rep 20,225007.3,1
9599,2026-05-08,Lagos Island,Lagos,Rep 03,249463.18,1
9600,2026-05-08,Abeokuta,Ogun,Rep 12,0.0,0
9601,2026-05-08,Abeokuta,Ogun,Rep 18,0.0,0
9602,2026-05-08,Sagamu,Ogun,Rep 18,0.0,0
9603,2026-05-08,Ibadan North,Oyo,Rep 17,181804.29,1
9604,2026-05-08,Ibadan North,Oyo,Rep 06,52715.33,1
9605,2026-05-08,Ibadan North,Oyo,Rep 20,281544.79,1
9606,2026-05-08,Ibadan North,Oyo,Rep 16,0.0,0
9607,2026-05-08,Ogbomosho,Oyo,Rep 05,0.0,0
9608,2026-05-09,Lagos Mainland,Lagos,Rep 02,0.0,0
9609,2026-05-09,Lagos Mainland,Lagos,Rep 07,0.0,0
9610,2026-05-09,Lagos Mainland,Lagos,Rep 16,0.0,0
9611,2026-05-09,Lagos Mainland,Lagos,Rep 12,0.0,0
9612,2026-05-09,Lagos Mainland,Lagos,Rep 15,0.0,0
9613,2026-05-09,Lagos Mainland,Lagos,Rep 20,174488.89,1
9614,2026-05-09,Lagos Mainland,Lagos,Rep 11,0.0,0
9615,2026-05-09,Lagos Mainland,Lagos,Rep 15,121704.75,1
9616,2026-05-09,Lagos Mainland,Lagos,Rep 07,197491.67,1
9617,2026-05-09,Lagos Mainland,Lagos,Rep 19,134761.1,1
9618,2026-05-09,Lagos Island,Lagos,Rep 05,0.0,0
9619,2026-05-09,Lagos Island,Lagos,Rep 08,48522.32,1
9620,2026-05-09,Lagos Island,Lagos,Rep 04,0.0,0
9621,2026-05-09,Lagos Island,Lagos,Rep 20,0.0,0
9622,2026-05-09,Lagos Island,Lagos,Rep 10,0.0,0
9623,2026-05-09,Lagos Island,Lagos,Rep 16,0.0,0
9624,2026-05-09,Lagos Island,Lagos,Rep 11,0.0,0
9625,2026-05-09,Lagos Island,Lagos,Rep 12,0.0,0
9626,2026-05-09,Lekki-Ajah,Lagos,Rep 11,0.0,0
9627,2026-05-09,Lekki-Ajah,Lagos,Rep 13,109979.9,1
9628,2026-05-09,Lekki-Ajah,Lagos,Rep 10,92202.06,1
9629,2026-05-09,Lekki-Ajah,Lagos,Rep 13,0.0,0
9630,2026-05-09,Abeokuta,Ogun,Rep 04,0.0,0
9631,2026-05-09,Abeokuta,Ogun,Rep 18,174965.17,1
9632,2026-05-09,Abeokuta,Ogun,Rep 13,55967.21,1
9633,2026-05-09,Abeokuta,Ogun,Rep 18,0.0,0
9634,2026-05-09,Abeokuta,Ogun,Rep 11,0.0,0
9635,2026-05-09,Abeokuta,Ogun,Rep 08,123370.83,1
9636,2026-05-09,Ibadan North,Oyo,Rep 16,111229.98,1
9637,2026-05-09,Ibadan North,Oyo,Rep 07,0.0,0
9638,2026-05-09,Ibadan North,Oyo,Rep 11,0.0,0
9639,2026-05-09,Ibadan North,Oyo,Rep 18,0.0,0
9640,2026-05-10,Lagos Mainland,Lagos,Rep 02,61471.95,1
9641,2026-05-10,Lagos Mainland,Lagos,Rep 17,0.0,0
9642,2026-05-10,Lagos Mainland,Lagos,Rep 19,0.0,0
9643,2026-05-10,Lagos Island,Lagos,Rep 18,0.0,0
9644,2026-05-10,Lagos Island,Lagos,Rep 15,0.0,0
9645,2026-05-10,Lagos Island,Lagos,Rep 11,155823.64,1
9646,2026-05-10,Lagos Island,Lagos,Rep 16,77301.67,1
9647,2026-05-10,Lagos Island,Lagos,Rep 17,218338.33,1
9648,2026-05-10,Lekki-Ajah,Lagos,Rep 11,0.0,0
9649,2026-05-10,Lekki-Ajah,Lagos,Rep 15,224647.26,1
9650,2026-05-10,Lekki-Ajah,Lagos,Rep 22,0.0,0
9651,2026-05-10,Lekki-Ajah,Lagos,Rep 12,50063.35,1
9652,2026-05-10,Lekki-Ajah,Lagos,Rep 19,128634.34,1
9653,2026-05-10,Lekki-Ajah,Lagos,Rep 15,0.0,0
9654,2026-05-10,Lekki-Ajah,Lagos,Rep 14,91434.33,1
9655,2026-05-10,Abeokuta,Ogun,Rep 06,0.0,0
9656,2026-05-10,Abeokuta,Ogun,Rep 02,131913.07,1
9657,2026-05-10,Abeokuta,Ogun,Rep 21,126752.29,1
9658,2026-05-10,Ibadan South,Oyo,Rep 20,0.0,0
9659,2026-05-10,Ibadan South,Oyo,Rep 08,0.0,0
9660,2026-05-10,Ibadan South,Oyo,Rep 03,181629.52,1
9661,2026-05-10,Ogbomosho,Oyo,Rep 20,167528.08,1
9662,2026-05-10,Ogbomosho,Oyo,Rep 08,0.0,0
9663,2026-05-11,Lagos Mainland,Lagos,Rep 18,0.0,0
9664,2026-05-11,Lagos Mainland,Lagos,Rep 10,0.0,0
9665,2026-05-11,Lagos Mainland,Lagos,Rep 19,160645.78,1
9666,2026-05-11,Lagos Mainland,Lagos,Rep 18,0.0,0
9667,2026-05-11,Lagos Mainland,Lagos,Rep 05,0.0,0
9668,2026-05-11,Lagos Mainland,Lagos,Rep 19,0.0,0
9669,2026-05-11,Lagos Mainland,Lagos,Rep 15,0.0,0
9670,2026-05-11,Lagos Mainland,Lagos,Rep 04,99615.94,1
9671,2026-05-11,Lagos Island,Lagos,Rep 14,0.0,0
9672,2026-05-11,Lagos Island,Lagos,Rep 01,0.0,0
9673,2026-05-11,Lekki-Ajah,Lagos,Rep 05,150929.78,1
9674,2026-05-11,Lekki-Ajah,Lagos,Rep 05,0.0,0
9675,2026-05-11,Lekki-Ajah,Lagos,Rep 14,67541.66,1
9676,2026-05-11,Lekki-Ajah,Lagos,Rep 21,0.0,0
9677,2026-05-11,Lekki-Ajah,Lagos,Rep 10,0.0,0
9678,2026-05-11,Lekki-Ajah,Lagos,Rep 13,0.0,0
9679,2026-05-11,Lekki-Ajah,Lagos,Rep 01,289127.21,1
9680,2026-05-11,Lekki-Ajah,Lagos,Rep 11,0.0,0
9681,2026-05-11,Abeokuta,Ogun,Rep 04,41347.67,1
9682,2026-05-11,Ibadan North,Oyo,Rep 04,0.0,0
9683,2026-05-11,Ibadan North,Oyo,Rep 03,0.0,0
9684,2026-05-11,Ibadan North,Oyo,Rep 09,0.0,0
9685,2026-05-11,Ibadan North,Oyo,Rep 14,170021.58,1
9686,2026-05-11,Ibadan North,Oyo,Rep 18,0.0,0
9687,2026-05-11,Ibadan North,Oyo,Rep 22,136956.01,1
9688,2026-05-11,Ibadan North,Oyo,Rep 05,291585.94,1
9689,2026-05-11,Ibadan North,Oyo,Rep 03,0.0,0
9690,2026-05-11,Ibadan North,Oyo,Rep 13,70562.34,1
9691,2026-05-11,Ibadan South,Oyo,Rep 06,0.0,0
9692,2026-05-11,Ibadan South,Oyo,Rep 10,0.0,0
9693,2026-05-11,Ibadan South,Oyo,Rep 13,0.0,0
9694,2026-05-11,Ibadan South,Oyo,Rep 09,153129.77,1
9695,2026-05-12,Lagos Mainland,Lagos,Rep 07,0.0,0
9696,2026-05-12,Lagos Mainland,Lagos,Rep 04,0.0,0
9697,2026-05-12,Lagos Mainland,Lagos,Rep 15,211745.35,1
9698,2026-05-12,Lagos Mainland,Lagos,Rep 10,108842.25,1
9699,2026-05-12,Lagos Mainland,Lagos,Rep 02,118558.03,1
9700,2026-05-12,Lagos Mainland,Lagos,Rep 22,0.0,0
9701,2026-05-12,Lagos Mainland,Lagos,Rep 04,0.0,0
9702,2026-05-12,Lagos Mainland,Lagos,Rep 10,86100.35,1
9703,2026-05-12,Lagos Island,Lagos,Rep 10,219430.24,1
9704,2026-05-12,Lagos Island,Lagos,Rep 21,0.0,0
9705,2026-05-12,Lagos Island,Lagos,Rep 09,59513.28,1
9706,2026-05-12,Lagos Island,Lagos,Rep 14,61817.69,1
9707,2026-05-12,Sagamu,Ogun,Rep 03,0.0,0
9708,2026-05-12,Ibadan South,Oyo,Rep 16,0.0,0
9709,2026-05-12,Ibadan South,Oyo,Rep 14,0.0,0
9710,2026-05-13,Lagos Mainland,Lagos,Rep 07,132398.79,1
9711,2026-05-13,Lagos Mainland,Lagos,Rep 01,0.0,0
9712,2026-05-13,Lagos Mainland,Lagos,Rep 02,78170.45,1
9713,2026-05-13,Lagos Mainland,Lagos,Rep 05,0.0,0
9714,2026-05-13,Lagos Mainland,Lagos,Rep 14,179357.51,1
9715,2026-05-13,Lagos Mainland,Lagos,Rep 13,0.0,0
9716,2026-05-13,Lagos Mainland,Lagos,Rep 04,0.0,0
9717,2026-05-13,Lagos Mainland,Lagos,Rep 10,87535.32,1
9718,2026-05-13,Lagos Mainland,Lagos,Rep 15,186195.98,1
9719,2026-05-13,Lagos Island,Lagos,Rep 05,144013.22,1
9720,2026-05-13,Lagos Island,Lagos,Rep 02,104892.41,1
9721,2026-05-13,Lagos Island,Lagos,Rep 05,42302.77,1
9722,2026-05-13,Lagos Island,Lagos,Rep 08,0.0,0
9723,2026-05-13,Lagos Island,Lagos,Rep 01,0.0,0
9724,2026-05-13,Lagos Island,Lagos,Rep 09,0.0,0
9725,2026-05-13,Lagos Island,Lagos,Rep 07,0.0,0
9726,2026-05-13,Lagos Island,Lagos,Rep 18,0.0,0
9727,2026-05-13,Lagos Island,Lagos,Rep 05,101107.97,1
9728,2026-05-13,Lekki-Ajah,Lagos,Rep 17,151417.72,1
9729,2026-05-13,Lekki-Ajah,Lagos,Rep 08,0.0,0
9730,2026-05-13,Lekki-Ajah,Lagos,Rep 06,54794.1,1
9731,2026-05-13,Lekki-Ajah,Lagos,Rep 06,0.0,0
9732,2026-05-13,Lekki-Ajah,Lagos,Rep 06,17919.26,1
9733,2026-05-13,Ibadan South,Oyo,Rep 12,0.0,0
9734,2026-05-13,Ibadan South,Oyo,Rep 14,130773.3,1
9735,2026-05-13,Ibadan South,Oyo,Rep 21,0.0,0
9736,2026-05-14,Lagos Mainland,Lagos,Rep 09,98242.01,1
9737,2026-05-14,Lagos Mainland,Lagos,Rep 07,0.0,0
9738,2026-05-14,Lagos Mainland,Lagos,Rep 18,0.0,0
9739,2026-05-14,Lagos Mainland,Lagos,Rep 17,45127.38,1
9740,2026-05-14,Lagos Mainland,Lagos,Rep 10,0.0,0
9741,2026-05-14,Lagos Mainland,Lagos,Rep 14,0.0,0
9742,2026-05-14,Lagos Mainland,Lagos,Rep 09,146062.63,1
9743,2026-05-14,Lagos Mainland,Lagos,Rep 10,0.0,0
9744,2026-05-14,Lagos Mainland,Lagos,Rep 14,267172.48,1
9745,2026-05-14,Lagos Mainland,Lagos,Rep 05,0.0,0
9746,2026-05-14,Lagos Mainland,Lagos,Rep 20,0.0,0
9747,2026-05-14,Lagos Mainland,Lagos,Rep 08,0.0,0
9748,2026-05-14,Lekki-Ajah,Lagos,Rep 07,222045.22,1
9749,2026-05-14,Lekki-Ajah,Lagos,Rep 19,0.0,0
9750,2026-05-14,Lekki-Ajah,Lagos,Rep 21,0.0,0
9751,2026-05-14,Lekki-Ajah,Lagos,Rep 21,137405.13,1
9752,2026-05-14,Sagamu,Ogun,Rep 17,0.0,0
9753,2026-05-14,Ibadan North,Oyo,Rep 02,0.0,0
9754,2026-05-14,Ibadan North,Oyo,Rep 13,0.0,0
9755,2026-05-14,Ibadan North,Oyo,Rep 21,0.0,0
9756,2026-05-14,Ibadan North,Oyo,Rep 15,0.0,0
9757,2026-05-15,Lagos Island,Lagos,Rep 13,0.0,0
9758,2026-05-15,Lagos Island,Lagos,Rep 21,0.0,0
9759,2026-05-15,Lagos Island,Lagos,Rep 04,267133.74,1
9760,2026-05-15,Lagos Island,Lagos,Rep 19,0.0,0
9761,2026-05-15,Lagos Island,Lagos,Rep 14,0.0,0
9762,2026-05-15,Lagos Island,Lagos,Rep 19,0.0,0
9763,2026-05-15,Lagos Island,Lagos,Rep 21,76819.63,1
9764,2026-05-15,Lagos Island,Lagos,Rep 05,0.0,0
9765,2026-05-15,Lekki-Ajah,Lagos,Rep 17,89138.73,1
9766,2026-05-15,Lekki-Ajah,Lagos,Rep 18,71322.52,1
9767,2026-05-15,Lekki-Ajah,Lagos,Rep 10,0.0,0
9768,2026-05-15,Lekki-Ajah,Lagos,Rep 22,0.0,0
9769,2026-05-15,Lekki-Ajah,Lagos,Rep 01,0.0,0
9770,2026-05-15,Lekki-Ajah,Lagos,Rep 07,0.0,0
9771,2026-05-15,Lekki-Ajah,Lagos,Rep 09,54359.86,1
9772,2026-05-15,Lekki-Ajah,Lagos,Rep 06,0.0,0
9773,2026-05-15,Lekki-Ajah,Lagos,Rep 16,114950.18,1
9774,2026-05-15,Lekki-Ajah,Lagos,Rep 14,0.0,0
9775,2026-05-15,Lekki-Ajah,Lagos,Rep 01,53947.44,1
9776,2026-05-15,Ibadan South,Oyo,Rep 04,42198.37,1
9777,2026-05-15,Ibadan South,Oyo,Rep 02,0.0,0
9778,2026-05-15,Ibadan South,Oyo,Rep 22,0.0,0
9779,2026-05-15,Ibadan South,Oyo,Rep 20,0.0,0
9780,2026-05-15,Ibadan South,Oyo,Rep 06,0.0,0
9781,2026-05-15,Ibadan South,Oyo,Rep 03,99611.5,1
9782,2026-05-16,Lagos Mainland,Lagos,Rep 04,182975.89,1
9783,2026-05-16,Lagos Mainland,Lagos,Rep 10,129681.0,1
9784,2026-05-16,Lagos Mainland,Lagos,Rep 12,252238.74,1
9785,2026-05-16,Lagos Mainland,Lagos,Rep 20,197178.9,1
9786,2026-05-16,Lagos Mainland,Lagos,Rep 07,117949.46,1
9787,2026-05-16,Lagos Island,Lagos,Rep 04,0.0,0
9788,2026-05-16,Lagos Island,Lagos,Rep 18,0.0,0
9789,2026-05-16,Lekki-Ajah,Lagos,Rep 07,212713.9,1
9790,2026-05-16,Lekki-Ajah,Lagos,Rep 11,25655.27,1
9791,2026-05-16,Lekki-Ajah,Lagos,Rep 05,0.0,0
9792,2026-05-16,Lekki-Ajah,Lagos,Rep 22,0.0,0
9793,2026-05-16,Abeokuta,Ogun,Rep 04,0.0,0
9794,2026-05-16,Abeokuta,Ogun,Rep 11,0.0,0
9795,2026-05-16,Abeokuta,Ogun,Rep 01,0.0,0
9796,2026-05-16,Abeokuta,Ogun,Rep 04,32046.84,1
9797,2026-05-16,Abeokuta,Ogun,Rep 16,0.0,0
9798,2026-05-16,Ibadan North,Oyo,Rep 11,0.0,0
9799,2026-05-16,Ibadan South,Oyo,Rep 08,78204.53,1
9800,2026-05-16,Ibadan South,Oyo,Rep 04,0.0,0
9801,2026-05-16,Ibadan South,Oyo,Rep 18,0.0,0
9802,2026-05-16,Ibadan South,Oyo,Rep 18,0.0,0
9803,2026-05-16,Ibadan South,Oyo,Rep 21,0.0,0
9804,2026-05-17,Lagos Mainland,Lagos,Rep 16,0.0,0
9805,2026-05-17,Lagos Mainland,Lagos,Rep 18,0.0,0
9806,2026-05-17,Lagos Mainland,Lagos,Rep 04,75177.45,1
9807,2026-05-17,Lagos Mainland,Lagos,Rep 13,93955.86,1
9808,2026-05-17,Lagos Mainland,Lagos,Rep 20,0.0,0
9809,2026-05-17,Lagos Mainland,Lagos,Rep 21,0.0,0
9810,2026-05-17,Ibadan North,Oyo,Rep 20,0.0,0
9811,2026-05-17,Ibadan North,Oyo,Rep 07,0.0,0
9812,2026-05-17,Ibadan North,Oyo,Rep 15,0.0,0
9813,2026-05-17,Ibadan North,Oyo,Rep 04,37993.27,1
9814,2026-05-18,Lagos Mainland,Lagos,Rep 08,0.0,0
9815,2026-05-18,Lagos Mainland,Lagos,Rep 22,130531.53,1
9816,2026-05-18,Lagos Mainland,Lagos,Rep 08,0.0,0
9817,2026-05-18,Lagos Mainland,Lagos,Rep 13,74882.35,1
9818,2026-05-18,Lagos Mainland,Lagos,Rep 06,236147.41,1
9819,2026-05-18,Lagos Mainland,Lagos,Rep 14,0.0,0
9820,2026-05-18,Abeokuta,Ogun,Rep 12,0.0,0
9821,2026-05-18,Abeokuta,Ogun,Rep 07,140416.93,1
9822,2026-05-18,Abeokuta,Ogun,Rep 10,0.0,0
9823,2026-05-18,Abeokuta,Ogun,Rep 06,221435.49,1
9824,2026-05-18,Abeokuta,Ogun,Rep 02,127263.27,1
9825,2026-05-18,Sagamu,Ogun,Rep 10,0.0,0
9826,2026-05-18,Sagamu,Ogun,Rep 22,0.0,0
9827,2026-05-18,Ibadan North,Oyo,Rep 03,0.0,0
9828,2026-05-18,Ibadan North,Oyo,Rep 18,0.0,0
9829,2026-05-18,Ibadan North,Oyo,Rep 01,0.0,0
9830,2026-05-18,Ibadan North,Oyo,Rep 15,0.0,0
9831,2026-05-19,Lekki-Ajah,Lagos,Rep 04,0.0,0
9832,2026-05-19,Lekki-Ajah,Lagos,Rep 09,0.0,0
9833,2026-05-19,Lekki-Ajah,Lagos,Rep 12,191236.04,1
9834,2026-05-19,Lekki-Ajah,Lagos,Rep 17,140992.85,1
9835,2026-05-19,Lekki-Ajah,Lagos,Rep 15,0.0,0
9836,2026-05-19,Abeokuta,Ogun,Rep 05,0.0,0
9837,2026-05-19,Abeokuta,Ogun,Rep 16,0.0,0
9838,2026-05-19,Sagamu,Ogun,Rep 22,0.0,0
9839,2026-05-19,Ibadan North,Oyo,Rep 10,0.0,0
9840,2026-05-19,Ibadan North,Oyo,Rep 21,50078.6,1
9841,2026-05-19,Ibadan North,Oyo,Rep 03,0.0,0
9842,2026-05-19,Ibadan North,Oyo,Rep 16,0.0,0
9843,2026-05-19,Ibadan South,Oyo,Rep 20,0.0,0
9844,2026-05-19,Ibadan South,Oyo,Rep 14,0.0,0
9845,2026-05-19,Ibadan South,Oyo,Rep 02,47107.91,1
9846,2026-05-20,Lagos Mainland,Lagos,Rep 10,0.0,0
9847,2026-05-20,Lagos Mainland,Lagos,Rep 22,0.0,0
9848,2026-05-20,Lagos Mainland,Lagos,Rep 11,0.0,0
9849,2026-05-20,Lagos Mainland,Lagos,Rep 17,39345.45,1
9850,2026-05-20,Lagos Mainland,Lagos,Rep 01,0.0,0
9851,2026-05-20,Lagos Mainland,Lagos,Rep 14,167591.14,1
9852,2026-05-20,Lagos Mainland,Lagos,Rep 13,0.0,0
9853,2026-05-20,Lagos Mainland,Lagos,Rep 18,128077.32,1
9854,2026-05-20,Lagos Mainland,Lagos,Rep 06,122387.99,1
9855,2026-05-20,Lagos Island,Lagos,Rep 14,0.0,0
9856,2026-05-20,Lagos Island,Lagos,Rep 03,0.0,0
9857,2026-05-20,Lagos Island,Lagos,Rep 13,48889.8,1
9858,2026-05-20,Lagos Island,Lagos,Rep 11,72774.97,1
9859,2026-05-20,Lagos Island,Lagos,Rep 09,0.0,0
9860,2026-05-20,Sagamu,Ogun,Rep 12,0.0,0
9861,2026-05-20,Sagamu,Ogun,Rep 14,126025.69,1
9862,2026-05-20,Sagamu,Ogun,Rep 01,0.0,0
9863,2026-05-20,Ibadan South,Oyo,Rep 11,0.0,0
9864,2026-05-20,Ibadan South,Oyo,Rep 08,138279.94,1
9865,2026-05-20,Ibadan South,Oyo,Rep 21,110846.17,1
9866,2026-05-20,Ibadan South,Oyo,Rep 05,0.0,0
9867,2026-05-20,Ibadan South,Oyo,Rep 15,0.0,0
9868,2026-05-20,Ibadan South,Oyo,Rep 10,0.0,0
9869,2026-05-21,Ibadan North,Oyo,Rep 22,0.0,0
9870,2026-05-21,Ibadan North,Oyo,Rep 08,107408.35,1
9871,2026-05-21,Ibadan North,Oyo,Rep 19,0.0,0
9872,2026-05-21,Ibadan North,Oyo,Rep 02,245294.04,1
9873,2026-05-21,Ibadan North,Oyo,Rep 10,0.0,0
9874,2026-05-21,Ibadan South,Oyo,Rep 20,0.0,0
9875,2026-05-21,Ibadan South,Oyo,Rep 17,26328.99,1
9876,2026-05-22,Lagos Mainland,Lagos,Rep 19,0.0,0
9877,2026-05-22,Lagos Mainland,Lagos,Rep 19,0.0,0
9878,2026-05-22,Lagos Mainland,Lagos,Rep 14,0.0,0
9879,2026-05-22,Lagos Mainland,Lagos,Rep 18,0.0,0
9880,2026-05-22,Lagos Mainland,Lagos,Rep 06,0.0,0
9881,2026-05-22,Lagos Mainland,Lagos,Rep 21,0.0,0
9882,2026-05-22,Ibadan North,Oyo,Rep 19,0.0,0
9883,2026-05-22,Ibadan North,Oyo,Rep 05,0.0,0
9884,2026-05-22,Ibadan North,Oyo,Rep 20,0.0,0
9885,2026-05-22,Ibadan North,Oyo,Rep 20,0.0,0
9886,2026-05-22,Ibadan South,Oyo,Rep 10,103162.43,1
9887,2026-05-22,Ibadan South,Oyo,Rep 04,0.0,0
9888,2026-05-22,Ibadan South,Oyo,Rep 05,0.0,0
9889,2026-05-22,Ogbomosho,Oyo,Rep 13,0.0,0
9890,2026-05-23,Ibadan South,Oyo,Rep 08,0.0,0
9891,2026-05-23,Ibadan South,Oyo,Rep 15,0.0,0
9892,2026-05-24,Lagos Mainland,Lagos,Rep 18,0.0,0
9893,2026-05-24,Lagos Mainland,Lagos,Rep 02,0.0,0
9894,2026-05-24,Lagos Mainland,Lagos,Rep 11,0.0,0
9895,2026-05-24,Lagos Mainland,Lagos,Rep 13,0.0,0
9896,2026-05-24,Lagos Mainland,Lagos,Rep 14,0.0,0
9897,2026-05-24,Lagos Mainland,Lagos,Rep 15,0.0,0
9898,2026-05-24,Lagos Mainland,Lagos,Rep 22,0.0,0
9899,2026-05-24,Lagos Mainland,Lagos,Rep 03,0.0,0
9900,2026-05-24,Lagos Island,Lagos,Rep 04,0.0,0
9901,2026-05-24,Lagos Island,Lagos,Rep 06,0.0,0
9902,2026-05-24,Lekki-Ajah,Lagos,Rep 10,0.0,0
9903,2026-05-24,Lekki-Ajah,Lagos,Rep 04,179519.96,1
9904,2026-05-24,Lekki-Ajah,Lagos,Rep 22,125385.19,1
9905,2026-05-24,Lekki-Ajah,Lagos,Rep 08,34788.68,1
9906,2026-05-24,Lekki-Ajah,Lagos,Rep 19,0.0,0
9907,2026-05-24,Lekki-Ajah,Lagos,Rep 05,0.0,0
9908,2026-05-24,Lekki-Ajah,Lagos,Rep 08,0.0,0
9909,2026-05-24,Lekki-Ajah,Lagos,Rep 20,0.0,0
9910,2026-05-24,Lekki-Ajah,Lagos,Rep 08,0.0,0
9911,2026-05-24,Lekki-Ajah,Lagos,Rep 22,36601.59,1
9912,2026-05-24,Lekki-Ajah,Lagos,Rep 10,0.0,0
9913,2026-05-24,Lekki-Ajah,Lagos,Rep 09,107307.18,1
9914,2026-05-24,Abeokuta,Ogun,Rep 10,107550.08,1
9915,2026-05-24,Abeokuta,Ogun,Rep 05,109590.64,1
9916,2026-05-24,Abeokuta,Ogun,Rep 21,127298.93,1
9917,2026-05-24,Abeokuta,Ogun,Rep 11,0.0,0
9918,2026-05-24,Abeokuta,Ogun,Rep 08,0.0,0
9919,2026-05-24,Abeokuta,Ogun,Rep 18,86503.6,1
9920,2026-05-24,Abeokuta,Ogun,Rep 09,0.0,0
9921,2026-05-24,Abeokuta,Ogun,Rep 06,274535.51,1
9922,2026-05-24,Abeokuta,Ogun,Rep 19,0.0,0
9923,2026-05-24,Sagamu,Ogun,Rep 05,0.0,0
9924,2026-05-24,Ibadan North,Oyo,Rep 11,39585.21,1
9925,2026-05-24,Ibadan North,Oyo,Rep 19,0.0,0
9926,2026-05-24,Ibadan North,Oyo,Rep 16,178989.78,1
9927,2026-05-24,Ibadan North,Oyo,Rep 18,0.0,0
9928,2026-05-24,Ibadan South,Oyo,Rep 21,119181.51,1
9929,2026-05-24,Ibadan South,Oyo,Rep 04,0.0,0
9930,2026-05-24,Ibadan South,Oyo,Rep 15,0.0,0
9931,2026-05-24,Ogbomosho,Oyo,Rep 04,0.0,0
9932,2026-05-24,Ogbomosho,Oyo,Rep 11,0.0,0
9933,2026-05-25,Abeokuta,Ogun,Rep 21,0.0,0
9934,2026-05-25,Abeokuta,Ogun,Rep 07,0.0,0
9935,2026-05-25,Abeokuta,Ogun,Rep 15,0.0,0
9936,2026-05-25,Ibadan North,Oyo,Rep 12,0.0,0
9937,2026-05-25,Ibadan North,Oyo,Rep 17,142044.0,1
9938,2026-05-25,Ibadan North,Oyo,Rep 20,0.0,0
9939,2026-05-25,Ibadan North,Oyo,Rep 22,0.0,0
9940,2026-05-25,Ogbomosho,Oyo,Rep 19,0.0,0
9941,2026-05-26,Lagos Mainland,Lagos,Rep 22,0.0,0
9942,2026-05-26,Lagos Mainland,Lagos,Rep 03,0.0,0
9943,2026-05-26,Lagos Mainland,Lagos,Rep 09,0.0,0
9944,2026-05-26,Lagos Mainland,Lagos,Rep 02,0.0,0
9945,2026-05-26,Lagos Mainland,Lagos,Rep 03,0.0,0
9946,2026-05-26,Lagos Island,Lagos,Rep 13,0.0,0
9947,2026-05-26,Lagos Island,Lagos,Rep 14,0.0,0
9948,2026-05-26,Lagos Island,Lagos,Rep 22,89806.16,1
9949,2026-05-26,Lagos Island,Lagos,Rep 04,0.0,0
9950,2026-05-26,Lagos Island,Lagos,Rep 21,100921.05,1
9951,2026-05-26,Lagos Island,Lagos,Rep 18,0.0,0
9952,2026-05-26,Lagos Island,Lagos,Rep 14,0.0,0
9953,2026-05-26,Lekki-Ajah,Lagos,Rep 07,0.0,0
9954,2026-05-26,Lekki-Ajah,Lagos,Rep 21,0.0,0
9955,2026-05-26,Lekki-Ajah,Lagos,Rep 08,0.0,0
9956,2026-05-26,Lekki-Ajah,Lagos,Rep 12,55921.53,1
9957,2026-05-26,Lekki-Ajah,Lagos,Rep 15,88802.89,1
9958,2026-05-26,Lekki-Ajah,Lagos,Rep 07,74965.92,1
9959,2026-05-26,Lekki-Ajah,Lagos,Rep 15,0.0,0
9960,2026-05-26,Lekki-Ajah,Lagos,Rep 04,150541.44,1
9961,2026-05-26,Lekki-Ajah,Lagos,Rep 22,0.0,0
9962,2026-05-26,Lekki-Ajah,Lagos,Rep 12,0.0,0
9963,2026-05-26,Sagamu,Ogun,Rep 22,0.0,0
9964,2026-05-26,Ibadan North,Oyo,Rep 14,0.0,0
9965,2026-05-26,Ibadan North,Oyo,Rep 17,151852.72,1
9966,2026-05-26,Ibadan North,Oyo,Rep 15,50843.84,1
9967,2026-05-26,Ibadan North,Oyo,Rep 14,111742.98,1
9968,2026-05-26,Ibadan North,Oyo,Rep 21,0.0,0
9969,2026-05-26,Ibadan North,Oyo,Rep 19,0.0,0
9970,2026-05-27,Abeokuta,Ogun,Rep 03,0.0,0
9971,2026-05-27,Abeokuta,Ogun,Rep 19,0.0,0
9972,2026-05-27,Abeokuta,Ogun,Rep 06,0.0,0
9973,2026-05-27,Abeokuta,Ogun,Rep 16,319950.03,1
9974,2026-05-27,Abeokuta,Ogun,Rep 14,85528.15,1
9975,2026-05-27,Abeokuta,Ogun,Rep 22,92849.61,1
9976,2026-05-27,Ibadan South,Oyo,Rep 06,0.0,0
9977,2026-05-27,Ibadan South,Oyo,Rep 05,0.0,0
9978,2026-05-27,Ibadan South,Oyo,Rep 08,169450.14,1
9979,2026-05-27,Ibadan South,Oyo,Rep 16,0.0,0
9980,2026-05-28,Lagos Island,Lagos,Rep 10,102335.18,1
9981,2026-05-28,Lagos Island,Lagos,Rep 07,0.0,0
9982,2026-05-28,Lagos Island,Lagos,Rep 18,0.0,0
9983,2026-05-28,Lagos Island,Lagos,Rep 16,0.0,0
9984,2026-05-28,Lagos Island,Lagos,Rep 12,116025.81,1
9985,2026-05-28,Lagos Island,Lagos,Rep 01,149638.78,1
9986,2026-05-28,Lagos Island,Lagos,Rep 10,0.0,0
9987,2026-05-28,Lagos Island,Lagos,Rep 20,129358.83,1
9988,2026-05-28,Abeokuta,Ogun,Rep 21,0.0,0
9989,2026-05-28,Abeokuta,Ogun,Rep 16,172674.71,1
9990,2026-05-28,Abeokuta,Ogun,Rep 22,0.0,0
9991,2026-05-28,Abeokuta,Ogun,Rep 08,77467.86,1
9992,2026-05-28,Abeokuta,Ogun,Rep 12,0.0,0
9993,2026-05-28,Ibadan North,Oyo,Rep 07,0.0,0
9994,2026-05-28,Ibadan North,Oyo,Rep 09,28027.76,1
9995,2026-05-28,Ibadan North,Oyo,Rep 01,69665.56,1
9996,2026-05-28,Ibadan North,Oyo,Rep 10,0.0,0
9997,2026-05-28,Ibadan South,Oyo,Rep 19,0.0,0
9998,2026-05-28,Ibadan South,Oyo,Rep 10,0.0,0
9999,2026-05-28,Ibadan South,Oyo,Rep 18,293235.86,1
10000,2026-05-29,Ogbomosho,Oyo,Rep 04,0.0,0
10001,2026-05-30,Lagos Island,Lagos,Rep 08,0.0,0
10002,2026-05-30,Lagos Island,Lagos,Rep 10,186887.56,1
10003,2026-05-30,Lagos Island,Lagos,Rep 04,0.0,0
10004,2026-05-30,Lagos Island,Lagos,Rep 19,0.0,0
10005,2026-05-30,Abeokuta,Ogun,Rep 14,0.0,0
10006,2026-05-30,Abeokuta,Ogun,Rep 22,170804.22,1
10007,2026-05-30,Abeokuta,Ogun,Rep 20,133369.1,1
10008,2026-05-30,Abeokuta,Ogun,Rep 06,0.0,0
10009,2026-05-30,Ibadan South,Oyo,Rep 15,0.0,0
10010,2026-05-30,Ibadan South,Oyo,Rep 17,0.0,0
10011,2026-05-30,Ibadan South,Oyo,Rep 13,0.0,0
10012,2026-05-30,Ibadan South,Oyo,Rep 18,0.0,0
10013,2026-05-30,Ibadan South,Oyo,Rep 06,333412.78,1
10014,2026-05-30,Ibadan South,Oyo,Rep 01,0.0,0
10015,2026-05-31,Lagos Mainland,Lagos,Rep 09,229773.65,1
10016,2026-05-31,Lagos Mainland,Lagos,Rep 14,0.0,0
10017,2026-05-31,Lagos Mainland,Lagos,Rep 02,159365.26,1
10018,2026-05-31,Lagos Mainland,Lagos,Rep 16,0.0,0
10019,2026-05-31,Lagos Mainland,Lagos,Rep 14,0.0,0
10020,2026-05-31,Lagos Island,Lagos,Rep 18,77297.38,1
10021,2026-05-31,Lagos Island,Lagos,Rep 20,94241.37,1
10022,2026-05-31,Lagos Island,Lagos,Rep 18,388518.8,1
10023,2026-05-31,Lagos Island,Lagos,Rep 01,0.0,0
10024,2026-05-31,Lagos Island,Lagos,Rep 13,0.0,0
10025,2026-05-31,Lekki-Ajah,Lagos,Rep 20,32012.98,1
10026,2026-05-31,Lekki-Ajah,Lagos,Rep 01,0.0,0
10027,2026-05-31,Lekki-Ajah,Lagos,Rep 02,387818.17,1
10028,2026-05-31,Lekki-Ajah,Lagos,Rep 07,0.0,0
10029,2026-05-31,Lekki-Ajah,Lagos,Rep 10,0.0,0
10030,2026-05-31,Abeokuta,Ogun,Rep 15,327976.35,1
10031,2026-05-31,Ibadan South,Oyo,Rep 16,0.0,0
10032,2026-05-31,Ibadan South,Oyo,Rep 15,133541.06,1
10033,2026-06-01,Ibadan North,Oyo,Rep 14,0.0,0
10034,2026-06-01,Ibadan North,Oyo,Rep 09,0.0,0
10035,2026-06-01,Ibadan North,Oyo,Rep 22,134316.77,1
10036,2026-06-01,Ibadan North,Oyo,Rep 03,0.0,0
10037,2026-06-01,Ibadan North,Oyo,Rep 16,0.0,0
10038,2026-06-01,Ibadan South,Oyo,Rep 17,0.0,0
10039,2026-06-01,Ibadan South,Oyo,Rep 14,0.0,0
10040,2026-06-01,Ibadan South,Oyo,Rep 17,0.0,0
10041,2026-06-01,Ibadan South,Oyo,Rep 05,121168.34,1
10042,2026-06-01,Ibadan South,Oyo,Rep 16,0.0,0
10043,2026-06-02,Lagos Mainland,Lagos,Rep 16,0.0,0
10044,2026-06-02,Lagos Mainland,Lagos,Rep 12,0.0,0
10045,2026-06-02,Lagos Mainland,Lagos,Rep 17,0.0,0
10046,2026-06-02,Lagos Mainland,Lagos,Rep 20,192306.64,1
10047,2026-06-02,Lagos Mainland,Lagos,Rep 14,0.0,0
10048,2026-06-02,Lagos Mainland,Lagos,Rep 21,0.0,0
10049,2026-06-02,Lagos Mainland,Lagos,Rep 02,0.0,0
10050,2026-06-02,Lagos Mainland,Lagos,Rep 08,0.0,0
10051,2026-06-02,Lagos Mainland,Lagos,Rep 02,0.0,0
10052,2026-06-02,Lagos Mainland,Lagos,Rep 18,152585.28,1
10053,2026-06-02,Lagos Island,Lagos,Rep 06,0.0,0
10054,2026-06-02,Lagos Island,Lagos,Rep 03,80947.22,1
10055,2026-06-02,Lagos Island,Lagos,Rep 14,104520.13,1
10056,2026-06-02,Lagos Island,Lagos,Rep 10,0.0,0
10057,2026-06-02,Ibadan North,Oyo,Rep 05,0.0,0
10058,2026-06-03,Lekki-Ajah,Lagos,Rep 15,152949.42,1
10059,2026-06-03,Lekki-Ajah,Lagos,Rep 11,157446.61,1
10060,2026-06-03,Lekki-Ajah,Lagos,Rep 02,0.0,0
10061,2026-06-03,Lekki-Ajah,Lagos,Rep 02,110898.44,1
10062,2026-06-03,Lekki-Ajah,Lagos,Rep 08,44066.8,1
10063,2026-06-03,Abeokuta,Ogun,Rep 06,0.0,0
10064,2026-06-03,Abeokuta,Ogun,Rep 17,0.0,0
10065,2026-06-03,Abeokuta,Ogun,Rep 16,0.0,0
10066,2026-06-03,Abeokuta,Ogun,Rep 05,0.0,0
10067,2026-06-03,Sagamu,Ogun,Rep 13,0.0,0
10068,2026-06-04,Lagos Mainland,Lagos,Rep 12,0.0,0
10069,2026-06-04,Lagos Mainland,Lagos,Rep 03,0.0,0
10070,2026-06-04,Lagos Mainland,Lagos,Rep 07,0.0,0
10071,2026-06-04,Lagos Mainland,Lagos,Rep 19,0.0,0
10072,2026-06-04,Lagos Mainland,Lagos,Rep 22,0.0,0
10073,2026-06-04,Abeokuta,Ogun,Rep 20,210761.07,1
10074,2026-06-04,Abeokuta,Ogun,Rep 15,153028.88,1
10075,2026-06-04,Abeokuta,Ogun,Rep 10,78658.43,1
10076,2026-06-04,Abeokuta,Ogun,Rep 06,0.0,0
10077,2026-06-04,Ibadan North,Oyo,Rep 18,0.0,0
10078,2026-06-04,Ibadan North,Oyo,Rep 13,157118.12,1
10079,2026-06-04,Ibadan North,Oyo,Rep 10,0.0,0
10080,2026-06-04,Ibadan North,Oyo,Rep 07,0.0,0
10081,2026-06-04,Ibadan North,Oyo,Rep 03,0.0,0
10082,2026-06-04,Ibadan North,Oyo,Rep 17,33919.34,1
10083,2026-06-04,Ibadan South,Oyo,Rep 19,0.0,0
10084,2026-06-04,Ibadan South,Oyo,Rep 18,0.0,0
10085,2026-06-05,Abeokuta,Ogun,Rep 06,0.0,0
10086,2026-06-05,Abeokuta,Ogun,Rep 19,0.0,0
10087,2026-06-05,Ibadan North,Oyo,Rep 02,0.0,0
10088,2026-06-05,Ibadan North,Oyo,Rep 20,69219.41,1
10089,2026-06-05,Ibadan North,Oyo,Rep 15,149416.64,1
10090,2026-06-05,Ibadan North,Oyo,Rep 06,0.0,0
10091,2026-06-06,Lekki-Ajah,Lagos,Rep 07,116400.1,1
10092,2026-06-06,Lekki-Ajah,Lagos,Rep 01,186958.52,1
10093,2026-06-06,Lekki-Ajah,Lagos,Rep 03,131616.22,1
10094,2026-06-06,Lekki-Ajah,Lagos,Rep 07,0.0,0
10095,2026-06-06,Lekki-Ajah,Lagos,Rep 09,109075.63,1
10096,2026-06-06,Lekki-Ajah,Lagos,Rep 21,334630.33,1
10097,2026-06-06,Abeokuta,Ogun,Rep 10,60437.39,1
10098,2026-06-06,Abeokuta,Ogun,Rep 09,67948.54,1
10099,2026-06-06,Abeokuta,Ogun,Rep 18,0.0,0
10100,2026-06-06,Abeokuta,Ogun,Rep 09,46419.24,1
10101,2026-06-06,Sagamu,Ogun,Rep 16,0.0,0
10102,2026-06-06,Sagamu,Ogun,Rep 10,0.0,0
10103,2026-06-06,Ibadan South,Oyo,Rep 18,99842.11,1
10104,2026-06-07,Lagos Island,Lagos,Rep 03,0.0,0
10105,2026-06-07,Lagos Island,Lagos,Rep 04,0.0,0
10106,2026-06-07,Lagos Island,Lagos,Rep 17,0.0,0
10107,2026-06-07,Lagos Island,Lagos,Rep 11,63583.64,1
10108,2026-06-07,Lagos Island,Lagos,Rep 01,100875.94,1
10109,2026-06-07,Lagos Island,Lagos,Rep 11,0.0,0
10110,2026-06-07,Abeokuta,Ogun,Rep 16,29710.23,1
10111,2026-06-07,Abeokuta,Ogun,Rep 21,162254.94,1
10112,2026-06-07,Abeokuta,Ogun,Rep 18,150802.54,1
10113,2026-06-07,Abeokuta,Ogun,Rep 07,0.0,0
10114,2026-06-07,Abeokuta,Ogun,Rep 13,0.0,0
10115,2026-06-07,Abeokuta,Ogun,Rep 03,0.0,0
10116,2026-06-07,Abeokuta,Ogun,Rep 13,0.0,0
10117,2026-06-07,Abeokuta,Ogun,Rep 19,0.0,0
10118,2026-06-07,Ibadan South,Oyo,Rep 14,0.0,0
10119,2026-06-07,Ibadan South,Oyo,Rep 08,0.0,0
10120,2026-06-07,Ibadan South,Oyo,Rep 06,0.0,0
10121,2026-06-07,Ibadan South,Oyo,Rep 06,248346.38,1
10122,2026-06-07,Ibadan South,Oyo,Rep 15,0.0,0
10123,2026-06-07,Ibadan South,Oyo,Rep 22,0.0,0
10124,2026-06-07,Ibadan South,Oyo,Rep 04,172057.8,1
10125,2026-06-08,Lagos Island,Lagos,Rep 17,0.0,0
10126,2026-06-08,Lagos Island,Lagos,Rep 01,252033.43,1
10127,2026-06-08,Lagos Island,Lagos,Rep 03,28559.96,1
10128,2026-06-08,Lagos Island,Lagos,Rep 08,0.0,0
10129,2026-06-08,Lagos Island,Lagos,Rep 06,143370.07,1
10130,2026-06-08,Lekki-Ajah,Lagos,Rep 08,0.0,0
10131,2026-06-08,Lekki-Ajah,Lagos,Rep 13,0.0,0
10132,2026-06-08,Lekki-Ajah,Lagos,Rep 05,0.0,0
10133,2026-06-08,Lekki-Ajah,Lagos,Rep 13,0.0,0
10134,2026-06-08,Lekki-Ajah,Lagos,Rep 11,170428.98,1
10135,2026-06-08,Abeokuta,Ogun,Rep 08,0.0,0
10136,2026-06-08,Abeokuta,Ogun,Rep 03,170899.73,1
10137,2026-06-08,Abeokuta,Ogun,Rep 20,0.0,0
10138,2026-06-08,Abeokuta,Ogun,Rep 16,0.0,0
10139,2026-06-08,Abeokuta,Ogun,Rep 16,141565.58,1
10140,2026-06-08,Abeokuta,Ogun,Rep 04,144501.25,1
10141,2026-06-08,Ibadan South,Oyo,Rep 22,0.0,0
10142,2026-06-08,Ibadan South,Oyo,Rep 09,0.0,0
10143,2026-06-08,Ibadan South,Oyo,Rep 14,0.0,0
10144,2026-06-09,Ibadan North,Oyo,Rep 08,27115.04,1
10145,2026-06-09,Ibadan North,Oyo,Rep 09,0.0,0
10146,2026-06-09,Ibadan North,Oyo,Rep 08,0.0,0
10147,2026-06-09,Ibadan North,Oyo,Rep 06,0.0,0
10148,2026-06-10,Lagos Mainland,Lagos,Rep 06,0.0,0
10149,2026-06-10,Lagos Mainland,Lagos,Rep 19,0.0,0
10150,2026-06-10,Lagos Mainland,Lagos,Rep 02,0.0,0
10151,2026-06-10,Lagos Mainland,Lagos,Rep 16,0.0,0
10152,2026-06-10,Lagos Mainland,Lagos,Rep 05,0.0,0
10153,2026-06-10,Lagos Mainland,Lagos,Rep 18,0.0,0
10154,2026-06-10,Lagos Mainland,Lagos,Rep 04,0.0,0
10155,2026-06-10,Lagos Mainland,Lagos,Rep 17,95082.5,1
10156,2026-06-10,Lagos Mainland,Lagos,Rep 03,0.0,0
10157,2026-06-10,Lagos Mainland,Lagos,Rep 03,0.0,0
10158,2026-06-10,Lagos Mainland,Lagos,Rep 14,171599.64,1
10159,2026-06-10,Lagos Mainland,Lagos,Rep 15,0.0,0
10160,2026-06-10,Lagos Mainland,Lagos,Rep 08,0.0,0
10161,2026-06-10,Lekki-Ajah,Lagos,Rep 03,208863.57,1
10162,2026-06-10,Lekki-Ajah,Lagos,Rep 20,39928.34,1
10163,2026-06-10,Lekki-Ajah,Lagos,Rep 17,0.0,0
10164,2026-06-10,Lekki-Ajah,Lagos,Rep 22,230540.5,1
10165,2026-06-10,Lekki-Ajah,Lagos,Rep 19,28666.35,1
10166,2026-06-10,Lekki-Ajah,Lagos,Rep 10,0.0,0
10167,2026-06-10,Lekki-Ajah,Lagos,Rep 01,0.0,0
10168,2026-06-10,Abeokuta,Ogun,Rep 02,162834.38,1
10169,2026-06-10,Abeokuta,Ogun,Rep 01,0.0,0
10170,2026-06-10,Abeokuta,Ogun,Rep 07,140956.8,1
10171,2026-06-10,Abeokuta,Ogun,Rep 15,0.0,0
10172,2026-06-10,Abeokuta,Ogun,Rep 20,0.0,0
10173,2026-06-10,Abeokuta,Ogun,Rep 10,0.0,0
10174,2026-06-10,Sagamu,Ogun,Rep 14,53890.53,1
10175,2026-06-10,Sagamu,Ogun,Rep 01,0.0,0
10176,2026-06-10,Ibadan North,Oyo,Rep 17,81551.2,1
10177,2026-06-10,Ibadan North,Oyo,Rep 16,69500.37,1
10178,2026-06-10,Ibadan North,Oyo,Rep 01,0.0,0
10179,2026-06-10,Ibadan South,Oyo,Rep 16,0.0,0
10180,2026-06-10,Ibadan South,Oyo,Rep 09,73834.55,1
10181,2026-06-10,Ibadan South,Oyo,Rep 17,0.0,0
10182,2026-06-10,Ibadan South,Oyo,Rep 05,167806.92,1
10183,2026-06-10,Ibadan South,Oyo,Rep 11,0.0,0
10184,2026-06-10,Ibadan South,Oyo,Rep 07,0.0,0
10185,2026-06-11,Lagos Island,Lagos,Rep 05,0.0,0
10186,2026-06-11,Lagos Island,Lagos,Rep 12,108411.75,1
10187,2026-06-11,Lagos Island,Lagos,Rep 06,0.0,0
10188,2026-06-11,Lekki-Ajah,Lagos,Rep 17,0.0,0
10189,2026-06-11,Lekki-Ajah,Lagos,Rep 13,150446.63,1
10190,2026-06-11,Lekki-Ajah,Lagos,Rep 11,0.0,0
10191,2026-06-11,Lekki-Ajah,Lagos,Rep 14,0.0,0
10192,2026-06-11,Lekki-Ajah,Lagos,Rep 16,0.0,0
10193,2026-06-11,Lekki-Ajah,Lagos,Rep 21,0.0,0
10194,2026-06-11,Abeokuta,Ogun,Rep 19,0.0,0
10195,2026-06-11,Abeokuta,Ogun,Rep 12,33761.75,1
10196,2026-06-11,Abeokuta,Ogun,Rep 09,0.0,0
10197,2026-06-11,Ibadan South,Oyo,Rep 13,0.0,0
10198,2026-06-11,Ibadan South,Oyo,Rep 09,0.0,0
10199,2026-06-11,Ibadan South,Oyo,Rep 08,0.0,0
10200,2026-06-11,Ibadan South,Oyo,Rep 07,0.0,0
10201,2026-06-12,Lagos Mainland,Lagos,Rep 20,0.0,0
10202,2026-06-12,Lagos Mainland,Lagos,Rep 09,0.0,0
10203,2026-06-12,Lagos Mainland,Lagos,Rep 19,82125.27,1
10204,2026-06-12,Lagos Mainland,Lagos,Rep 05,188814.76,1
10205,2026-06-12,Lagos Mainland,Lagos,Rep 15,0.0,0
10206,2026-06-12,Lekki-Ajah,Lagos,Rep 06,103763.93,1
10207,2026-06-12,Lekki-Ajah,Lagos,Rep 06,0.0,0
10208,2026-06-12,Lekki-Ajah,Lagos,Rep 03,71899.0,1
10209,2026-06-12,Lekki-Ajah,Lagos,Rep 07,0.0,0
10210,2026-06-12,Lekki-Ajah,Lagos,Rep 02,0.0,0
10211,2026-06-12,Lekki-Ajah,Lagos,Rep 22,164732.96,1
10212,2026-06-12,Lekki-Ajah,Lagos,Rep 10,0.0,0
10213,2026-06-12,Lekki-Ajah,Lagos,Rep 09,65368.34,1
10214,2026-06-12,Sagamu,Ogun,Rep 17,0.0,0
10215,2026-06-12,Ibadan North,Oyo,Rep 06,0.0,0
10216,2026-06-12,Ibadan North,Oyo,Rep 02,0.0,0
10217,2026-06-12,Ibadan North,Oyo,Rep 13,26642.21,1
10218,2026-06-12,Ibadan North,Oyo,Rep 02,0.0,0
10219,2026-06-12,Ibadan North,Oyo,Rep 10,128551.36,1
10220,2026-06-13,Lagos Mainland,Lagos,Rep 17,96837.3,1
10221,2026-06-13,Lagos Mainland,Lagos,Rep 07,0.0,0
10222,2026-06-13,Lagos Mainland,Lagos,Rep 06,237188.91,1
10223,2026-06-13,Lagos Mainland,Lagos,Rep 13,165396.27,1
10224,2026-06-13,Lagos Mainland,Lagos,Rep 18,0.0,0
10225,2026-06-13,Lagos Mainland,Lagos,Rep 03,179805.8,1
10226,2026-06-13,Lagos Mainland,Lagos,Rep 11,0.0,0
10227,2026-06-13,Lagos Island,Lagos,Rep 15,0.0,0
10228,2026-06-13,Lagos Island,Lagos,Rep 04,0.0,0
10229,2026-06-13,Lagos Island,Lagos,Rep 14,0.0,0
10230,2026-06-13,Lagos Island,Lagos,Rep 04,0.0,0
10231,2026-06-13,Lagos Island,Lagos,Rep 03,53103.34,1
10232,2026-06-13,Lagos Island,Lagos,Rep 09,0.0,0
10233,2026-06-13,Lagos Island,Lagos,Rep 16,163053.28,1
10234,2026-06-13,Lekki-Ajah,Lagos,Rep 19,0.0,0
10235,2026-06-13,Lekki-Ajah,Lagos,Rep 12,315808.98,1
10236,2026-06-13,Lekki-Ajah,Lagos,Rep 03,77101.6,1
10237,2026-06-13,Lekki-Ajah,Lagos,Rep 09,0.0,0
10238,2026-06-13,Abeokuta,Ogun,Rep 02,0.0,0
10239,2026-06-13,Abeokuta,Ogun,Rep 17,0.0,0
10240,2026-06-14,Sagamu,Ogun,Rep 17,0.0,0
10241,2026-06-14,Sagamu,Ogun,Rep 03,74629.1,1
10242,2026-06-15,Lagos Island,Lagos,Rep 11,0.0,0
10243,2026-06-15,Lagos Island,Lagos,Rep 18,0.0,0
10244,2026-06-15,Lagos Island,Lagos,Rep 01,0.0,0
10245,2026-06-15,Lagos Island,Lagos,Rep 15,0.0,0
10246,2026-06-15,Lekki-Ajah,Lagos,Rep 05,0.0,0
10247,2026-06-15,Lekki-Ajah,Lagos,Rep 19,290819.6,1
10248,2026-06-15,Lekki-Ajah,Lagos,Rep 17,0.0,0
10249,2026-06-15,Lekki-Ajah,Lagos,Rep 09,0.0,0
10250,2026-06-15,Lekki-Ajah,Lagos,Rep 08,163523.05,1
10251,2026-06-15,Abeokuta,Ogun,Rep 11,84214.06,1
10252,2026-06-15,Abeokuta,Ogun,Rep 13,187958.95,1
10253,2026-06-15,Abeokuta,Ogun,Rep 21,29908.44,1
10254,2026-06-15,Ibadan South,Oyo,Rep 04,103025.06,1
10255,2026-06-15,Ibadan South,Oyo,Rep 10,0.0,0
10256,2026-06-15,Ibadan South,Oyo,Rep 11,28906.85,1
10257,2026-06-15,Ibadan South,Oyo,Rep 18,0.0,0
10258,2026-06-15,Ibadan South,Oyo,Rep 14,0.0,0
10259,2026-06-15,Ibadan South,Oyo,Rep 06,0.0,0
10260,2026-06-16,Lagos Island,Lagos,Rep 17,124617.54,1
10261,2026-06-16,Lagos Island,Lagos,Rep 04,0.0,0
10262,2026-06-16,Lagos Island,Lagos,Rep 18,0.0,0
10263,2026-06-16,Lagos Island,Lagos,Rep 12,0.0,0
10264,2026-06-16,Lagos Island,Lagos,Rep 12,0.0,0
10265,2026-06-16,Lagos Island,Lagos,Rep 15,50049.86,1
10266,2026-06-16,Lekki-Ajah,Lagos,Rep 19,67964.01,1
10267,2026-06-16,Lekki-Ajah,Lagos,Rep 04,0.0,0
10268,2026-06-16,Lekki-Ajah,Lagos,Rep 15,158560.33,1
10269,2026-06-16,Lekki-Ajah,Lagos,Rep 08,158328.89,1
10270,2026-06-16,Lekki-Ajah,Lagos,Rep 09,0.0,0
10271,2026-06-16,Lekki-Ajah,Lagos,Rep 21,87686.52,1
10272,2026-06-16,Lekki-Ajah,Lagos,Rep 09,0.0,0
10273,2026-06-16,Lekki-Ajah,Lagos,Rep 06,15419.3,1
10274,2026-06-16,Abeokuta,Ogun,Rep 09,0.0,0
10275,2026-06-16,Abeokuta,Ogun,Rep 08,0.0,0
10276,2026-06-16,Abeokuta,Ogun,Rep 06,0.0,0
10277,2026-06-16,Ibadan North,Oyo,Rep 19,58936.55,1
10278,2026-06-16,Ibadan North,Oyo,Rep 08,0.0,0
10279,2026-06-17,Lagos Mainland,Lagos,Rep 06,0.0,0
10280,2026-06-17,Lagos Mainland,Lagos,Rep 06,0.0,0
10281,2026-06-17,Lagos Mainland,Lagos,Rep 12,0.0,0
10282,2026-06-17,Lagos Mainland,Lagos,Rep 09,0.0,0
10283,2026-06-17,Lagos Mainland,Lagos,Rep 16,0.0,0
10284,2026-06-17,Lagos Mainland,Lagos,Rep 11,0.0,0
10285,2026-06-17,Lagos Mainland,Lagos,Rep 20,170179.36,1
10286,2026-06-17,Lagos Mainland,Lagos,Rep 05,0.0,0
10287,2026-06-17,Lekki-Ajah,Lagos,Rep 05,343926.42,1
10288,2026-06-17,Lekki-Ajah,Lagos,Rep 10,107932.33,1
10289,2026-06-17,Lekki-Ajah,Lagos,Rep 01,124006.45,1
10290,2026-06-17,Lekki-Ajah,Lagos,Rep 09,0.0,0
10291,2026-06-17,Lekki-Ajah,Lagos,Rep 17,0.0,0
10292,2026-06-17,Abeokuta,Ogun,Rep 08,0.0,0
10293,2026-06-17,Abeokuta,Ogun,Rep 03,0.0,0
10294,2026-06-17,Abeokuta,Ogun,Rep 12,156112.1,1
10295,2026-06-17,Sagamu,Ogun,Rep 15,0.0,0
10296,2026-06-17,Sagamu,Ogun,Rep 04,87628.97,1
10297,2026-06-17,Ibadan South,Oyo,Rep 21,33839.19,1
10298,2026-06-17,Ibadan South,Oyo,Rep 18,92959.26,1
10299,2026-06-17,Ibadan South,Oyo,Rep 19,0.0,0
10300,2026-06-18,Lekki-Ajah,Lagos,Rep 17,0.0,0
10301,2026-06-18,Lekki-Ajah,Lagos,Rep 18,0.0,0
10302,2026-06-18,Lekki-Ajah,Lagos,Rep 08,84217.94,1
10303,2026-06-18,Lekki-Ajah,Lagos,Rep 04,198117.15,1
10304,2026-06-18,Lekki-Ajah,Lagos,Rep 15,104988.0,1
10305,2026-06-18,Ibadan South,Oyo,Rep 16,0.0,0
10306,2026-06-18,Ogbomosho,Oyo,Rep 19,73790.64,1
10307,2026-06-19,Lagos Mainland,Lagos,Rep 02,0.0,0
10308,2026-06-19,Lagos Mainland,Lagos,Rep 03,0.0,0
10309,2026-06-19,Lagos Mainland,Lagos,Rep 20,0.0,0
10310,2026-06-19,Lagos Mainland,Lagos,Rep 18,120105.73,1
10311,2026-06-19,Lagos Island,Lagos,Rep 05,0.0,0
10312,2026-06-19,Lekki-Ajah,Lagos,Rep 02,0.0,0
10313,2026-06-19,Lekki-Ajah,Lagos,Rep 01,0.0,0
10314,2026-06-19,Lekki-Ajah,Lagos,Rep 14,0.0,0
10315,2026-06-19,Lekki-Ajah,Lagos,Rep 15,79773.03,1
10316,2026-06-19,Lekki-Ajah,Lagos,Rep 06,0.0,0
10317,2026-06-19,Lekki-Ajah,Lagos,Rep 22,0.0,0
10318,2026-06-19,Lekki-Ajah,Lagos,Rep 08,0.0,0
10319,2026-06-19,Sagamu,Ogun,Rep 13,0.0,0
10320,2026-06-19,Ibadan North,Oyo,Rep 17,159785.59,1
10321,2026-06-19,Ibadan North,Oyo,Rep 18,0.0,0
10322,2026-06-19,Ibadan North,Oyo,Rep 20,0.0,0
10323,2026-06-19,Ibadan North,Oyo,Rep 21,0.0,0
10324,2026-06-19,Ibadan North,Oyo,Rep 20,0.0,0
10325,2026-06-19,Ibadan North,Oyo,Rep 06,233693.65,1
10326,2026-06-19,Ibadan North,Oyo,Rep 21,140885.15,1
10327,2026-06-19,Ibadan North,Oyo,Rep 04,0.0,0
10328,2026-06-19,Ibadan North,Oyo,Rep 08,0.0,0
10329,2026-06-20,Lagos Mainland,Lagos,Rep 18,0.0,0
10330,2026-06-20,Lagos Mainland,Lagos,Rep 16,119185.02,1
10331,2026-06-20,Lagos Mainland,Lagos,Rep 14,174174.91,1
10332,2026-06-20,Lagos Mainland,Lagos,Rep 14,108268.99,1
10333,2026-06-20,Ibadan North,Oyo,Rep 22,0.0,0
10334,2026-06-20,Ibadan North,Oyo,Rep 16,198939.82,1
10335,2026-06-20,Ibadan North,Oyo,Rep 04,0.0,0
10336,2026-06-20,Ibadan North,Oyo,Rep 22,0.0,0
10337,2026-06-20,Ibadan North,Oyo,Rep 20,49729.35,1
10338,2026-06-20,Ibadan North,Oyo,Rep 17,0.0,0
10339,2026-06-20,Ibadan North,Oyo,Rep 09,0.0,0
10340,2026-06-20,Ibadan South,Oyo,Rep 10,0.0,0
10341,2026-06-20,Ibadan South,Oyo,Rep 15,0.0,0
10342,2026-06-20,Ibadan South,Oyo,Rep 08,0.0,0
10343,2026-06-20,Ibadan South,Oyo,Rep 17,0.0,0
10344,2026-06-20,Ibadan South,Oyo,Rep 18,0.0,0
10345,2026-06-21,Lagos Island,Lagos,Rep 20,0.0,0
10346,2026-06-21,Lagos Island,Lagos,Rep 02,54813.55,1
10347,2026-06-21,Lagos Island,Lagos,Rep 01,0.0,0
10348,2026-06-21,Abeokuta,Ogun,Rep 02,0.0,0
10349,2026-06-21,Abeokuta,Ogun,Rep 01,0.0,0
10350,2026-06-21,Abeokuta,Ogun,Rep 11,0.0,0
10351,2026-06-21,Abeokuta,Ogun,Rep 21,50442.58,1
10352,2026-06-21,Sagamu,Ogun,Rep 15,0.0,0
10353,2026-06-21,Sagamu,Ogun,Rep 09,0.0,0
10354,2026-06-21,Sagamu,Ogun,Rep 08,60897.06,1
10355,2026-06-21,Ibadan North,Oyo,Rep 16,116232.04,1
10356,2026-06-21,Ibadan North,Oyo,Rep 08,0.0,0
10357,2026-06-21,Ibadan North,Oyo,Rep 18,206633.35,1
10358,2026-06-21,Ibadan South,Oyo,Rep 07,0.0,0
10359,2026-06-21,Ibadan South,Oyo,Rep 12,0.0,0
10360,2026-06-21,Ibadan South,Oyo,Rep 17,0.0,0
10361,2026-06-21,Ibadan South,Oyo,Rep 01,0.0,0
10362,2026-06-21,Ogbomosho,Oyo,Rep 15,0.0,0
10363,2026-06-22,Lagos Island,Lagos,Rep 16,233695.13,1
10364,2026-06-22,Lagos Island,Lagos,Rep 19,221723.37,1
10365,2026-06-22,Lagos Island,Lagos,Rep 02,0.0,0
10366,2026-06-22,Lagos Island,Lagos,Rep 09,0.0,0
10367,2026-06-22,Lagos Island,Lagos,Rep 14,0.0,0
10368,2026-06-22,Lagos Island,Lagos,Rep 22,0.0,0
10369,2026-06-22,Lagos Island,Lagos,Rep 18,232086.14,1
10370,2026-06-22,Lagos Island,Lagos,Rep 04,0.0,0
10371,2026-06-22,Sagamu,Ogun,Rep 06,0.0,0
10372,2026-06-22,Ibadan South,Oyo,Rep 02,0.0,0
10373,2026-06-22,Ibadan South,Oyo,Rep 11,0.0,0
10374,2026-06-22,Ibadan South,Oyo,Rep 10,0.0,0
10375,2026-06-22,Ibadan South,Oyo,Rep 01,0.0,0
10376,2026-06-22,Ibadan South,Oyo,Rep 18,13157.71,1
10377,2026-06-22,Ibadan South,Oyo,Rep 18,130654.86,1
10378,2026-06-23,Lagos Mainland,Lagos,Rep 01,0.0,0
10379,2026-06-23,Lagos Mainland,Lagos,Rep 13,0.0,0
10380,2026-06-23,Lagos Mainland,Lagos,Rep 21,0.0,0
10381,2026-06-23,Lagos Mainland,Lagos,Rep 01,0.0,0
10382,2026-06-23,Lagos Mainland,Lagos,Rep 08,150800.57,1
10383,2026-06-23,Lagos Mainland,Lagos,Rep 08,0.0,0
10384,2026-06-23,Lagos Island,Lagos,Rep 16,0.0,0
10385,2026-06-23,Lagos Island,Lagos,Rep 18,0.0,0
10386,2026-06-23,Lagos Island,Lagos,Rep 13,0.0,0
10387,2026-06-23,Sagamu,Ogun,Rep 21,0.0,0
10388,2026-06-23,Ibadan North,Oyo,Rep 14,151767.41,1
10389,2026-06-23,Ibadan North,Oyo,Rep 04,97836.56,1
10390,2026-06-23,Ibadan North,Oyo,Rep 17,0.0,0
10391,2026-06-23,Ibadan North,Oyo,Rep 08,0.0,0
10392,2026-06-23,Ibadan North,Oyo,Rep 10,0.0,0
10393,2026-06-23,Ibadan North,Oyo,Rep 22,0.0,0
10394,2026-06-23,Ibadan North,Oyo,Rep 02,0.0,0
10395,2026-06-23,Ibadan North,Oyo,Rep 21,0.0,0
10396,2026-06-23,Ibadan North,Oyo,Rep 02,26466.47,1
10397,2026-06-23,Ibadan North,Oyo,Rep 11,0.0,0
10398,2026-06-24,Lagos Mainland,Lagos,Rep 20,42725.55,1
10399,2026-06-24,Lagos Mainland,Lagos,Rep 05,70500.22,1
10400,2026-06-24,Lagos Mainland,Lagos,Rep 14,172794.71,1
10401,2026-06-24,Lagos Mainland,Lagos,Rep 17,0.0,0
10402,2026-06-24,Lagos Mainland,Lagos,Rep 21,113808.06,1
10403,2026-06-24,Lagos Mainland,Lagos,Rep 09,0.0,0
10404,2026-06-24,Lagos Mainland,Lagos,Rep 05,0.0,0
10405,2026-06-24,Lagos Mainland,Lagos,Rep 06,0.0,0
10406,2026-06-24,Abeokuta,Ogun,Rep 21,0.0,0
10407,2026-06-24,Abeokuta,Ogun,Rep 12,155508.79,1
10408,2026-06-24,Abeokuta,Ogun,Rep 09,0.0,0
10409,2026-06-24,Abeokuta,Ogun,Rep 03,98763.44,1
10410,2026-06-24,Ibadan North,Oyo,Rep 06,0.0,0
10411,2026-06-24,Ibadan North,Oyo,Rep 08,0.0,0
10412,2026-06-24,Ibadan North,Oyo,Rep 10,76957.96,1
10413,2026-06-24,Ibadan North,Oyo,Rep 01,0.0,0
10414,2026-06-24,Ibadan North,Oyo,Rep 06,0.0,0
10415,2026-06-24,Ibadan North,Oyo,Rep 02,88022.85,1
10416,2026-06-24,Ibadan North,Oyo,Rep 08,0.0,0
10417,2026-06-24,Ibadan South,Oyo,Rep 05,0.0,0
10418,2026-06-24,Ibadan South,Oyo,Rep 11,0.0,0
10419,2026-06-24,Ibadan South,Oyo,Rep 14,0.0,0
10420,2026-06-24,Ibadan South,Oyo,Rep 14,0.0,0
10421,2026-06-25,Lagos Mainland,Lagos,Rep 15,116438.98,1
10422,2026-06-25,Lagos Mainland,Lagos,Rep 10,0.0,0
10423,2026-06-25,Lagos Mainland,Lagos,Rep 11,0.0,0
10424,2026-06-25,Lagos Mainland,Lagos,Rep 11,0.0,0
10425,2026-06-25,Lekki-Ajah,Lagos,Rep 10,0.0,0
10426,2026-06-25,Lekki-Ajah,Lagos,Rep 08,0.0,0
10427,2026-06-25,Lekki-Ajah,Lagos,Rep 12,0.0,0
10428,2026-06-25,Lekki-Ajah,Lagos,Rep 17,173474.68,1
10429,2026-06-25,Lekki-Ajah,Lagos,Rep 17,131756.76,1
10430,2026-06-25,Lekki-Ajah,Lagos,Rep 18,0.0,0
10431,2026-06-25,Lekki-Ajah,Lagos,Rep 14,0.0,0
10432,2026-06-25,Lekki-Ajah,Lagos,Rep 04,0.0,0
10433,2026-06-25,Lekki-Ajah,Lagos,Rep 11,0.0,0
10434,2026-06-25,Lekki-Ajah,Lagos,Rep 16,0.0,0
10435,2026-06-25,Lekki-Ajah,Lagos,Rep 02,0.0,0
10436,2026-06-25,Ibadan North,Oyo,Rep 17,0.0,0
10437,2026-06-25,Ibadan North,Oyo,Rep 08,63387.14,1
10438,2026-06-25,Ibadan North,Oyo,Rep 15,292805.33,1
10439,2026-06-26,Lagos Island,Lagos,Rep 16,0.0,0
10440,2026-06-26,Lagos Island,Lagos,Rep 04,57352.9,1
10441,2026-06-26,Lagos Island,Lagos,Rep 10,0.0,0
10442,2026-06-26,Lagos Island,Lagos,Rep 01,0.0,0
10443,2026-06-26,Lagos Island,Lagos,Rep 12,90425.92,1
10444,2026-06-26,Lagos Island,Lagos,Rep 16,177141.77,1
10445,2026-06-26,Lekki-Ajah,Lagos,Rep 16,0.0,0
10446,2026-06-26,Lekki-Ajah,Lagos,Rep 08,0.0,0
10447,2026-06-26,Lekki-Ajah,Lagos,Rep 05,43053.32,1
10448,2026-06-26,Lekki-Ajah,Lagos,Rep 09,70292.06,1
10449,2026-06-26,Lekki-Ajah,Lagos,Rep 14,0.0,0
10450,2026-06-26,Lekki-Ajah,Lagos,Rep 01,153086.86,1
10451,2026-06-26,Lekki-Ajah,Lagos,Rep 11,111253.65,1
10452,2026-06-26,Lekki-Ajah,Lagos,Rep 11,0.0,0
10453,2026-06-26,Abeokuta,Ogun,Rep 16,0.0,0
10454,2026-06-26,Abeokuta,Ogun,Rep 20,0.0,0
10455,2026-06-26,Abeokuta,Ogun,Rep 13,0.0,0
10456,2026-06-26,Abeokuta,Ogun,Rep 16,0.0,0
10457,2026-06-26,Abeokuta,Ogun,Rep 09,68103.26,1
10458,2026-06-26,Abeokuta,Ogun,Rep 04,0.0,0
10459,2026-06-26,Ibadan North,Oyo,Rep 22,0.0,0
10460,2026-06-26,Ibadan North,Oyo,Rep 01,0.0,0
10461,2026-06-26,Ibadan North,Oyo,Rep 14,0.0,0
10462,2026-06-26,Ibadan North,Oyo,Rep 02,0.0,0
10463,2026-06-26,Ibadan North,Oyo,Rep 19,70801.38,1
10464,2026-06-26,Ibadan North,Oyo,Rep 11,232845.33,1
10465,2026-06-26,Ibadan North,Oyo,Rep 08,0.0,0
10466,2026-06-26,Ibadan South,Oyo,Rep 02,68084.03,1
10467,2026-06-26,Ibadan South,Oyo,Rep 04,0.0,0
10468,2026-06-26,Ibadan South,Oyo,Rep 16,0.0,0
10469,2026-06-26,Ibadan South,Oyo,Rep 13,0.0,0
10470,2026-06-26,Ibadan South,Oyo,Rep 18,0.0,0
10471,2026-06-26,Ibadan South,Oyo,Rep 15,0.0,0
10472,2026-06-26,Ibadan South,Oyo,Rep 10,0.0,0
10473,2026-06-26,Ibadan South,Oyo,Rep 15,0.0,0
10474,2026-06-26,Ibadan South,Oyo,Rep 16,0.0,0
10475,2026-06-27,Lagos Mainland,Lagos,Rep 06,0.0,0
10476,2026-06-27,Lagos Mainland,Lagos,Rep 22,0.0,0
10477,2026-06-27,Lagos Mainland,Lagos,Rep 08,0.0,0
10478,2026-06-27,Lagos Mainland,Lagos,Rep 13,0.0,0
10479,2026-06-27,Lagos Mainland,Lagos,Rep 05,9068.83,1
10480,2026-06-27,Lagos Mainland,Lagos,Rep 07,192215.28,1
10481,2026-06-27,Lagos Mainland,Lagos,Rep 12,153304.91,1
10482,2026-06-27,Lagos Mainland,Lagos,Rep 08,129069.13,1
10483,2026-06-27,Lagos Mainland,Lagos,Rep 14,0.0,0
10484,2026-06-27,Lagos Mainland,Lagos,Rep 19,0.0,0
10485,2026-06-27,Lekki-Ajah,Lagos,Rep 04,131226.17,1
10486,2026-06-27,Lekki-Ajah,Lagos,Rep 22,26832.62,1
10487,2026-06-27,Lekki-Ajah,Lagos,Rep 06,273382.91,1
10488,2026-06-27,Lekki-Ajah,Lagos,Rep 22,203443.88,1
10489,2026-06-27,Ibadan North,Oyo,Rep 17,73221.61,1
10490,2026-06-27,Ibadan North,Oyo,Rep 08,90639.19,1
10491,2026-06-27,Ibadan North,Oyo,Rep 08,0.0,0
10492,2026-06-27,Ibadan North,Oyo,Rep 22,168716.73,1
10493,2026-06-27,Ibadan North,Oyo,Rep 20,210404.34,1
10494,2026-06-27,Ogbomosho,Oyo,Rep 08,0.0,0
10495,2026-06-28,Lagos Mainland,Lagos,Rep 16,0.0,0
10496,2026-06-28,Lagos Mainland,Lagos,Rep 10,0.0,0
10497,2026-06-28,Lagos Mainland,Lagos,Rep 02,0.0,0
10498,2026-06-28,Lagos Mainland,Lagos,Rep 02,0.0,0
10499,2026-06-28,Lagos Mainland,Lagos,Rep 09,0.0,0
10500,2026-06-28,Lagos Mainland,Lagos,Rep 03,102677.06,1
10501,2026-06-28,Lagos Mainland,Lagos,Rep 17,0.0,0
10502,2026-06-28,Lagos Mainland,Lagos,Rep 16,0.0,0
10503,2026-06-28,Lagos Mainland,Lagos,Rep 11,0.0,0
10504,2026-06-28,Lagos Mainland,Lagos,Rep 16,0.0,0
10505,2026-06-28,Lagos Island,Lagos,Rep 09,0.0,0
10506,2026-06-28,Lagos Island,Lagos,Rep 17,0.0,0
10507,2026-06-28,Lagos Island,Lagos,Rep 14,0.0,0
10508,2026-06-28,Lagos Island,Lagos,Rep 16,0.0,0
10509,2026-06-28,Lagos Island,Lagos,Rep 19,104620.28,1
10510,2026-06-28,Abeokuta,Ogun,Rep 03,0.0,0
10511,2026-06-28,Abeokuta,Ogun,Rep 18,293902.55,1
10512,2026-06-28,Sagamu,Ogun,Rep 07,107726.68,1
10513,2026-06-28,Sagamu,Ogun,Rep 16,0.0,0
10514,2026-06-28,Sagamu,Ogun,Rep 03,176236.26,1
10515,2026-06-28,Ogbomosho,Oyo,Rep 10,0.0,0
10516,2026-06-29,Lagos Island,Lagos,Rep 14,199940.09,1
10517,2026-06-29,Lagos Island,Lagos,Rep 09,0.0,0
10518,2026-06-29,Lagos Island,Lagos,Rep 17,0.0,0
10519,2026-06-29,Lagos Island,Lagos,Rep 15,54964.0,1
10520,2026-06-29,Lagos Island,Lagos,Rep 08,0.0,0
10521,2026-06-29,Lagos Island,Lagos,Rep 01,74081.68,1
10522,2026-06-29,Lekki-Ajah,Lagos,Rep 14,0.0,0
10523,2026-06-29,Lekki-Ajah,Lagos,Rep 02,156674.88,1
10524,2026-06-29,Lekki-Ajah,Lagos,Rep 03,261127.67,1
10525,2026-06-29,Lekki-Ajah,Lagos,Rep 08,59295.74,1
10526,2026-06-29,Lekki-Ajah,Lagos,Rep 22,0.0,0
10527,2026-06-29,Ibadan North,Oyo,Rep 03,241949.57,1
10528,2026-06-29,Ibadan South,Oyo,Rep 11,172375.72,1
10529,2026-06-29,Ibadan South,Oyo,Rep 17,0.0,0
10530,2026-06-29,Ibadan South,Oyo,Rep 16,0.0,0
10531,2026-06-29,Ibadan South,Oyo,Rep 11,0.0,0
10532,2026-06-29,Ibadan South,Oyo,Rep 17,0.0,0
10533,2026-06-29,Ibadan South,Oyo,Rep 14,0.0,0
10534,2026-06-29,Ogbomosho,Oyo,Rep 07,0.0,0
10535,2026-06-29,Ogbomosho,Oyo,Rep 21,161286.79,1
10536,2026-06-30,Lagos Mainland,Lagos,Rep 03,262092.74,1
10537,2026-06-30,Lagos Mainland,Lagos,Rep 06,0.0,0
10538,2026-06-30,Lagos Mainland,Lagos,Rep 02,0.0,0
10539,2026-06-30,Lagos Mainland,Lagos,Rep 13,131933.96,1
10540,2026-06-30,Lagos Mainland,Lagos,Rep 22,28289.97,1
10541,2026-06-30,Lagos Mainland,Lagos,Rep 02,0.0,0
10542,2026-06-30,Abeokuta,Ogun,Rep 01,0.0,0
10543,2026-06-30,Abeokuta,Ogun,Rep 02,176312.04,1
10544,2026-06-30,Abeokuta,Ogun,Rep 20,0.0,0
10545,2026-06-30,Abeokuta,Ogun,Rep 06,185761.21,1
10546,2026-06-30,Ibadan North,Oyo,Rep 17,0.0,0
10547,2026-06-30,Ibadan North,Oyo,Rep 18,147029.41,1
10548,2026-06-30,Ibadan North,Oyo,Rep 19,0.0,0
10549,2026-07-01,Lagos Mainland,Lagos,Rep 16,0.0,0
10550,2026-07-01,Lagos Mainland,Lagos,Rep 17,0.0,0
10551,2026-07-01,Lagos Mainland,Lagos,Rep 08,0.0,0
10552,2026-07-01,Lagos Mainland,Lagos,Rep 21,60471.0,1
10553,2026-07-01,Lagos Island,Lagos,Rep 21,138454.74,1
10554,2026-07-01,Lagos Island,Lagos,Rep 03,75718.15,1
10555,2026-07-01,Sagamu,Ogun,Rep 20,153041.49,1
10556,2026-07-01,Sagamu,Ogun,Rep 16,0.0,0
10557,2026-07-01,Ibadan North,Oyo,Rep 04,0.0,0
10558,2026-07-01,Ibadan North,Oyo,Rep 18,0.0,0
10559,2026-07-01,Ibadan North,Oyo,Rep 22,85421.81,1
10560,2026-07-02,Lekki-Ajah,Lagos,Rep 05,70824.74,1
10561,2026-07-02,Lekki-Ajah,Lagos,Rep 07,0.0,0
10562,2026-07-02,Lekki-Ajah,Lagos,Rep 18,204843.3,1
10563,2026-07-02,Lekki-Ajah,Lagos,Rep 12,60818.68,1
10564,2026-07-02,Lekki-Ajah,Lagos,Rep 08,0.0,0
10565,2026-07-02,Ibadan South,Oyo,Rep 19,0.0,0
10566,2026-07-02,Ibadan South,Oyo,Rep 22,0.0,0
10567,2026-07-02,Ibadan South,Oyo,Rep 15,0.0,0
10568,2026-07-02,Ibadan South,Oyo,Rep 03,138687.6,1
10569,2026-07-03,Lagos Mainland,Lagos,Rep 01,152050.86,1
10570,2026-07-03,Lagos Mainland,Lagos,Rep 17,167577.65,1
10571,2026-07-03,Lagos Mainland,Lagos,Rep 09,0.0,0
10572,2026-07-03,Lagos Mainland,Lagos,Rep 22,0.0,0
10573,2026-07-03,Lagos Mainland,Lagos,Rep 17,117485.9,1
10574,2026-07-03,Lagos Mainland,Lagos,Rep 19,116290.62,1
10575,2026-07-03,Lagos Mainland,Lagos,Rep 04,0.0,0
10576,2026-07-03,Lagos Mainland,Lagos,Rep 06,0.0,0
10577,2026-07-03,Lagos Mainland,Lagos,Rep 01,0.0,0
10578,2026-07-03,Lagos Mainland,Lagos,Rep 08,120617.56,1
10579,2026-07-03,Lagos Mainland,Lagos,Rep 17,0.0,0
10580,2026-07-03,Lagos Mainland,Lagos,Rep 12,0.0,0
10581,2026-07-03,Abeokuta,Ogun,Rep 16,241276.36,1
10582,2026-07-03,Abeokuta,Ogun,Rep 06,384810.73,1
10583,2026-07-03,Abeokuta,Ogun,Rep 21,182011.25,1
10584,2026-07-03,Abeokuta,Ogun,Rep 03,0.0,0
10585,2026-07-03,Sagamu,Ogun,Rep 06,0.0,0
10586,2026-07-03,Sagamu,Ogun,Rep 03,0.0,0
10587,2026-07-03,Sagamu,Ogun,Rep 13,62122.14,1
10588,2026-07-03,Ibadan North,Oyo,Rep 11,0.0,0
10589,2026-07-03,Ibadan North,Oyo,Rep 18,0.0,0
10590,2026-07-03,Ibadan North,Oyo,Rep 16,44821.59,1
10591,2026-07-04,Lagos Island,Lagos,Rep 10,0.0,0
10592,2026-07-04,Lagos Island,Lagos,Rep 11,0.0,0
10593,2026-07-04,Lagos Island,Lagos,Rep 14,0.0,0
10594,2026-07-04,Lagos Island,Lagos,Rep 11,0.0,0
10595,2026-07-04,Lagos Island,Lagos,Rep 20,166091.77,1
10596,2026-07-04,Lekki-Ajah,Lagos,Rep 17,0.0,0
10597,2026-07-04,Lekki-Ajah,Lagos,Rep 07,209223.45,1
10598,2026-07-04,Lekki-Ajah,Lagos,Rep 03,90983.81,1
10599,2026-07-04,Lekki-Ajah,Lagos,Rep 22,57559.81,1
10600,2026-07-04,Lekki-Ajah,Lagos,Rep 18,0.0,0
10601,2026-07-04,Lekki-Ajah,Lagos,Rep 20,0.0,0
10602,2026-07-04,Lekki-Ajah,Lagos,Rep 03,330238.99,1
10603,2026-07-04,Lekki-Ajah,Lagos,Rep 16,0.0,0
10604,2026-07-04,Lekki-Ajah,Lagos,Rep 06,183323.27,1
10605,2026-07-04,Lekki-Ajah,Lagos,Rep 15,0.0,0
10606,2026-07-04,Abeokuta,Ogun,Rep 15,0.0,0
10607,2026-07-04,Abeokuta,Ogun,Rep 05,61582.27,1
10608,2026-07-04,Abeokuta,Ogun,Rep 14,0.0,0
10609,2026-07-04,Abeokuta,Ogun,Rep 21,0.0,0
10610,2026-07-04,Abeokuta,Ogun,Rep 10,170295.63,1
10611,2026-07-04,Abeokuta,Ogun,Rep 02,0.0,0
10612,2026-07-04,Abeokuta,Ogun,Rep 19,180917.0,1
10613,2026-07-04,Sagamu,Ogun,Rep 19,0.0,0
10614,2026-07-04,Ibadan North,Oyo,Rep 11,0.0,0
10615,2026-07-04,Ibadan North,Oyo,Rep 04,69103.93,1
10616,2026-07-04,Ibadan North,Oyo,Rep 03,67501.82,1
10617,2026-07-04,Ibadan North,Oyo,Rep 22,0.0,0
10618,2026-07-04,Ibadan South,Oyo,Rep 20,96953.02,1
10619,2026-07-04,Ibadan South,Oyo,Rep 13,0.0,0
10620,2026-07-04,Ibadan South,Oyo,Rep 16,0.0,0
10621,2026-07-04,Ibadan South,Oyo,Rep 08,57326.34,1
10622,2026-07-04,Ibadan South,Oyo,Rep 08,0.0,0
10623,2026-07-04,Ibadan South,Oyo,Rep 22,0.0,0
10624,2026-07-04,Ogbomosho,Oyo,Rep 22,0.0,0
10625,2026-07-04,Ogbomosho,Oyo,Rep 18,75644.08,1
10626,2026-07-05,Lagos Mainland,Lagos,Rep 01,51396.96,1
10627,2026-07-05,Lagos Mainland,Lagos,Rep 21,263507.29,1
10628,2026-07-05,Lagos Mainland,Lagos,Rep 19,0.0,0
10629,2026-07-05,Lagos Mainland,Lagos,Rep 09,0.0,0
10630,2026-07-05,Lagos Mainland,Lagos,Rep 08,0.0,0
10631,2026-07-05,Lagos Mainland,Lagos,Rep 03,0.0,0
10632,2026-07-05,Lagos Island,Lagos,Rep 08,0.0,0
10633,2026-07-05,Lagos Island,Lagos,Rep 11,0.0,0
10634,2026-07-05,Lagos Island,Lagos,Rep 02,0.0,0
10635,2026-07-05,Lagos Island,Lagos,Rep 20,0.0,0
10636,2026-07-05,Lagos Island,Lagos,Rep 07,0.0,0
10637,2026-07-05,Lagos Island,Lagos,Rep 15,0.0,0
10638,2026-07-05,Lagos Island,Lagos,Rep 21,0.0,0
10639,2026-07-05,Abeokuta,Ogun,Rep 01,0.0,0
10640,2026-07-05,Abeokuta,Ogun,Rep 09,0.0,0
10641,2026-07-05,Abeokuta,Ogun,Rep 11,0.0,0
10642,2026-07-05,Abeokuta,Ogun,Rep 06,101508.82,1
10643,2026-07-05,Ibadan North,Oyo,Rep 13,0.0,0
10644,2026-07-05,Ibadan North,Oyo,Rep 20,83688.35,1
10645,2026-07-05,Ibadan North,Oyo,Rep 02,0.0,0
10646,2026-07-05,Ibadan North,Oyo,Rep 18,0.0,0
10647,2026-07-05,Ibadan North,Oyo,Rep 17,0.0,0
10648,2026-07-05,Ibadan North,Oyo,Rep 04,0.0,0
10649,2026-07-06,Lagos Mainland,Lagos,Rep 05,71935.06,1
10650,2026-07-06,Lagos Mainland,Lagos,Rep 13,0.0,0
10651,2026-07-06,Lagos Mainland,Lagos,Rep 19,243689.61,1
10652,2026-07-06,Lagos Mainland,Lagos,Rep 22,0.0,0
10653,2026-07-06,Lagos Mainland,Lagos,Rep 12,0.0,0
10654,2026-07-06,Lagos Mainland,Lagos,Rep 02,292034.41,1
10655,2026-07-06,Lagos Mainland,Lagos,Rep 01,0.0,0
10656,2026-07-06,Lagos Mainland,Lagos,Rep 08,82234.04,1
10657,2026-07-06,Lagos Mainland,Lagos,Rep 11,0.0,0
10658,2026-07-06,Lagos Mainland,Lagos,Rep 21,211328.51,1
10659,2026-07-06,Lagos Mainland,Lagos,Rep 16,0.0,0
10660,2026-07-06,Lekki-Ajah,Lagos,Rep 19,144760.2,1
10661,2026-07-06,Lekki-Ajah,Lagos,Rep 01,129437.15,1
10662,2026-07-06,Lekki-Ajah,Lagos,Rep 15,96262.64,1
10663,2026-07-06,Lekki-Ajah,Lagos,Rep 22,0.0,0
10664,2026-07-06,Lekki-Ajah,Lagos,Rep 06,123923.75,1
10665,2026-07-06,Lekki-Ajah,Lagos,Rep 10,289964.93,1
10666,2026-07-06,Lekki-Ajah,Lagos,Rep 04,0.0,0
10667,2026-07-06,Lekki-Ajah,Lagos,Rep 17,0.0,0
10668,2026-07-06,Abeokuta,Ogun,Rep 17,108923.93,1
10669,2026-07-06,Abeokuta,Ogun,Rep 13,268101.48,1
10670,2026-07-06,Ibadan South,Oyo,Rep 20,0.0,0
10671,2026-07-06,Ibadan South,Oyo,Rep 04,0.0,0
10672,2026-07-06,Ibadan South,Oyo,Rep 12,0.0,0
10673,2026-07-07,Lagos Mainland,Lagos,Rep 16,0.0,0
10674,2026-07-07,Lagos Mainland,Lagos,Rep 03,0.0,0
10675,2026-07-07,Lagos Mainland,Lagos,Rep 15,101806.04,1
10676,2026-07-07,Lagos Island,Lagos,Rep 07,0.0,0
10677,2026-07-07,Lagos Island,Lagos,Rep 05,0.0,0
10678,2026-07-07,Lagos Island,Lagos,Rep 18,0.0,0
10679,2026-07-07,Abeokuta,Ogun,Rep 01,55905.28,1
10680,2026-07-07,Abeokuta,Ogun,Rep 08,0.0,0
10681,2026-07-07,Abeokuta,Ogun,Rep 10,0.0,0
10682,2026-07-07,Ibadan North,Oyo,Rep 14,93210.59,1
10683,2026-07-07,Ibadan North,Oyo,Rep 04,0.0,0
10684,2026-07-07,Ibadan North,Oyo,Rep 13,0.0,0
10685,2026-07-07,Ibadan North,Oyo,Rep 07,208097.74,1
10686,2026-07-07,Ibadan North,Oyo,Rep 04,172404.25,1
10687,2026-07-07,Ibadan North,Oyo,Rep 13,83057.83,1
10688,2026-07-07,Ibadan North,Oyo,Rep 20,0.0,0
10689,2026-07-07,Ibadan North,Oyo,Rep 14,0.0,0
10690,2026-07-08,Lagos Mainland,Lagos,Rep 06,141373.35,1
10691,2026-07-08,Lagos Mainland,Lagos,Rep 14,0.0,0
10692,2026-07-08,Lagos Mainland,Lagos,Rep 17,209724.02,1
10693,2026-07-08,Lagos Mainland,Lagos,Rep 08,36157.45,1
10694,2026-07-08,Lagos Mainland,Lagos,Rep 13,0.0,0
10695,2026-07-08,Lagos Mainland,Lagos,Rep 01,0.0,0
10696,2026-07-08,Lagos Mainland,Lagos,Rep 02,0.0,0
10697,2026-07-08,Lagos Mainland,Lagos,Rep 21,116285.77,1
10698,2026-07-08,Lagos Mainland,Lagos,Rep 16,0.0,0
10699,2026-07-08,Lagos Mainland,Lagos,Rep 04,38121.93,1
10700,2026-07-08,Lagos Island,Lagos,Rep 21,157957.81,1
10701,2026-07-08,Lagos Island,Lagos,Rep 02,106920.61,1
10702,2026-07-08,Abeokuta,Ogun,Rep 06,109849.96,1
10703,2026-07-08,Abeokuta,Ogun,Rep 21,0.0,0
10704,2026-07-08,Abeokuta,Ogun,Rep 07,0.0,0
10705,2026-07-08,Abeokuta,Ogun,Rep 01,0.0,0
10706,2026-07-08,Abeokuta,Ogun,Rep 07,0.0,0
10707,2026-07-08,Sagamu,Ogun,Rep 10,141528.21,1
10708,2026-07-08,Ibadan South,Oyo,Rep 20,0.0,0
10709,2026-07-08,Ibadan South,Oyo,Rep 21,0.0,0
10710,2026-07-08,Ibadan South,Oyo,Rep 01,279610.22,1
10711,2026-07-09,Lagos Mainland,Lagos,Rep 08,0.0,0
10712,2026-07-09,Lagos Mainland,Lagos,Rep 02,196604.44,1
10713,2026-07-09,Lagos Mainland,Lagos,Rep 11,0.0,0
10714,2026-07-09,Lagos Mainland,Lagos,Rep 19,80150.92,1
10715,2026-07-09,Lagos Mainland,Lagos,Rep 14,0.0,0
10716,2026-07-09,Lagos Mainland,Lagos,Rep 20,0.0,0
10717,2026-07-09,Lagos Mainland,Lagos,Rep 13,176901.73,1
10718,2026-07-09,Lagos Mainland,Lagos,Rep 20,0.0,0
10719,2026-07-09,Lagos Mainland,Lagos,Rep 08,0.0,0
10720,2026-07-09,Lagos Mainland,Lagos,Rep 10,0.0,0
10721,2026-07-09,Lagos Mainland,Lagos,Rep 10,203006.55,1
10722,2026-07-09,Lagos Mainland,Lagos,Rep 08,0.0,0
10723,2026-07-09,Lagos Mainland,Lagos,Rep 16,0.0,0
10724,2026-07-09,Lagos Island,Lagos,Rep 16,0.0,0
10725,2026-07-09,Lagos Island,Lagos,Rep 12,0.0,0
10726,2026-07-09,Lagos Island,Lagos,Rep 05,0.0,0
10727,2026-07-09,Lagos Island,Lagos,Rep 19,0.0,0
10728,2026-07-09,Lagos Island,Lagos,Rep 22,0.0,0
10729,2026-07-09,Lagos Island,Lagos,Rep 17,0.0,0
10730,2026-07-09,Lagos Island,Lagos,Rep 22,0.0,0
10731,2026-07-09,Lagos Island,Lagos,Rep 01,81559.05,1
10732,2026-07-09,Sagamu,Ogun,Rep 04,0.0,0
10733,2026-07-09,Ibadan North,Oyo,Rep 03,0.0,0
10734,2026-07-09,Ibadan North,Oyo,Rep 18,0.0,0
10735,2026-07-09,Ibadan South,Oyo,Rep 22,0.0,0
10736,2026-07-09,Ibadan South,Oyo,Rep 04,93675.28,1
10737,2026-07-09,Ibadan South,Oyo,Rep 10,0.0,0
10738,2026-07-10,Lagos Island,Lagos,Rep 17,0.0,0
10739,2026-07-10,Lagos Island,Lagos,Rep 14,0.0,0
10740,2026-07-10,Lagos Island,Lagos,Rep 03,127754.32,1
10741,2026-07-10,Sagamu,Ogun,Rep 18,0.0,0
10742,2026-07-10,Sagamu,Ogun,Rep 18,33660.57,1
10743,2026-07-11,Lagos Mainland,Lagos,Rep 13,257635.3,1
10744,2026-07-11,Lagos Mainland,Lagos,Rep 05,96577.62,1
10745,2026-07-11,Lagos Mainland,Lagos,Rep 10,0.0,0
10746,2026-07-11,Lagos Mainland,Lagos,Rep 11,0.0,0
10747,2026-07-11,Lagos Mainland,Lagos,Rep 11,0.0,0
10748,2026-07-11,Lagos Mainland,Lagos,Rep 03,0.0,0
10749,2026-07-11,Lagos Mainland,Lagos,Rep 20,124219.94,1
10750,2026-07-11,Lagos Island,Lagos,Rep 11,85729.99,1
10751,2026-07-11,Lagos Island,Lagos,Rep 13,0.0,0
10752,2026-07-11,Lagos Island,Lagos,Rep 04,0.0,0
10753,2026-07-11,Lagos Island,Lagos,Rep 14,0.0,0
10754,2026-07-11,Abeokuta,Ogun,Rep 12,0.0,0
10755,2026-07-11,Abeokuta,Ogun,Rep 15,0.0,0
10756,2026-07-11,Abeokuta,Ogun,Rep 05,306340.88,1
10757,2026-07-11,Ogbomosho,Oyo,Rep 02,0.0,0
10758,2026-07-11,Ogbomosho,Oyo,Rep 11,0.0,0
10759,2026-07-12,Lagos Mainland,Lagos,Rep 08,0.0,0
10760,2026-07-12,Lagos Mainland,Lagos,Rep 08,0.0,0
10761,2026-07-12,Lagos Mainland,Lagos,Rep 12,41715.99,1
10762,2026-07-12,Lagos Mainland,Lagos,Rep 21,0.0,0
10763,2026-07-12,Lagos Mainland,Lagos,Rep 15,0.0,0
10764,2026-07-12,Lagos Mainland,Lagos,Rep 05,112830.16,1
10765,2026-07-12,Lagos Mainland,Lagos,Rep 04,0.0,0
10766,2026-07-12,Lagos Mainland,Lagos,Rep 01,0.0,0
10767,2026-07-12,Lagos Mainland,Lagos,Rep 07,69416.4,1
10768,2026-07-12,Lagos Mainland,Lagos,Rep 12,134495.21,1
10769,2026-07-12,Lagos Mainland,Lagos,Rep 16,410114.04,1
10770,2026-07-12,Lagos Mainland,Lagos,Rep 03,0.0,0
10771,2026-07-12,Lagos Island,Lagos,Rep 13,0.0,0
10772,2026-07-12,Lagos Island,Lagos,Rep 01,0.0,0
10773,2026-07-12,Lagos Island,Lagos,Rep 03,0.0,0
10774,2026-07-12,Lagos Island,Lagos,Rep 03,0.0,0
10775,2026-07-12,Lagos Island,Lagos,Rep 17,198487.82,1
10776,2026-07-12,Lekki-Ajah,Lagos,Rep 03,99053.97,1
10777,2026-07-12,Lekki-Ajah,Lagos,Rep 02,0.0,0
10778,2026-07-12,Lekki-Ajah,Lagos,Rep 09,0.0,0
10779,2026-07-12,Lekki-Ajah,Lagos,Rep 15,0.0,0
10780,2026-07-12,Lekki-Ajah,Lagos,Rep 01,0.0,0
10781,2026-07-12,Lekki-Ajah,Lagos,Rep 21,0.0,0
10782,2026-07-12,Lekki-Ajah,Lagos,Rep 13,119437.22,1
10783,2026-07-12,Lekki-Ajah,Lagos,Rep 11,0.0,0
10784,2026-07-12,Sagamu,Ogun,Rep 09,0.0,0
10785,2026-07-12,Ibadan North,Oyo,Rep 07,0.0,0
10786,2026-07-12,Ibadan North,Oyo,Rep 15,99040.59,1
10787,2026-07-12,Ibadan South,Oyo,Rep 14,155322.07,1
10788,2026-07-12,Ibadan South,Oyo,Rep 11,70857.16,1
10789,2026-07-12,Ibadan South,Oyo,Rep 21,82841.29,1
10790,2026-07-13,Lagos Island,Lagos,Rep 05,144974.68,1
10791,2026-07-13,Lagos Island,Lagos,Rep 03,0.0,0
10792,2026-07-13,Lagos Island,Lagos,Rep 20,0.0,0
10793,2026-07-13,Lagos Island,Lagos,Rep 10,68955.31,1
10794,2026-07-13,Lagos Island,Lagos,Rep 08,0.0,0
10795,2026-07-13,Lagos Island,Lagos,Rep 06,0.0,0
10796,2026-07-13,Lekki-Ajah,Lagos,Rep 03,0.0,0
10797,2026-07-13,Lekki-Ajah,Lagos,Rep 11,0.0,0
10798,2026-07-13,Lekki-Ajah,Lagos,Rep 12,0.0,0
10799,2026-07-13,Lekki-Ajah,Lagos,Rep 12,0.0,0
10800,2026-07-13,Lekki-Ajah,Lagos,Rep 19,138875.37,1
10801,2026-07-13,Lekki-Ajah,Lagos,Rep 04,0.0,0
10802,2026-07-13,Sagamu,Ogun,Rep 15,0.0,0
10803,2026-07-13,Ibadan North,Oyo,Rep 17,93282.88,1
10804,2026-07-13,Ibadan North,Oyo,Rep 16,0.0,0
10805,2026-07-13,Ibadan North,Oyo,Rep 18,113579.98,1
10806,2026-07-13,Ibadan North,Oyo,Rep 10,173391.23,1
10807,2026-07-13,Ibadan North,Oyo,Rep 10,0.0,0
10808,2026-07-13,Ibadan North,Oyo,Rep 08,177984.01,1
10809,2026-07-14,Lagos Mainland,Lagos,Rep 09,0.0,0
10810,2026-07-14,Lagos Mainland,Lagos,Rep 22,0.0,0
10811,2026-07-14,Lagos Mainland,Lagos,Rep 17,98687.18,1
10812,2026-07-14,Lagos Mainland,Lagos,Rep 13,0.0,0
10813,2026-07-14,Lagos Mainland,Lagos,Rep 10,0.0,0
10814,2026-07-14,Lagos Mainland,Lagos,Rep 05,0.0,0
10815,2026-07-14,Lagos Mainland,Lagos,Rep 19,0.0,0
10816,2026-07-14,Lagos Mainland,Lagos,Rep 14,0.0,0
10817,2026-07-14,Lagos Mainland,Lagos,Rep 22,121825.88,1
10818,2026-07-14,Lagos Mainland,Lagos,Rep 18,0.0,0
10819,2026-07-14,Lagos Island,Lagos,Rep 14,113036.33,1
10820,2026-07-14,Lagos Island,Lagos,Rep 08,114829.05,1
10821,2026-07-14,Lagos Island,Lagos,Rep 01,130994.57,1
10822,2026-07-14,Lagos Island,Lagos,Rep 11,0.0,0
10823,2026-07-14,Abeokuta,Ogun,Rep 08,0.0,0
10824,2026-07-14,Abeokuta,Ogun,Rep 02,260144.54,1
10825,2026-07-14,Abeokuta,Ogun,Rep 03,0.0,0
10826,2026-07-14,Ibadan North,Oyo,Rep 05,125499.09,1
10827,2026-07-14,Ibadan North,Oyo,Rep 13,259285.58,1
10828,2026-07-14,Ibadan North,Oyo,Rep 14,0.0,0
10829,2026-07-14,Ibadan North,Oyo,Rep 03,141669.61,1
10830,2026-07-14,Ibadan North,Oyo,Rep 22,0.0,0
10831,2026-07-14,Ibadan North,Oyo,Rep 03,0.0,0
10832,2026-07-14,Ibadan North,Oyo,Rep 17,0.0,0
10833,2026-07-15,Lagos Island,Lagos,Rep 14,0.0,0
10834,2026-07-15,Lagos Island,Lagos,Rep 04,133084.06,1
10835,2026-07-15,Lagos Island,Lagos,Rep 22,0.0,0
10836,2026-07-15,Lagos Island,Lagos,Rep 10,0.0,0
10837,2026-07-15,Abeokuta,Ogun,Rep 06,261050.66,1
10838,2026-07-15,Abeokuta,Ogun,Rep 13,450730.21,1
10839,2026-07-15,Sagamu,Ogun,Rep 08,0.0,0
10840,2026-07-15,Ogbomosho,Oyo,Rep 18,0.0,0
10841,2026-07-15,Ogbomosho,Oyo,Rep 20,0.0,0
10842,2026-07-16,Lagos Mainland,Lagos,Rep 21,298007.72,1
10843,2026-07-16,Lagos Mainland,Lagos,Rep 01,358429.53,1
10844,2026-07-16,Lagos Mainland,Lagos,Rep 15,105092.12,1
10845,2026-07-16,Lagos Mainland,Lagos,Rep 10,169234.39,1
10846,2026-07-16,Lagos Mainland,Lagos,Rep 17,0.0,0
10847,2026-07-16,Abeokuta,Ogun,Rep 03,130263.41,1
10848,2026-07-16,Abeokuta,Ogun,Rep 01,135644.25,1
10849,2026-07-16,Abeokuta,Ogun,Rep 03,0.0,0
10850,2026-07-16,Sagamu,Ogun,Rep 22,0.0,0
10851,2026-07-16,Ibadan North,Oyo,Rep 10,0.0,0
10852,2026-07-16,Ibadan North,Oyo,Rep 15,120565.62,1
10853,2026-07-16,Ibadan North,Oyo,Rep 21,0.0,0
10854,2026-07-16,Ibadan North,Oyo,Rep 05,89110.89,1
10855,2026-07-17,Lagos Island,Lagos,Rep 14,111850.78,1
10856,2026-07-17,Lagos Island,Lagos,Rep 12,0.0,0
10857,2026-07-17,Lagos Island,Lagos,Rep 15,0.0,0
10858,2026-07-17,Lagos Island,Lagos,Rep 22,0.0,0
10859,2026-07-17,Lagos Island,Lagos,Rep 13,144529.72,1
10860,2026-07-17,Lagos Island,Lagos,Rep 03,67817.18,1
10861,2026-07-17,Abeokuta,Ogun,Rep 11,0.0,0
10862,2026-07-17,Abeokuta,Ogun,Rep 12,0.0,0
10863,2026-07-17,Abeokuta,Ogun,Rep 08,0.0,0
10864,2026-07-17,Abeokuta,Ogun,Rep 17,248001.76,1
10865,2026-07-17,Abeokuta,Ogun,Rep 19,446306.98,1
10866,2026-07-17,Abeokuta,Ogun,Rep 11,115756.07,1
10867,2026-07-18,Lagos Island,Lagos,Rep 18,94725.1,1
10868,2026-07-18,Lagos Island,Lagos,Rep 15,132654.1,1
10869,2026-07-18,Lagos Island,Lagos,Rep 08,0.0,0
10870,2026-07-18,Lagos Island,Lagos,Rep 19,0.0,0
10871,2026-07-18,Lagos Island,Lagos,Rep 16,0.0,0
10872,2026-07-18,Lekki-Ajah,Lagos,Rep 12,0.0,0
10873,2026-07-18,Lekki-Ajah,Lagos,Rep 06,0.0,0
10874,2026-07-18,Lekki-Ajah,Lagos,Rep 20,0.0,0
10875,2026-07-18,Lekki-Ajah,Lagos,Rep 12,179894.81,1
10876,2026-07-18,Abeokuta,Ogun,Rep 22,0.0,0
10877,2026-07-18,Abeokuta,Ogun,Rep 10,110741.24,1
10878,2026-07-18,Abeokuta,Ogun,Rep 07,111938.64,1
10879,2026-07-18,Abeokuta,Ogun,Rep 09,0.0,0
10880,2026-07-18,Abeokuta,Ogun,Rep 07,0.0,0
10881,2026-07-18,Sagamu,Ogun,Rep 09,0.0,0
10882,2026-07-18,Sagamu,Ogun,Rep 14,131071.0,1
10883,2026-07-18,Sagamu,Ogun,Rep 02,0.0,0
10884,2026-07-18,Ibadan North,Oyo,Rep 21,0.0,0
10885,2026-07-18,Ibadan North,Oyo,Rep 12,0.0,0
10886,2026-07-18,Ibadan North,Oyo,Rep 14,0.0,0
10887,2026-07-18,Ibadan South,Oyo,Rep 14,247099.01,1
10888,2026-07-18,Ibadan South,Oyo,Rep 06,141318.8,1
10889,2026-07-18,Ibadan South,Oyo,Rep 01,0.0,0
10890,2026-07-18,Ibadan South,Oyo,Rep 17,90125.09,1
10891,2026-07-18,Ibadan South,Oyo,Rep 14,0.0,0
10892,2026-07-18,Ibadan South,Oyo,Rep 22,85906.24,1
10893,2026-07-18,Ogbomosho,Oyo,Rep 01,0.0,0
10894,2026-07-19,Lagos Mainland,Lagos,Rep 19,0.0,0
10895,2026-07-19,Lagos Mainland,Lagos,Rep 20,0.0,0
10896,2026-07-19,Lagos Mainland,Lagos,Rep 12,80253.37,1
10897,2026-07-19,Lagos Mainland,Lagos,Rep 19,67342.68,1
10898,2026-07-19,Lagos Mainland,Lagos,Rep 04,0.0,0
10899,2026-07-19,Lagos Mainland,Lagos,Rep 20,0.0,0
10900,2026-07-19,Lagos Mainland,Lagos,Rep 03,0.0,0
10901,2026-07-19,Lagos Mainland,Lagos,Rep 13,0.0,0
10902,2026-07-19,Lekki-Ajah,Lagos,Rep 06,0.0,0
10903,2026-07-19,Lekki-Ajah,Lagos,Rep 09,0.0,0
10904,2026-07-19,Lekki-Ajah,Lagos,Rep 21,107643.04,1
10905,2026-07-19,Lekki-Ajah,Lagos,Rep 21,0.0,0
10906,2026-07-19,Lekki-Ajah,Lagos,Rep 11,0.0,0
10907,2026-07-19,Lekki-Ajah,Lagos,Rep 12,0.0,0
10908,2026-07-19,Lekki-Ajah,Lagos,Rep 14,189451.63,1
10909,2026-07-19,Lekki-Ajah,Lagos,Rep 20,148139.83,1
10910,2026-07-19,Lekki-Ajah,Lagos,Rep 20,0.0,0
10911,2026-07-19,Abeokuta,Ogun,Rep 15,76488.54,1
10912,2026-07-19,Ibadan South,Oyo,Rep 10,112117.49,1
10913,2026-07-19,Ibadan South,Oyo,Rep 14,199008.84,1
10914,2026-07-19,Ibadan South,Oyo,Rep 11,55640.51,1
10915,2026-07-19,Ibadan South,Oyo,Rep 12,0.0,0
10916,2026-07-20,Lagos Mainland,Lagos,Rep 15,0.0,0
10917,2026-07-20,Lagos Mainland,Lagos,Rep 15,116960.41,1
10918,2026-07-20,Lagos Mainland,Lagos,Rep 10,140721.87,1
10919,2026-07-20,Lagos Mainland,Lagos,Rep 22,0.0,0
10920,2026-07-20,Lagos Mainland,Lagos,Rep 18,150698.3,1
10921,2026-07-20,Lagos Mainland,Lagos,Rep 14,0.0,0
10922,2026-07-20,Lagos Mainland,Lagos,Rep 03,105493.14,1
10923,2026-07-20,Ibadan North,Oyo,Rep 06,0.0,0
10924,2026-07-20,Ibadan North,Oyo,Rep 15,67301.86,1
10925,2026-07-20,Ibadan North,Oyo,Rep 16,0.0,0
10926,2026-07-20,Ibadan North,Oyo,Rep 04,0.0,0
10927,2026-07-20,Ibadan North,Oyo,Rep 05,140810.3,1
10928,2026-07-20,Ibadan South,Oyo,Rep 03,32269.44,1
10929,2026-07-20,Ibadan South,Oyo,Rep 09,0.0,0
10930,2026-07-20,Ibadan South,Oyo,Rep 16,0.0,0
10931,2026-07-20,Ogbomosho,Oyo,Rep 12,180046.46,1
10932,2026-07-21,Lagos Mainland,Lagos,Rep 07,0.0,0
10933,2026-07-21,Lagos Mainland,Lagos,Rep 13,0.0,0
10934,2026-07-21,Lagos Mainland,Lagos,Rep 18,0.0,0
10935,2026-07-21,Lagos Mainland,Lagos,Rep 07,102844.93,1
10936,2026-07-21,Lagos Mainland,Lagos,Rep 10,0.0,0
10937,2026-07-21,Lagos Mainland,Lagos,Rep 17,0.0,0
10938,2026-07-21,Lagos Mainland,Lagos,Rep 01,117708.26,1
10939,2026-07-21,Ibadan South,Oyo,Rep 16,0.0,0
10940,2026-07-21,Ibadan South,Oyo,Rep 13,0.0,0
10941,2026-07-21,Ibadan South,Oyo,Rep 21,0.0,0
10942,2026-07-22,Lagos Mainland,Lagos,Rep 10,0.0,0
10943,2026-07-22,Lagos Mainland,Lagos,Rep 22,0.0,0
10944,2026-07-22,Lagos Mainland,Lagos,Rep 22,0.0,0
10945,2026-07-22,Lagos Mainland,Lagos,Rep 18,158195.55,1
10946,2026-07-22,Lagos Mainland,Lagos,Rep 12,0.0,0
10947,2026-07-22,Lagos Mainland,Lagos,Rep 07,0.0,0
10948,2026-07-22,Lagos Mainland,Lagos,Rep 04,0.0,0
10949,2026-07-22,Lagos Mainland,Lagos,Rep 19,0.0,0
10950,2026-07-22,Lagos Mainland,Lagos,Rep 03,0.0,0
10951,2026-07-22,Lekki-Ajah,Lagos,Rep 10,0.0,0
10952,2026-07-22,Lekki-Ajah,Lagos,Rep 04,0.0,0
10953,2026-07-22,Lekki-Ajah,Lagos,Rep 05,116695.52,1
10954,2026-07-22,Lekki-Ajah,Lagos,Rep 10,165977.44,1
10955,2026-07-22,Lekki-Ajah,Lagos,Rep 07,90078.42,1
10956,2026-07-22,Lekki-Ajah,Lagos,Rep 18,0.0,0
10957,2026-07-22,Abeokuta,Ogun,Rep 05,0.0,0
10958,2026-07-22,Abeokuta,Ogun,Rep 04,82875.37,1
10959,2026-07-22,Abeokuta,Ogun,Rep 21,0.0,0
10960,2026-07-22,Ibadan South,Oyo,Rep 19,0.0,0
10961,2026-07-22,Ibadan South,Oyo,Rep 16,0.0,0
10962,2026-07-22,Ibadan South,Oyo,Rep 03,0.0,0
10963,2026-07-22,Ibadan South,Oyo,Rep 21,70167.43,1
10964,2026-07-22,Ibadan South,Oyo,Rep 22,442458.66,1
10965,2026-07-22,Ibadan South,Oyo,Rep 16,131102.0,1
10966,2026-07-22,Ibadan South,Oyo,Rep 17,0.0,0
10967,2026-07-22,Ibadan South,Oyo,Rep 11,0.0,0
10968,2026-07-23,Lagos Mainland,Lagos,Rep 19,182276.15,1
10969,2026-07-23,Lagos Mainland,Lagos,Rep 10,0.0,0
10970,2026-07-23,Lagos Mainland,Lagos,Rep 01,0.0,0
10971,2026-07-23,Lagos Mainland,Lagos,Rep 04,107948.05,1
10972,2026-07-23,Lagos Island,Lagos,Rep 06,0.0,0
10973,2026-07-23,Lagos Island,Lagos,Rep 06,116418.46,1
10974,2026-07-23,Lagos Island,Lagos,Rep 12,0.0,0
10975,2026-07-23,Lagos Island,Lagos,Rep 11,32634.37,1
10976,2026-07-23,Lagos Island,Lagos,Rep 21,0.0,0
10977,2026-07-23,Lekki-Ajah,Lagos,Rep 22,0.0,0
10978,2026-07-23,Lekki-Ajah,Lagos,Rep 18,0.0,0
10979,2026-07-23,Lekki-Ajah,Lagos,Rep 12,38685.86,1
10980,2026-07-23,Abeokuta,Ogun,Rep 09,0.0,0
10981,2026-07-23,Abeokuta,Ogun,Rep 21,0.0,0
10982,2026-07-23,Abeokuta,Ogun,Rep 10,97918.58,1
10983,2026-07-23,Abeokuta,Ogun,Rep 15,0.0,0
10984,2026-07-23,Abeokuta,Ogun,Rep 19,52717.75,1
10985,2026-07-23,Abeokuta,Ogun,Rep 04,0.0,0
10986,2026-07-23,Abeokuta,Ogun,Rep 15,123082.29,1
10987,2026-07-23,Abeokuta,Ogun,Rep 13,0.0,0
10988,2026-07-23,Abeokuta,Ogun,Rep 13,147989.68,1
10989,2026-07-23,Ibadan North,Oyo,Rep 11,0.0,0
10990,2026-07-23,Ibadan North,Oyo,Rep 09,216892.86,1
10991,2026-07-23,Ibadan North,Oyo,Rep 13,85660.5,1
10992,2026-07-23,Ibadan North,Oyo,Rep 06,331867.96,1
10993,2026-07-23,Ibadan South,Oyo,Rep 02,0.0,0
10994,2026-07-23,Ibadan South,Oyo,Rep 20,0.0,0
10995,2026-07-23,Ibadan South,Oyo,Rep 01,0.0,0
10996,2026-07-23,Ibadan South,Oyo,Rep 06,181234.52,1
10997,2026-07-23,Ibadan South,Oyo,Rep 22,0.0,0
10998,2026-07-24,Lagos Island,Lagos,Rep 14,0.0,0
10999,2026-07-24,Lagos Island,Lagos,Rep 16,55023.88,1
11000,2026-07-24,Lagos Island,Lagos,Rep 18,97666.05,1
11001,2026-07-24,Lagos Island,Lagos,Rep 19,0.0,0
11002,2026-07-24,Lagos Island,Lagos,Rep 12,0.0,0
11003,2026-07-24,Lekki-Ajah,Lagos,Rep 18,0.0,0
11004,2026-07-24,Lekki-Ajah,Lagos,Rep 10,152504.28,1
11005,2026-07-24,Abeokuta,Ogun,Rep 13,0.0,0
11006,2026-07-24,Abeokuta,Ogun,Rep 03,0.0,0
11007,2026-07-24,Abeokuta,Ogun,Rep 04,88382.03,1
11008,2026-07-24,Sagamu,Ogun,Rep 09,0.0,0
11009,2026-07-24,Sagamu,Ogun,Rep 15,0.0,0
11010,2026-07-24,Sagamu,Ogun,Rep 18,0.0,0
11011,2026-07-24,Ibadan North,Oyo,Rep 18,0.0,0
11012,2026-07-24,Ibadan North,Oyo,Rep 11,0.0,0
11013,2026-07-24,Ibadan North,Oyo,Rep 01,43837.04,1
11014,2026-07-24,Ibadan North,Oyo,Rep 06,74978.48,1
11015,2026-07-24,Ibadan South,Oyo,Rep 16,0.0,0
11016,2026-07-24,Ibadan South,Oyo,Rep 07,0.0,0
11017,2026-07-24,Ibadan South,Oyo,Rep 02,0.0,0
11018,2026-07-24,Ibadan South,Oyo,Rep 10,95245.69,1
11019,2026-07-25,Lekki-Ajah,Lagos,Rep 13,133606.98,1
11020,2026-07-25,Lekki-Ajah,Lagos,Rep 10,0.0,0
11021,2026-07-25,Lekki-Ajah,Lagos,Rep 12,0.0,0
11022,2026-07-25,Ibadan North,Oyo,Rep 16,0.0,0
11023,2026-07-25,Ibadan North,Oyo,Rep 16,47066.87,1
11024,2026-07-25,Ibadan North,Oyo,Rep 14,29858.67,1
11025,2026-07-25,Ibadan North,Oyo,Rep 22,231007.55,1
11026,2026-07-25,Ibadan North,Oyo,Rep 04,0.0,0
11027,2026-07-25,Ibadan South,Oyo,Rep 11,375184.12,1
11028,2026-07-25,Ibadan South,Oyo,Rep 13,0.0,0
11029,2026-07-25,Ibadan South,Oyo,Rep 12,0.0,0
11030,2026-07-25,Ibadan South,Oyo,Rep 01,106622.03,1
11031,2026-07-25,Ibadan South,Oyo,Rep 01,0.0,0
11032,2026-07-25,Ibadan South,Oyo,Rep 11,107519.44,1
11033,2026-07-26,Lagos Mainland,Lagos,Rep 06,0.0,0
11034,2026-07-26,Lagos Mainland,Lagos,Rep 16,469767.46,1
11035,2026-07-26,Lagos Mainland,Lagos,Rep 13,0.0,0
11036,2026-07-26,Lagos Mainland,Lagos,Rep 14,76377.76,1
11037,2026-07-27,Lagos Island,Lagos,Rep 20,0.0,0
11038,2026-07-27,Lagos Island,Lagos,Rep 17,49308.82,1
11039,2026-07-27,Lagos Island,Lagos,Rep 03,0.0,0
11040,2026-07-27,Lagos Island,Lagos,Rep 18,0.0,0
11041,2026-07-27,Lagos Island,Lagos,Rep 22,75739.19,1
11042,2026-07-27,Lagos Island,Lagos,Rep 06,0.0,0
11043,2026-07-27,Lagos Island,Lagos,Rep 04,158802.46,1
11044,2026-07-27,Abeokuta,Ogun,Rep 19,0.0,0
11045,2026-07-27,Abeokuta,Ogun,Rep 18,0.0,0
11046,2026-07-27,Abeokuta,Ogun,Rep 13,178264.81,1
11047,2026-07-28,Lagos Mainland,Lagos,Rep 07,84266.03,1
11048,2026-07-28,Lagos Mainland,Lagos,Rep 02,0.0,0
11049,2026-07-28,Lagos Mainland,Lagos,Rep 02,167272.23,1
11050,2026-07-28,Lagos Mainland,Lagos,Rep 04,18312.48,1
11051,2026-07-28,Lagos Mainland,Lagos,Rep 06,0.0,0
11052,2026-07-28,Lagos Mainland,Lagos,Rep 10,0.0,0
11053,2026-07-28,Lekki-Ajah,Lagos,Rep 12,0.0,0
11054,2026-07-28,Lekki-Ajah,Lagos,Rep 02,254539.24,1
11055,2026-07-28,Lekki-Ajah,Lagos,Rep 12,61573.73,1
11056,2026-07-28,Lekki-Ajah,Lagos,Rep 13,0.0,0
11057,2026-07-28,Lekki-Ajah,Lagos,Rep 17,0.0,0
11058,2026-07-28,Lekki-Ajah,Lagos,Rep 08,46210.96,1
11059,2026-07-28,Lekki-Ajah,Lagos,Rep 15,39665.25,1
11060,2026-07-28,Lekki-Ajah,Lagos,Rep 12,0.0,0
11061,2026-07-28,Lekki-Ajah,Lagos,Rep 19,0.0,0
11062,2026-07-28,Lekki-Ajah,Lagos,Rep 01,0.0,0
11063,2026-07-28,Abeokuta,Ogun,Rep 10,0.0,0
11064,2026-07-28,Abeokuta,Ogun,Rep 04,0.0,0
11065,2026-07-28,Sagamu,Ogun,Rep 12,0.0,0
11066,2026-07-28,Sagamu,Ogun,Rep 14,0.0,0
11067,2026-07-28,Sagamu,Ogun,Rep 10,0.0,0
11068,2026-07-28,Ibadan North,Oyo,Rep 15,0.0,0
11069,2026-07-28,Ibadan North,Oyo,Rep 08,0.0,0
11070,2026-07-28,Ibadan North,Oyo,Rep 20,76236.84,1
11071,2026-07-28,Ibadan North,Oyo,Rep 04,63480.57,1
11072,2026-07-28,Ibadan North,Oyo,Rep 02,0.0,0
11073,2026-07-28,Ibadan South,Oyo,Rep 12,0.0,0
11074,2026-07-28,Ibadan South,Oyo,Rep 12,0.0,0
11075,2026-07-28,Ogbomosho,Oyo,Rep 18,0.0,0
11076,2026-07-28,Ogbomosho,Oyo,Rep 09,0.0,0
11077,2026-07-29,Lagos Mainland,Lagos,Rep 08,0.0,0
11078,2026-07-29,Lagos Mainland,Lagos,Rep 02,0.0,0
11079,2026-07-29,Lagos Mainland,Lagos,Rep 10,107753.11,1
11080,2026-07-29,Lagos Mainland,Lagos,Rep 12,0.0,0
11081,2026-07-29,Lagos Mainland,Lagos,Rep 12,300809.32,1
11082,2026-07-29,Lagos Mainland,Lagos,Rep 01,0.0,0
11083,2026-07-29,Lagos Mainland,Lagos,Rep 01,0.0,0
11084,2026-07-29,Lekki-Ajah,Lagos,Rep 22,117783.47,1
11085,2026-07-29,Lekki-Ajah,Lagos,Rep 15,72396.11,1
11086,2026-07-29,Lekki-Ajah,Lagos,Rep 04,0.0,0
11087,2026-07-29,Lekki-Ajah,Lagos,Rep 03,80596.52,1
11088,2026-07-29,Lekki-Ajah,Lagos,Rep 05,0.0,0
11089,2026-07-29,Lekki-Ajah,Lagos,Rep 18,0.0,0
11090,2026-07-29,Lekki-Ajah,Lagos,Rep 20,0.0,0
11091,2026-07-29,Lekki-Ajah,Lagos,Rep 15,26775.88,1
11092,2026-07-29,Lekki-Ajah,Lagos,Rep 16,0.0,0
11093,2026-07-29,Abeokuta,Ogun,Rep 20,0.0,0
11094,2026-07-29,Abeokuta,Ogun,Rep 07,0.0,0
11095,2026-07-29,Abeokuta,Ogun,Rep 03,101262.69,1
11096,2026-07-29,Abeokuta,Ogun,Rep 11,118614.03,1
11097,2026-07-29,Abeokuta,Ogun,Rep 02,100536.02,1
11098,2026-07-29,Sagamu,Ogun,Rep 12,0.0,0
11099,2026-07-29,Ibadan South,Oyo,Rep 05,0.0,0
11100,2026-07-29,Ibadan South,Oyo,Rep 01,19499.79,1
11101,2026-07-29,Ibadan South,Oyo,Rep 10,0.0,0
11102,2026-07-29,Ibadan South,Oyo,Rep 05,50420.9,1
11103,2026-07-30,Lagos Island,Lagos,Rep 22,0.0,0
11104,2026-07-30,Lagos Island,Lagos,Rep 09,0.0,0
11105,2026-07-30,Lagos Island,Lagos,Rep 19,100356.33,1
11106,2026-07-30,Lagos Island,Lagos,Rep 17,0.0,0
11107,2026-07-30,Lagos Island,Lagos,Rep 13,154688.2,1
11108,2026-07-30,Lagos Island,Lagos,Rep 18,0.0,0
11109,2026-07-30,Lagos Island,Lagos,Rep 16,196023.32,1
11110,2026-07-30,Lagos Island,Lagos,Rep 15,0.0,0
11111,2026-07-30,Lagos Island,Lagos,Rep 01,0.0,0
11112,2026-07-30,Abeokuta,Ogun,Rep 08,0.0,0
11113,2026-07-30,Abeokuta,Ogun,Rep 22,0.0,0
11114,2026-07-30,Abeokuta,Ogun,Rep 10,0.0,0
11115,2026-07-30,Abeokuta,Ogun,Rep 03,0.0,0
11116,2026-07-30,Abeokuta,Ogun,Rep 02,0.0,0
11117,2026-07-30,Sagamu,Ogun,Rep 10,0.0,0
11118,2026-07-30,Ibadan North,Oyo,Rep 14,0.0,0
11119,2026-07-30,Ibadan North,Oyo,Rep 01,0.0,0
11120,2026-07-30,Ibadan North,Oyo,Rep 01,0.0,0
11121,2026-07-30,Ibadan North,Oyo,Rep 01,113308.38,1
11122,2026-07-30,Ibadan North,Oyo,Rep 02,0.0,0
11123,2026-07-30,Ibadan North,Oyo,Rep 17,0.0,0
11124,2026-07-30,Ogbomosho,Oyo,Rep 17,0.0,0
11125,2026-07-31,Lagos Mainland,Lagos,Rep 12,0.0,0
11126,2026-07-31,Lagos Mainland,Lagos,Rep 20,0.0,0
11127,2026-07-31,Lagos Mainland,Lagos,Rep 18,242303.93,1
11128,2026-07-31,Lagos Mainland,Lagos,Rep 14,0.0,0
11129,2026-07-31,Lagos Mainland,Lagos,Rep 07,0.0,0
11130,2026-07-31,Lekki-Ajah,Lagos,Rep 16,0.0,0
11131,2026-07-31,Lekki-Ajah,Lagos,Rep 04,0.0,0
11132,2026-07-31,Lekki-Ajah,Lagos,Rep 05,0.0,0
11133,2026-07-31,Lekki-Ajah,Lagos,Rep 20,128923.3,1
11134,2026-07-31,Lekki-Ajah,Lagos,Rep 03,0.0,0
11135,2026-07-31,Lekki-Ajah,Lagos,Rep 22,0.0,0
11136,2026-07-31,Lekki-Ajah,Lagos,Rep 13,0.0,0
11137,2026-07-31,Lekki-Ajah,Lagos,Rep 07,0.0,0
11138,2026-07-31,Lekki-Ajah,Lagos,Rep 19,0.0,0
11139,2026-07-31,Abeokuta,Ogun,Rep 21,291053.59,1
11140,2026-07-31,Abeokuta,Ogun,Rep 03,0.0,0
11141,2026-07-31,Abeokuta,Ogun,Rep 03,145900.98,1
11142,2026-07-31,Abeokuta,Ogun,Rep 10,0.0,0
11143,2026-07-31,Sagamu,Ogun,Rep 03,0.0,0
11144,2026-08-01,Lagos Mainland,Lagos,Rep 13,39756.17,1
11145,2026-08-01,Lagos Mainland,Lagos,Rep 05,0.0,0
11146,2026-08-01,Lagos Mainland,Lagos,Rep 19,0.0,0
11147,2026-08-01,Lagos Mainland,Lagos,Rep 12,0.0,0
11148,2026-08-01,Lagos Mainland,Lagos,Rep 10,0.0,0
11149,2026-08-01,Lagos Mainland,Lagos,Rep 12,0.0,0
11150,2026-08-01,Lagos Mainland,Lagos,Rep 09,122938.13,1
11151,2026-08-01,Lagos Mainland,Lagos,Rep 05,0.0,0
11152,2026-08-01,Lagos Mainland,Lagos,Rep 13,0.0,0
11153,2026-08-01,Lagos Island,Lagos,Rep 04,181772.13,1
11154,2026-08-01,Lagos Island,Lagos,Rep 06,0.0,0
11155,2026-08-01,Lagos Island,Lagos,Rep 12,209340.58,1
11156,2026-08-01,Abeokuta,Ogun,Rep 21,0.0,0
11157,2026-08-01,Abeokuta,Ogun,Rep 12,13808.06,1
11158,2026-08-01,Abeokuta,Ogun,Rep 10,0.0,0
11159,2026-08-01,Sagamu,Ogun,Rep 17,0.0,0
11160,2026-08-01,Ibadan South,Oyo,Rep 13,0.0,0
11161,2026-08-02,Lagos Mainland,Lagos,Rep 12,61589.48,1
11162,2026-08-02,Lagos Mainland,Lagos,Rep 09,0.0,0
11163,2026-08-02,Lagos Mainland,Lagos,Rep 12,0.0,0
11164,2026-08-02,Lagos Mainland,Lagos,Rep 04,0.0,0
11165,2026-08-02,Lagos Mainland,Lagos,Rep 12,284725.28,1
11166,2026-08-02,Lekki-Ajah,Lagos,Rep 14,255469.34,1
11167,2026-08-02,Lekki-Ajah,Lagos,Rep 04,0.0,0
11168,2026-08-02,Lekki-Ajah,Lagos,Rep 02,83331.34,1
11169,2026-08-02,Lekki-Ajah,Lagos,Rep 04,130027.79,1
11170,2026-08-02,Lekki-Ajah,Lagos,Rep 05,153177.59,1
11171,2026-08-02,Lekki-Ajah,Lagos,Rep 02,0.0,0
11172,2026-08-02,Lekki-Ajah,Lagos,Rep 05,0.0,0
11173,2026-08-02,Ibadan North,Oyo,Rep 05,0.0,0
11174,2026-08-02,Ibadan North,Oyo,Rep 14,0.0,0
11175,2026-08-02,Ibadan North,Oyo,Rep 07,0.0,0
11176,2026-08-02,Ibadan North,Oyo,Rep 09,0.0,0
11177,2026-08-02,Ibadan North,Oyo,Rep 09,0.0,0
11178,2026-08-02,Ibadan North,Oyo,Rep 09,0.0,0
11179,2026-08-02,Ibadan South,Oyo,Rep 13,0.0,0
11180,2026-08-02,Ibadan South,Oyo,Rep 14,0.0,0
11181,2026-08-02,Ibadan South,Oyo,Rep 05,0.0,0
11182,2026-08-02,Ibadan South,Oyo,Rep 03,0.0,0
11183,2026-08-02,Ibadan South,Oyo,Rep 17,0.0,0
11184,2026-08-02,Ogbomosho,Oyo,Rep 20,0.0,0
11185,2026-08-02,Ogbomosho,Oyo,Rep 21,0.0,0
11186,2026-08-03,Lagos Island,Lagos,Rep 18,156781.47,1
11187,2026-08-03,Lagos Island,Lagos,Rep 16,0.0,0
11188,2026-08-03,Lagos Island,Lagos,Rep 12,0.0,0
11189,2026-08-03,Ibadan South,Oyo,Rep 03,0.0,0
11190,2026-08-04,Lagos Mainland,Lagos,Rep 20,43614.89,1
11191,2026-08-04,Lagos Mainland,Lagos,Rep 21,123156.83,1
11192,2026-08-04,Lagos Mainland,Lagos,Rep 14,0.0,0
11193,2026-08-04,Lagos Mainland,Lagos,Rep 20,147310.72,1
11194,2026-08-04,Lagos Mainland,Lagos,Rep 09,0.0,0
11195,2026-08-04,Lagos Mainland,Lagos,Rep 07,130650.34,1
11196,2026-08-04,Lagos Mainland,Lagos,Rep 03,0.0,0
11197,2026-08-04,Lekki-Ajah,Lagos,Rep 20,0.0,0
11198,2026-08-04,Lekki-Ajah,Lagos,Rep 03,0.0,0
11199,2026-08-04,Lekki-Ajah,Lagos,Rep 04,0.0,0
11200,2026-08-04,Lekki-Ajah,Lagos,Rep 13,66701.04,1
11201,2026-08-04,Lekki-Ajah,Lagos,Rep 01,0.0,0
11202,2026-08-04,Abeokuta,Ogun,Rep 13,0.0,0
11203,2026-08-04,Abeokuta,Ogun,Rep 08,196031.38,1
11204,2026-08-04,Abeokuta,Ogun,Rep 10,0.0,0
11205,2026-08-04,Abeokuta,Ogun,Rep 01,0.0,0
11206,2026-08-04,Abeokuta,Ogun,Rep 10,101798.74,1
11207,2026-08-04,Abeokuta,Ogun,Rep 02,0.0,0
11208,2026-08-04,Abeokuta,Ogun,Rep 08,0.0,0
11209,2026-08-04,Abeokuta,Ogun,Rep 07,0.0,0
11210,2026-08-04,Ibadan North,Oyo,Rep 13,0.0,0
11211,2026-08-04,Ibadan North,Oyo,Rep 03,111280.08,1
11212,2026-08-04,Ibadan North,Oyo,Rep 13,0.0,0
11213,2026-08-04,Ibadan North,Oyo,Rep 11,0.0,0
11214,2026-08-04,Ibadan South,Oyo,Rep 18,0.0,0
11215,2026-08-04,Ibadan South,Oyo,Rep 19,0.0,0
11216,2026-08-04,Ibadan South,Oyo,Rep 13,0.0,0
11217,2026-08-04,Ogbomosho,Oyo,Rep 22,0.0,0
11218,2026-08-05,Lagos Mainland,Lagos,Rep 10,0.0,0
11219,2026-08-05,Lagos Mainland,Lagos,Rep 15,61318.56,1
11220,2026-08-05,Lagos Mainland,Lagos,Rep 01,230621.14,1
11221,2026-08-05,Lagos Mainland,Lagos,Rep 15,0.0,0
11222,2026-08-05,Lagos Mainland,Lagos,Rep 07,0.0,0
11223,2026-08-05,Lagos Mainland,Lagos,Rep 04,93428.92,1
11224,2026-08-05,Lagos Mainland,Lagos,Rep 02,0.0,0
11225,2026-08-05,Lagos Mainland,Lagos,Rep 15,0.0,0
11226,2026-08-05,Lagos Mainland,Lagos,Rep 18,94869.17,1
11227,2026-08-05,Lagos Mainland,Lagos,Rep 17,0.0,0
11228,2026-08-05,Lagos Mainland,Lagos,Rep 16,0.0,0
11229,2026-08-05,Lagos Mainland,Lagos,Rep 14,0.0,0
11230,2026-08-05,Lagos Mainland,Lagos,Rep 11,0.0,0
11231,2026-08-05,Ibadan North,Oyo,Rep 14,0.0,0
11232,2026-08-05,Ibadan North,Oyo,Rep 13,117172.02,1
11233,2026-08-05,Ibadan North,Oyo,Rep 03,0.0,0
11234,2026-08-06,Lagos Mainland,Lagos,Rep 12,0.0,0
11235,2026-08-06,Lagos Mainland,Lagos,Rep 20,0.0,0
11236,2026-08-06,Lagos Mainland,Lagos,Rep 14,182856.76,1
11237,2026-08-06,Lagos Mainland,Lagos,Rep 04,0.0,0
11238,2026-08-06,Lagos Mainland,Lagos,Rep 17,0.0,0
11239,2026-08-06,Lagos Mainland,Lagos,Rep 07,148205.29,1
11240,2026-08-06,Lekki-Ajah,Lagos,Rep 11,0.0,0
11241,2026-08-06,Lekki-Ajah,Lagos,Rep 18,197925.12,1
11242,2026-08-06,Lekki-Ajah,Lagos,Rep 02,70931.16,1
11243,2026-08-06,Lekki-Ajah,Lagos,Rep 11,0.0,0
11244,2026-08-06,Lekki-Ajah,Lagos,Rep 20,95407.19,1
11245,2026-08-06,Lekki-Ajah,Lagos,Rep 01,0.0,0
11246,2026-08-06,Abeokuta,Ogun,Rep 19,77371.42,1
11247,2026-08-06,Abeokuta,Ogun,Rep 06,171120.55,1
11248,2026-08-06,Abeokuta,Ogun,Rep 20,17501.56,1
11249,2026-08-06,Abeokuta,Ogun,Rep 12,0.0,0
11250,2026-08-06,Sagamu,Ogun,Rep 05,0.0,0
11251,2026-08-06,Ogbomosho,Oyo,Rep 10,133012.47,1
11252,2026-08-06,Ogbomosho,Oyo,Rep 03,0.0,0
11253,2026-08-07,Lagos Mainland,Lagos,Rep 12,0.0,0
11254,2026-08-07,Lagos Mainland,Lagos,Rep 17,0.0,0
11255,2026-08-07,Lagos Mainland,Lagos,Rep 03,0.0,0
11256,2026-08-07,Lagos Mainland,Lagos,Rep 01,0.0,0
11257,2026-08-07,Lagos Mainland,Lagos,Rep 22,0.0,0
11258,2026-08-07,Lagos Mainland,Lagos,Rep 11,28429.0,1
11259,2026-08-07,Lagos Mainland,Lagos,Rep 17,71818.16,1
11260,2026-08-07,Lagos Mainland,Lagos,Rep 10,96048.22,1
11261,2026-08-07,Lagos Mainland,Lagos,Rep 06,88787.75,1
11262,2026-08-07,Lekki-Ajah,Lagos,Rep 09,355777.13,1
11263,2026-08-07,Lekki-Ajah,Lagos,Rep 07,0.0,0
11264,2026-08-07,Lekki-Ajah,Lagos,Rep 14,113907.08,1
11265,2026-08-07,Sagamu,Ogun,Rep 05,0.0,0
11266,2026-08-07,Sagamu,Ogun,Rep 17,126288.68,1
11267,2026-08-07,Ibadan North,Oyo,Rep 20,0.0,0
11268,2026-08-07,Ibadan North,Oyo,Rep 07,0.0,0
11269,2026-08-07,Ibadan North,Oyo,Rep 15,52442.25,1
11270,2026-08-07,Ogbomosho,Oyo,Rep 06,0.0,0
11271,2026-08-08,Lagos Mainland,Lagos,Rep 14,0.0,0
11272,2026-08-08,Lagos Mainland,Lagos,Rep 09,155648.13,1
11273,2026-08-08,Lagos Mainland,Lagos,Rep 08,0.0,0
11274,2026-08-08,Lagos Mainland,Lagos,Rep 14,0.0,0
11275,2026-08-08,Lagos Mainland,Lagos,Rep 16,0.0,0
11276,2026-08-08,Lagos Mainland,Lagos,Rep 01,183948.58,1
11277,2026-08-08,Lagos Mainland,Lagos,Rep 18,0.0,0
11278,2026-08-08,Lagos Mainland,Lagos,Rep 18,0.0,0
11279,2026-08-08,Lagos Mainland,Lagos,Rep 14,41730.93,1
11280,2026-08-08,Lagos Island,Lagos,Rep 01,131429.21,1
11281,2026-08-08,Lagos Island,Lagos,Rep 07,167643.37,1
11282,2026-08-08,Lekki-Ajah,Lagos,Rep 03,0.0,0
11283,2026-08-08,Lekki-Ajah,Lagos,Rep 08,54825.12,1
11284,2026-08-08,Lekki-Ajah,Lagos,Rep 04,87015.2,1
11285,2026-08-08,Lekki-Ajah,Lagos,Rep 05,0.0,0
11286,2026-08-08,Lekki-Ajah,Lagos,Rep 05,0.0,0
11287,2026-08-08,Lekki-Ajah,Lagos,Rep 05,93321.9,1
11288,2026-08-08,Abeokuta,Ogun,Rep 11,0.0,0
11289,2026-08-08,Abeokuta,Ogun,Rep 06,0.0,0
11290,2026-08-08,Abeokuta,Ogun,Rep 06,0.0,0
11291,2026-08-08,Abeokuta,Ogun,Rep 17,156455.75,1
11292,2026-08-08,Abeokuta,Ogun,Rep 15,107710.96,1
11293,2026-08-08,Abeokuta,Ogun,Rep 18,0.0,0
11294,2026-08-08,Ibadan North,Oyo,Rep 10,0.0,0
11295,2026-08-08,Ibadan North,Oyo,Rep 02,0.0,0
11296,2026-08-08,Ibadan North,Oyo,Rep 20,0.0,0
11297,2026-08-08,Ibadan North,Oyo,Rep 01,0.0,0
11298,2026-08-08,Ibadan North,Oyo,Rep 21,10803.32,1
11299,2026-08-08,Ibadan North,Oyo,Rep 12,49236.65,1
11300,2026-08-08,Ibadan North,Oyo,Rep 16,0.0,0
11301,2026-08-08,Ibadan North,Oyo,Rep 19,148331.09,1
11302,2026-08-08,Ibadan South,Oyo,Rep 20,35509.28,1
11303,2026-08-08,Ibadan South,Oyo,Rep 06,0.0,0
11304,2026-08-09,Lagos Mainland,Lagos,Rep 20,0.0,0
11305,2026-08-09,Lagos Mainland,Lagos,Rep 09,0.0,0
11306,2026-08-09,Lagos Mainland,Lagos,Rep 03,39772.44,1
11307,2026-08-09,Lagos Mainland,Lagos,Rep 10,0.0,0
11308,2026-08-09,Lagos Mainland,Lagos,Rep 22,0.0,0
11309,2026-08-09,Lagos Mainland,Lagos,Rep 05,0.0,0
11310,2026-08-09,Lagos Island,Lagos,Rep 13,0.0,0
11311,2026-08-09,Lagos Island,Lagos,Rep 11,72806.74,1
11312,2026-08-09,Abeokuta,Ogun,Rep 10,137704.73,1
11313,2026-08-09,Abeokuta,Ogun,Rep 04,0.0,0
11314,2026-08-09,Abeokuta,Ogun,Rep 03,0.0,0
11315,2026-08-09,Sagamu,Ogun,Rep 21,255278.37,1
11316,2026-08-09,Sagamu,Ogun,Rep 06,0.0,0
11317,2026-08-09,Ibadan North,Oyo,Rep 13,57749.64,1
11318,2026-08-09,Ibadan North,Oyo,Rep 14,0.0,0
11319,2026-08-09,Ibadan North,Oyo,Rep 14,184992.54,1
11320,2026-08-09,Ibadan North,Oyo,Rep 02,0.0,0
11321,2026-08-09,Ibadan South,Oyo,Rep 10,75463.86,1
11322,2026-08-09,Ibadan South,Oyo,Rep 02,0.0,0
11323,2026-08-09,Ibadan South,Oyo,Rep 18,0.0,0
11324,2026-08-09,Ibadan South,Oyo,Rep 18,0.0,0
11325,2026-08-09,Ibadan South,Oyo,Rep 15,0.0,0
11326,2026-08-10,Lekki-Ajah,Lagos,Rep 22,115843.12,1
11327,2026-08-10,Lekki-Ajah,Lagos,Rep 21,31949.84,1
11328,2026-08-10,Lekki-Ajah,Lagos,Rep 13,0.0,0
11329,2026-08-10,Lekki-Ajah,Lagos,Rep 14,0.0,0
11330,2026-08-10,Lekki-Ajah,Lagos,Rep 13,164517.71,1
11331,2026-08-10,Lekki-Ajah,Lagos,Rep 12,149859.54,1
11332,2026-08-10,Lekki-Ajah,Lagos,Rep 16,0.0,0
11333,2026-08-10,Sagamu,Ogun,Rep 11,0.0,0
11334,2026-08-10,Ibadan South,Oyo,Rep 22,0.0,0
11335,2026-08-10,Ibadan South,Oyo,Rep 03,0.0,0
11336,2026-08-11,Lagos Island,Lagos,Rep 14,0.0,0
11337,2026-08-11,Lagos Island,Lagos,Rep 18,0.0,0
11338,2026-08-11,Lagos Island,Lagos,Rep 11,0.0,0
11339,2026-08-11,Lagos Island,Lagos,Rep 06,0.0,0
11340,2026-08-11,Lagos Island,Lagos,Rep 13,0.0,0
11341,2026-08-11,Lagos Island,Lagos,Rep 21,0.0,0
11342,2026-08-11,Lagos Island,Lagos,Rep 16,0.0,0
11343,2026-08-11,Lekki-Ajah,Lagos,Rep 22,137326.06,1
11344,2026-08-11,Lekki-Ajah,Lagos,Rep 06,209607.93,1
11345,2026-08-11,Lekki-Ajah,Lagos,Rep 10,44655.73,1
11346,2026-08-11,Lekki-Ajah,Lagos,Rep 16,0.0,0
11347,2026-08-11,Ibadan North,Oyo,Rep 20,77439.89,1
11348,2026-08-11,Ibadan North,Oyo,Rep 07,0.0,0
11349,2026-08-11,Ibadan North,Oyo,Rep 18,0.0,0
11350,2026-08-11,Ibadan North,Oyo,Rep 03,111174.52,1
11351,2026-08-11,Ibadan North,Oyo,Rep 08,135316.48,1
11352,2026-08-11,Ibadan North,Oyo,Rep 17,0.0,0
11353,2026-08-11,Ibadan South,Oyo,Rep 22,0.0,0
11354,2026-08-11,Ibadan South,Oyo,Rep 20,119535.3,1
11355,2026-08-11,Ibadan South,Oyo,Rep 18,0.0,0
11356,2026-08-11,Ibadan South,Oyo,Rep 02,0.0,0
11357,2026-08-11,Ibadan South,Oyo,Rep 11,0.0,0
11358,2026-08-11,Ibadan South,Oyo,Rep 22,28751.36,1
11359,2026-08-11,Ibadan South,Oyo,Rep 14,297204.46,1
11360,2026-08-11,Ibadan South,Oyo,Rep 19,0.0,0
11361,2026-08-11,Ogbomosho,Oyo,Rep 08,0.0,0
11362,2026-08-12,Lagos Mainland,Lagos,Rep 19,123290.1,1
11363,2026-08-12,Lagos Mainland,Lagos,Rep 18,0.0,0
11364,2026-08-12,Lagos Mainland,Lagos,Rep 22,140490.3,1
11365,2026-08-12,Lagos Mainland,Lagos,Rep 08,0.0,0
11366,2026-08-12,Lagos Mainland,Lagos,Rep 17,0.0,0
11367,2026-08-12,Lagos Mainland,Lagos,Rep 11,0.0,0
11368,2026-08-12,Lagos Island,Lagos,Rep 06,111871.38,1
11369,2026-08-12,Lagos Island,Lagos,Rep 10,94881.68,1
11370,2026-08-12,Lagos Island,Lagos,Rep 11,0.0,0
11371,2026-08-12,Lagos Island,Lagos,Rep 13,117989.19,1
11372,2026-08-12,Lekki-Ajah,Lagos,Rep 08,0.0,0
11373,2026-08-12,Lekki-Ajah,Lagos,Rep 05,85860.26,1
11374,2026-08-12,Lekki-Ajah,Lagos,Rep 16,89204.33,1
11375,2026-08-12,Lekki-Ajah,Lagos,Rep 06,76641.42,1
11376,2026-08-12,Lekki-Ajah,Lagos,Rep 18,184719.72,1
11377,2026-08-12,Lekki-Ajah,Lagos,Rep 14,0.0,0
11378,2026-08-12,Ibadan South,Oyo,Rep 10,0.0,0
11379,2026-08-12,Ibadan South,Oyo,Rep 07,0.0,0
11380,2026-08-13,Lagos Island,Lagos,Rep 06,0.0,0
11381,2026-08-13,Lagos Island,Lagos,Rep 04,0.0,0
11382,2026-08-13,Lagos Island,Lagos,Rep 15,0.0,0
11383,2026-08-13,Lagos Island,Lagos,Rep 07,0.0,0
11384,2026-08-13,Lagos Island,Lagos,Rep 10,0.0,0
11385,2026-08-13,Lagos Island,Lagos,Rep 20,0.0,0
11386,2026-08-13,Abeokuta,Ogun,Rep 04,0.0,0
11387,2026-08-13,Abeokuta,Ogun,Rep 12,0.0,0
11388,2026-08-13,Abeokuta,Ogun,Rep 03,0.0,0
11389,2026-08-14,Lagos Island,Lagos,Rep 12,0.0,0
11390,2026-08-14,Lagos Island,Lagos,Rep 03,0.0,0
11391,2026-08-14,Lagos Island,Lagos,Rep 17,0.0,0
11392,2026-08-14,Lagos Island,Lagos,Rep 13,0.0,0
11393,2026-08-14,Lagos Island,Lagos,Rep 15,0.0,0
11394,2026-08-14,Lagos Island,Lagos,Rep 05,0.0,0
11395,2026-08-14,Lagos Island,Lagos,Rep 13,0.0,0
11396,2026-08-14,Lagos Island,Lagos,Rep 08,0.0,0
11397,2026-08-14,Lagos Island,Lagos,Rep 19,0.0,0
11398,2026-08-14,Lagos Island,Lagos,Rep 10,0.0,0
11399,2026-08-14,Sagamu,Ogun,Rep 08,0.0,0
11400,2026-08-14,Sagamu,Ogun,Rep 17,78170.69,1
11401,2026-08-14,Ibadan South,Oyo,Rep 12,113854.01,1
11402,2026-08-14,Ibadan South,Oyo,Rep 06,231118.49,1
11403,2026-08-14,Ibadan South,Oyo,Rep 05,0.0,0
11404,2026-08-14,Ibadan South,Oyo,Rep 02,0.0,0
11405,2026-08-14,Ibadan South,Oyo,Rep 22,0.0,0
11406,2026-08-14,Ibadan South,Oyo,Rep 22,0.0,0
11407,2026-08-14,Ibadan South,Oyo,Rep 02,0.0,0
11408,2026-08-14,Ogbomosho,Oyo,Rep 04,0.0,0
11409,2026-08-15,Lagos Island,Lagos,Rep 02,170199.68,1
11410,2026-08-15,Lagos Island,Lagos,Rep 09,0.0,0
11411,2026-08-15,Lagos Island,Lagos,Rep 13,0.0,0
11412,2026-08-15,Lekki-Ajah,Lagos,Rep 16,0.0,0
11413,2026-08-15,Lekki-Ajah,Lagos,Rep 22,120479.45,1
11414,2026-08-15,Lekki-Ajah,Lagos,Rep 10,0.0,0
11415,2026-08-15,Lekki-Ajah,Lagos,Rep 09,0.0,0
11416,2026-08-15,Lekki-Ajah,Lagos,Rep 18,0.0,0
11417,2026-08-15,Lekki-Ajah,Lagos,Rep 02,172366.92,1
11418,2026-08-15,Lekki-Ajah,Lagos,Rep 19,0.0,0
11419,2026-08-15,Abeokuta,Ogun,Rep 10,0.0,0
11420,2026-08-15,Abeokuta,Ogun,Rep 12,186335.97,1
11421,2026-08-15,Abeokuta,Ogun,Rep 04,0.0,0
11422,2026-08-15,Ibadan South,Oyo,Rep 14,107837.66,1
11423,2026-08-15,Ibadan South,Oyo,Rep 07,88885.08,1
11424,2026-08-15,Ogbomosho,Oyo,Rep 18,0.0,0
11425,2026-08-16,Lagos Mainland,Lagos,Rep 03,0.0,0
11426,2026-08-16,Lagos Mainland,Lagos,Rep 01,0.0,0
11427,2026-08-16,Lagos Mainland,Lagos,Rep 08,0.0,0
11428,2026-08-16,Lagos Mainland,Lagos,Rep 02,108392.72,1
11429,2026-08-16,Lagos Mainland,Lagos,Rep 10,0.0,0
11430,2026-08-16,Lagos Mainland,Lagos,Rep 15,0.0,0
11431,2026-08-16,Lagos Mainland,Lagos,Rep 04,0.0,0
11432,2026-08-16,Lagos Island,Lagos,Rep 16,0.0,0
11433,2026-08-16,Lagos Island,Lagos,Rep 19,0.0,0
11434,2026-08-16,Lagos Island,Lagos,Rep 12,127076.55,1
11435,2026-08-16,Lagos Island,Lagos,Rep 06,0.0,0
11436,2026-08-16,Lekki-Ajah,Lagos,Rep 22,0.0,0
11437,2026-08-16,Lekki-Ajah,Lagos,Rep 03,0.0,0
11438,2026-08-16,Sagamu,Ogun,Rep 07,246508.4,1
11439,2026-08-16,Ibadan North,Oyo,Rep 20,175602.49,1
11440,2026-08-16,Ibadan North,Oyo,Rep 01,106166.09,1
11441,2026-08-16,Ibadan North,Oyo,Rep 14,0.0,0
11442,2026-08-16,Ibadan North,Oyo,Rep 22,29736.77,1
11443,2026-08-16,Ibadan North,Oyo,Rep 01,0.0,0
11444,2026-08-16,Ibadan North,Oyo,Rep 17,0.0,0
11445,2026-08-16,Ibadan South,Oyo,Rep 05,123197.06,1
11446,2026-08-16,Ibadan South,Oyo,Rep 09,0.0,0
11447,2026-08-16,Ibadan South,Oyo,Rep 16,0.0,0
11448,2026-08-16,Ibadan South,Oyo,Rep 10,0.0,0
11449,2026-08-17,Lagos Mainland,Lagos,Rep 06,164330.94,1
11450,2026-08-17,Lagos Mainland,Lagos,Rep 22,0.0,0
11451,2026-08-17,Lagos Mainland,Lagos,Rep 18,85931.25,1
11452,2026-08-17,Lagos Mainland,Lagos,Rep 07,86373.18,1
11453,2026-08-17,Lagos Mainland,Lagos,Rep 11,0.0,0
11454,2026-08-17,Lagos Island,Lagos,Rep 14,0.0,0
11455,2026-08-17,Lagos Island,Lagos,Rep 10,0.0,0
11456,2026-08-17,Lagos Island,Lagos,Rep 16,0.0,0
11457,2026-08-17,Lagos Island,Lagos,Rep 02,0.0,0
11458,2026-08-17,Lagos Island,Lagos,Rep 07,186963.45,1
11459,2026-08-17,Lagos Island,Lagos,Rep 03,133658.02,1
11460,2026-08-17,Lagos Island,Lagos,Rep 10,85433.32,1
11461,2026-08-17,Lagos Island,Lagos,Rep 18,92431.64,1
11462,2026-08-17,Ibadan North,Oyo,Rep 07,0.0,0
11463,2026-08-17,Ibadan North,Oyo,Rep 20,134690.18,1
11464,2026-08-17,Ibadan North,Oyo,Rep 10,0.0,0
11465,2026-08-17,Ibadan South,Oyo,Rep 03,93274.29,1
11466,2026-08-17,Ibadan South,Oyo,Rep 20,118078.48,1
11467,2026-08-17,Ibadan South,Oyo,Rep 15,68931.23,1
11468,2026-08-18,Abeokuta,Ogun,Rep 03,0.0,0
11469,2026-08-18,Ibadan South,Oyo,Rep 19,75937.86,1
11470,2026-08-18,Ibadan South,Oyo,Rep 11,231486.23,1
11471,2026-08-18,Ibadan South,Oyo,Rep 06,0.0,0
11472,2026-08-18,Ibadan South,Oyo,Rep 08,0.0,0
11473,2026-08-18,Ibadan South,Oyo,Rep 15,0.0,0
11474,2026-08-19,Lagos Mainland,Lagos,Rep 16,0.0,0
11475,2026-08-19,Lagos Mainland,Lagos,Rep 20,8445.53,1
11476,2026-08-19,Lagos Mainland,Lagos,Rep 02,0.0,0
11477,2026-08-19,Lagos Mainland,Lagos,Rep 15,240531.17,1
11478,2026-08-19,Lagos Mainland,Lagos,Rep 15,236138.46,1
11479,2026-08-19,Lagos Mainland,Lagos,Rep 18,0.0,0
11480,2026-08-19,Lagos Mainland,Lagos,Rep 07,0.0,0
11481,2026-08-19,Lagos Mainland,Lagos,Rep 09,173701.18,1
11482,2026-08-19,Lagos Mainland,Lagos,Rep 09,0.0,0
11483,2026-08-19,Sagamu,Ogun,Rep 19,0.0,0
11484,2026-08-20,Lagos Mainland,Lagos,Rep 07,0.0,0
11485,2026-08-20,Lagos Mainland,Lagos,Rep 06,93811.75,1
11486,2026-08-20,Lagos Island,Lagos,Rep 07,0.0,0
11487,2026-08-20,Lagos Island,Lagos,Rep 11,110546.16,1
11488,2026-08-20,Lagos Island,Lagos,Rep 17,0.0,0
11489,2026-08-20,Lagos Island,Lagos,Rep 10,0.0,0
11490,2026-08-20,Lagos Island,Lagos,Rep 05,0.0,0
11491,2026-08-20,Lagos Island,Lagos,Rep 02,0.0,0
11492,2026-08-20,Lagos Island,Lagos,Rep 13,0.0,0
11493,2026-08-20,Lagos Island,Lagos,Rep 06,219816.6,1
11494,2026-08-20,Lekki-Ajah,Lagos,Rep 21,178179.7,1
11495,2026-08-20,Lekki-Ajah,Lagos,Rep 08,165641.91,1
11496,2026-08-20,Lekki-Ajah,Lagos,Rep 02,0.0,0
11497,2026-08-20,Lekki-Ajah,Lagos,Rep 06,0.0,0
11498,2026-08-20,Lekki-Ajah,Lagos,Rep 17,107706.32,1
11499,2026-08-20,Abeokuta,Ogun,Rep 12,0.0,0
11500,2026-08-20,Abeokuta,Ogun,Rep 03,113428.0,1
11501,2026-08-20,Abeokuta,Ogun,Rep 15,0.0,0
11502,2026-08-20,Abeokuta,Ogun,Rep 17,0.0,0
11503,2026-08-20,Abeokuta,Ogun,Rep 05,0.0,0
11504,2026-08-20,Abeokuta,Ogun,Rep 18,125845.23,1
11505,2026-08-20,Abeokuta,Ogun,Rep 05,220420.4,1
11506,2026-08-20,Sagamu,Ogun,Rep 17,0.0,0
11507,2026-08-21,Lagos Mainland,Lagos,Rep 18,50431.19,1
11508,2026-08-21,Lagos Mainland,Lagos,Rep 15,0.0,0
11509,2026-08-21,Lagos Mainland,Lagos,Rep 16,159252.64,1
11510,2026-08-21,Lagos Mainland,Lagos,Rep 21,0.0,0
11511,2026-08-21,Lagos Mainland,Lagos,Rep 09,0.0,0
11512,2026-08-21,Lagos Mainland,Lagos,Rep 09,0.0,0
11513,2026-08-21,Lagos Mainland,Lagos,Rep 20,0.0,0
11514,2026-08-21,Lagos Mainland,Lagos,Rep 03,0.0,0
11515,2026-08-21,Lagos Island,Lagos,Rep 05,0.0,0
11516,2026-08-21,Lagos Island,Lagos,Rep 17,376290.85,1
11517,2026-08-21,Lagos Island,Lagos,Rep 10,94701.05,1
11518,2026-08-21,Lagos Island,Lagos,Rep 08,0.0,0
11519,2026-08-21,Lagos Island,Lagos,Rep 07,138975.33,1
11520,2026-08-21,Lekki-Ajah,Lagos,Rep 16,0.0,0
11521,2026-08-21,Lekki-Ajah,Lagos,Rep 07,133532.67,1
11522,2026-08-21,Lekki-Ajah,Lagos,Rep 19,109238.58,1
11523,2026-08-21,Lekki-Ajah,Lagos,Rep 03,91346.41,1
11524,2026-08-21,Sagamu,Ogun,Rep 05,156447.37,1
11525,2026-08-21,Sagamu,Ogun,Rep 17,0.0,0
11526,2026-08-21,Ibadan North,Oyo,Rep 04,263769.94,1
11527,2026-08-21,Ibadan North,Oyo,Rep 11,0.0,0
11528,2026-08-21,Ibadan North,Oyo,Rep 20,70215.01,1
11529,2026-08-21,Ibadan North,Oyo,Rep 10,0.0,0
11530,2026-08-21,Ibadan North,Oyo,Rep 13,0.0,0
11531,2026-08-21,Ibadan North,Oyo,Rep 09,0.0,0
11532,2026-08-21,Ibadan North,Oyo,Rep 19,196512.97,1
11533,2026-08-21,Ibadan North,Oyo,Rep 08,257158.08,1
11534,2026-08-21,Ibadan North,Oyo,Rep 02,160829.31,1
11535,2026-08-22,Lagos Island,Lagos,Rep 17,103056.16,1
11536,2026-08-22,Lagos Island,Lagos,Rep 18,0.0,0
11537,2026-08-22,Lagos Island,Lagos,Rep 10,60872.91,1
11538,2026-08-22,Lagos Island,Lagos,Rep 17,0.0,0
11539,2026-08-22,Lekki-Ajah,Lagos,Rep 20,0.0,0
11540,2026-08-22,Lekki-Ajah,Lagos,Rep 17,79248.2,1
11541,2026-08-22,Lekki-Ajah,Lagos,Rep 06,0.0,0
11542,2026-08-22,Lekki-Ajah,Lagos,Rep 09,78794.51,1
11543,2026-08-22,Lekki-Ajah,Lagos,Rep 13,0.0,0
11544,2026-08-22,Ibadan South,Oyo,Rep 22,38044.42,1
11545,2026-08-22,Ibadan South,Oyo,Rep 19,0.0,0
11546,2026-08-22,Ibadan South,Oyo,Rep 01,0.0,0
11547,2026-08-23,Lagos Mainland,Lagos,Rep 20,0.0,0
11548,2026-08-23,Lagos Mainland,Lagos,Rep 11,279573.02,1
11549,2026-08-23,Lagos Mainland,Lagos,Rep 13,0.0,0
11550,2026-08-23,Lagos Mainland,Lagos,Rep 19,261801.68,1
11551,2026-08-23,Lagos Mainland,Lagos,Rep 21,0.0,0
11552,2026-08-23,Lagos Mainland,Lagos,Rep 09,0.0,0
11553,2026-08-23,Lagos Mainland,Lagos,Rep 12,194571.52,1
11554,2026-08-23,Lagos Mainland,Lagos,Rep 03,0.0,0
11555,2026-08-23,Lagos Mainland,Lagos,Rep 21,20280.46,1
11556,2026-08-23,Lagos Mainland,Lagos,Rep 06,67851.55,1
11557,2026-08-23,Lagos Mainland,Lagos,Rep 09,91443.13,1
11558,2026-08-23,Lagos Mainland,Lagos,Rep 10,0.0,0
11559,2026-08-23,Lagos Mainland,Lagos,Rep 12,304349.54,1
11560,2026-08-23,Lagos Mainland,Lagos,Rep 05,276017.56,1
11561,2026-08-23,Lagos Mainland,Lagos,Rep 15,230338.03,1
11562,2026-08-23,Lagos Mainland,Lagos,Rep 08,137061.64,1
11563,2026-08-23,Lagos Mainland,Lagos,Rep 16,0.0,0
11564,2026-08-23,Lagos Island,Lagos,Rep 17,0.0,0
11565,2026-08-23,Lagos Island,Lagos,Rep 17,0.0,0
11566,2026-08-23,Lagos Island,Lagos,Rep 08,0.0,0
11567,2026-08-23,Lagos Island,Lagos,Rep 11,0.0,0
11568,2026-08-23,Lagos Island,Lagos,Rep 22,188596.97,1
11569,2026-08-23,Lagos Island,Lagos,Rep 16,0.0,0
11570,2026-08-23,Lekki-Ajah,Lagos,Rep 19,0.0,0
11571,2026-08-23,Lekki-Ajah,Lagos,Rep 16,0.0,0
11572,2026-08-23,Lekki-Ajah,Lagos,Rep 12,0.0,0
11573,2026-08-23,Lekki-Ajah,Lagos,Rep 04,0.0,0
11574,2026-08-23,Lekki-Ajah,Lagos,Rep 16,0.0,0
11575,2026-08-23,Lekki-Ajah,Lagos,Rep 06,0.0,0
11576,2026-08-23,Abeokuta,Ogun,Rep 13,0.0,0
11577,2026-08-23,Abeokuta,Ogun,Rep 01,0.0,0
11578,2026-08-23,Abeokuta,Ogun,Rep 14,66873.97,1
11579,2026-08-23,Abeokuta,Ogun,Rep 14,0.0,0
11580,2026-08-23,Ibadan North,Oyo,Rep 03,0.0,0
11581,2026-08-24,Lagos Mainland,Lagos,Rep 05,0.0,0
11582,2026-08-24,Lagos Mainland,Lagos,Rep 09,0.0,0
11583,2026-08-24,Lagos Mainland,Lagos,Rep 22,0.0,0
11584,2026-08-24,Lagos Mainland,Lagos,Rep 12,0.0,0
11585,2026-08-24,Abeokuta,Ogun,Rep 14,0.0,0
11586,2026-08-24,Abeokuta,Ogun,Rep 05,0.0,0
11587,2026-08-24,Abeokuta,Ogun,Rep 21,0.0,0
11588,2026-08-24,Abeokuta,Ogun,Rep 07,0.0,0
11589,2026-08-24,Abeokuta,Ogun,Rep 18,0.0,0
11590,2026-08-24,Ibadan North,Oyo,Rep 04,102115.58,1
11591,2026-08-24,Ibadan North,Oyo,Rep 20,81680.72,1
11592,2026-08-24,Ibadan North,Oyo,Rep 12,0.0,0
11593,2026-08-24,Ibadan South,Oyo,Rep 09,119479.43,1
11594,2026-08-24,Ibadan South,Oyo,Rep 08,0.0,0
11595,2026-08-24,Ibadan South,Oyo,Rep 19,0.0,0
11596,2026-08-24,Ogbomosho,Oyo,Rep 05,188770.23,1
11597,2026-08-25,Lekki-Ajah,Lagos,Rep 02,0.0,0
11598,2026-08-25,Lekki-Ajah,Lagos,Rep 15,53668.78,1
11599,2026-08-25,Lekki-Ajah,Lagos,Rep 12,0.0,0
11600,2026-08-25,Lekki-Ajah,Lagos,Rep 22,0.0,0
11601,2026-08-25,Lekki-Ajah,Lagos,Rep 02,0.0,0
11602,2026-08-25,Ibadan South,Oyo,Rep 10,51875.63,1
11603,2026-08-25,Ibadan South,Oyo,Rep 15,0.0,0
11604,2026-08-25,Ibadan South,Oyo,Rep 15,0.0,0
11605,2026-08-25,Ibadan South,Oyo,Rep 01,0.0,0
11606,2026-08-25,Ibadan South,Oyo,Rep 13,0.0,0
11607,2026-08-25,Ibadan South,Oyo,Rep 13,116415.68,1
11608,2026-08-25,Ibadan South,Oyo,Rep 13,0.0,0
