OrderID,Date,Product,Category,Region,Channel,Quantity,UnitPrice,UnitCost,Revenue,Cost,Profit,MarginPct
100001,2025-09-01,Feed - Layer Mash (bag),Feed,Oyo,Direct Farm Sale,5,14242.64,10237.57,71213.2,51187.85,20025.35,28.1
100002,2025-09-01,Layer Eggs (Crate),Poultry,Ogun,Distributor,5,2882.71,1851.62,14413.55,9258.1,5155.45,35.8
100003,2025-09-01,Goat Meat (kg),Livestock,Ibadan Metro,Direct Farm Sale,1,3654.76,2627.56,3654.76,2627.56,1027.2,28.1
100004,2025-09-01,Goat Meat (kg),Livestock,Ogun,Distributor,1,3632.95,2605.58,3632.95,2605.58,1027.37,28.3
100005,2025-09-01,"Cattle (Live, per head)",Livestock,Ogun,Direct Farm Sale,1,300296.14,213248.13,300296.14,213248.13,87048.01,29.0
100006,2025-09-01,Layer Eggs (Crate),Poultry,Lagos,Direct Farm Sale,3,2840.24,1776.58,8520.72,5329.74,3190.98,37.4
100007,2025-09-01,"Ram (Live, per head)",Livestock,Lagos,Direct Farm Sale,1,99578.71,68512.64,99578.71,68512.64,31066.07,31.2
100008,2025-09-01,"Ram (Live, per head)",Livestock,Ogun,Direct Farm Sale,1,102224.37,76057.1,102224.37,76057.1,26167.27,25.6
100009,2025-09-02,Feed - Layer Mash (bag),Feed,Oyo,Distributor,16,14196.38,10180.59,227142.08,162889.44,64252.64,28.3
100010,2025-09-02,"Cattle (Live, per head)",Livestock,Lagos,Retail Market,1,268713.64,209032.85,268713.64,209032.85,59680.79,22.2
100011,2025-09-02,Feed - Layer Mash (bag),Feed,Lagos,Direct Farm Sale,9,14129.53,10232.21,127165.77,92089.89,35075.88,27.6
100012,2025-09-02,Goat Meat (kg),Livestock,Ibadan Metro,Distributor,1,3773.46,2377.92,3773.46,2377.92,1395.54,37.0
100013,2025-09-02,Feed - Broiler Starter (bag),Feed,Oyo,Retail Market,8,15278.56,10844.71,122228.48,86757.68,35470.8,29.0
100014,2025-09-02,Turkey,Poultry,Lagos,Retail Market,6,4563.87,3211.31,27383.22,19267.86,8115.36,29.6
100015,2025-09-02,Feed - Broiler Starter (bag),Feed,Lagos,Distributor,13,16529.96,11505.83,214889.48,149575.79,65313.69,30.4
100016,2025-09-03,Goat Meat (kg),Livestock,Oyo,Direct Farm Sale,1,4050.92,2861.14,4050.92,2861.14,1189.78,29.4
100017,2025-09-03,Layer Eggs (Crate),Poultry,Lagos,Distributor,4,2660.19,1799.38,10640.76,7197.52,3443.24,32.4
100018,2025-09-03,Turkey,Poultry,Lagos,Distributor,7,4404.93,2815.54,30834.51,19708.78,11125.73,36.1
100019,2025-09-03,Goat Meat (kg),Livestock,Lagos,Direct Farm Sale,1,3718.07,2637.21,3718.07,2637.21,1080.86,29.1
100020,2025-09-03,Goat Meat (kg),Livestock,Lagos,Online Order,1,4085.45,2697.56,4085.45,2697.56,1387.89,34.0
100021,2025-09-03,Layer Eggs (Crate),Poultry,Oyo,Direct Farm Sale,4,2785.61,2009.81,11142.44,8039.24,3103.2,27.9
100022,2025-09-03,"Ram (Live, per head)",Livestock,Lagos,Distributor,1,102422.78,67468.84,102422.78,67468.84,34953.94,34.1
100023,2025-09-03,Goat Meat (kg),Livestock,Lagos,Distributor,1,3729.63,2791.64,3729.63,2791.64,937.99,25.1
100024,2025-09-03,"Cattle (Live, per head)",Livestock,Ogun,Distributor,1,285502.2,181135.83,285502.2,181135.83,104366.37,36.6
100025,2025-09-03,Broiler Chicken,Poultry,Lagos,Distributor,6,3397.08,2283.36,20382.48,13700.16,6682.32,32.8
100026,2025-09-03,Goat Meat (kg),Livestock,Lagos,Distributor,1,3721.89,2691.77,3721.89,2691.77,1030.12,27.7
100027,2025-09-03,Goat Meat (kg),Livestock,Ibadan Metro,Distributor,1,3865.77,2914.92,3865.77,2914.92,950.85,24.6
100028,2025-09-04,Feed - Layer Mash (bag),Feed,Ogun,Direct Farm Sale,11,14062.24,10473.28,154684.64,115206.08,39478.56,25.5
100029,2025-09-04,Feed - Layer Mash (bag),Feed,Ibadan Metro,Online Order,2,13687.98,9758.3,27375.96,19516.6,7859.36,28.7
100030,2025-09-04,Feed - Layer Mash (bag),Feed,Lagos,Retail Market,16,12924.85,9486.18,206797.6,151778.88,55018.72,26.6
100031,2025-09-04,Broiler Chicken,Poultry,Ogun,Direct Farm Sale,7,3349.57,2463.11,23446.99,17241.77,6205.22,26.5
100032,2025-09-04,Feed - Layer Mash (bag),Feed,Ogun,Direct Farm Sale,1,14209.69,9703.74,14209.69,9703.74,4505.95,31.7
100033,2025-09-04,"Ram (Live, per head)",Livestock,Ibadan Metro,Distributor,1,94573.47,68397.1,94573.47,68397.1,26176.37,27.7
100034,2025-09-04,Feed - Broiler Starter (bag),Feed,Ogun,Direct Farm Sale,2,15290.76,9539.76,30581.52,19079.52,11502.0,37.6
100035,2025-09-04,Broiler Chicken,Poultry,Lagos,Online Order,1,3351.05,2588.66,3351.05,2588.66,762.39,22.8
100036,2025-09-04,"Cattle (Live, per head)",Livestock,Ogun,Online Order,1,301075.77,227758.25,301075.77,227758.25,73317.52,24.4
100037,2025-09-04,Feed - Broiler Starter (bag),Feed,Lagos,Direct Farm Sale,4,15702.84,10672.12,62811.36,42688.48,20122.88,32.0
100038,2025-09-04,Layer Eggs (Crate),Poultry,Ibadan Metro,Retail Market,2,3020.38,1940.33,6040.76,3880.66,2160.1,35.8
100039,2025-09-04,Turkey,Poultry,Lagos,Direct Farm Sale,5,4354.92,3194.01,21774.6,15970.05,5804.55,26.7
100040,2025-09-05,Goat Meat (kg),Livestock,Oyo,Distributor,1,3956.77,2957.0,3956.77,2957.0,999.77,25.3
100041,2025-09-05,Goat Meat (kg),Livestock,Ibadan Metro,Direct Farm Sale,1,3895.96,2688.82,3895.96,2688.82,1207.14,31.0
100042,2025-09-05,Feed - Broiler Starter (bag),Feed,Lagos,Distributor,1,14786.46,9255.96,14786.46,9255.96,5530.5,37.4
100043,2025-09-05,"Ram (Live, per head)",Livestock,Lagos,Distributor,1,94284.14,70944.95,94284.14,70944.95,23339.19,24.8
100044,2025-09-05,Goat Meat (kg),Livestock,Lagos,Distributor,1,3652.16,2294.54,3652.16,2294.54,1357.62,37.2
100045,2025-09-05,Goat Meat (kg),Livestock,Lagos,Retail Market,1,3678.35,2358.7,3678.35,2358.7,1319.65,35.9
100046,2025-09-06,Feed - Broiler Starter (bag),Feed,Oyo,Distributor,6,15040.22,9927.13,90241.32,59562.78,30678.54,34.0
100047,2025-09-06,"Ram (Live, per head)",Livestock,Lagos,Direct Farm Sale,1,101792.48,73506.72,101792.48,73506.72,28285.76,27.8
100048,2025-09-06,"Cattle (Live, per head)",Livestock,Oyo,Distributor,1,288266.64,198078.39,288266.64,198078.39,90188.25,31.3
100049,2025-09-06,Goat Meat (kg),Livestock,Ogun,Direct Farm Sale,1,3669.36,2475.72,3669.36,2475.72,1193.64,32.5
100050,2025-09-06,Goat Meat (kg),Livestock,Lagos,Direct Farm Sale,1,4032.6,2954.22,4032.6,2954.22,1078.38,26.7
100051,2025-09-06,Goat Meat (kg),Livestock,Lagos,Retail Market,1,4008.62,2707.46,4008.62,2707.46,1301.16,32.5
100052,2025-09-06,"Ram (Live, per head)",Livestock,Ogun,Distributor,1,97855.75,70614.18,97855.75,70614.18,27241.57,27.8
100053,2025-09-06,Layer Eggs (Crate),Poultry,Lagos,Direct Farm Sale,5,2908.96,2090.19,14544.8,10450.95,4093.85,28.1
100054,2025-09-07,"Ram (Live, per head)",Livestock,Lagos,Direct Farm Sale,1,98685.13,62308.82,98685.13,62308.82,36376.31,36.9
100055,2025-09-07,Feed - Layer Mash (bag),Feed,Lagos,Retail Market,8,12987.35,9082.91,103898.8,72663.28,31235.52,30.1
100056,2025-09-07,Layer Eggs (Crate),Poultry,Oyo,Distributor,6,2762.66,1791.28,16575.96,10747.68,5828.28,35.2
100057,2025-09-07,Broiler Chicken,Poultry,Ogun,Distributor,7,3093.12,2041.47,21651.84,14290.29,7361.55,34.0
100058,2025-09-07,Feed - Layer Mash (bag),Feed,Lagos,Online Order,4,13834.8,8805.85,55339.2,35223.4,20115.8,36.4
100059,2025-09-07,Broiler Chicken,Poultry,Ogun,Distributor,10,3163.82,2012.18,31638.2,20121.8,11516.4,36.4
100060,2025-09-07,Goat Meat (kg),Livestock,Lagos,Online Order,1,3655.1,2452.9,3655.1,2452.9,1202.2,32.9
100061,2025-09-07,"Ram (Live, per head)",Livestock,Oyo,Distributor,1,96338.87,61013.86,96338.87,61013.86,35325.01,36.7
100062,2025-09-07,"Cattle (Live, per head)",Livestock,Lagos,Direct Farm Sale,1,290479.67,215065.32,290479.67,215065.32,75414.35,26.0
100063,2025-09-07,Feed - Broiler Starter (bag),Feed,Oyo,Direct Farm Sale,6,16676.83,12175.5,100060.98,73053.0,27007.98,27.0
100064,2025-09-07,Layer Eggs (Crate),Poultry,Ogun,Direct Farm Sale,14,2915.15,1841.33,40812.1,25778.62,15033.48,36.8
100065,2025-09-07,Layer Eggs (Crate),Poultry,Ibadan Metro,Direct Farm Sale,1,2974.18,2262.93,2974.18,2262.93,711.25,23.9
100066,2025-09-07,Broiler Chicken,Poultry,Ibadan Metro,Online Order,5,3196.52,2024.55,15982.6,10122.75,5859.85,36.7
100067,2025-09-07,"Cattle (Live, per head)",Livestock,Lagos,Retail Market,1,275053.56,185067.15,275053.56,185067.15,89986.41,32.7
100068,2025-09-07,"Ram (Live, per head)",Livestock,Ogun,Direct Farm Sale,1,96037.96,60408.7,96037.96,60408.7,35629.26,37.1
100069,2025-09-08,"Ram (Live, per head)",Livestock,Oyo,Online Order,1,97116.66,65226.45,97116.66,65226.45,31890.21,32.8
100070,2025-09-08,Feed - Layer Mash (bag),Feed,Ogun,Online Order,5,13437.64,9684.56,67188.2,48422.8,18765.4,27.9
100071,2025-09-08,"Ram (Live, per head)",Livestock,Lagos,Online Order,1,98857.02,67368.32,98857.02,67368.32,31488.7,31.9
100072,2025-09-08,Feed - Broiler Starter (bag),Feed,Lagos,Direct Farm Sale,2,16518.88,11446.02,33037.76,22892.04,10145.72,30.7
100073,2025-09-08,Goat Meat (kg),Livestock,Lagos,Direct Farm Sale,1,3929.54,2680.43,3929.54,2680.43,1249.11,31.8
100074,2025-09-08,Goat Meat (kg),Livestock,Ogun,Direct Farm Sale,1,4091.35,3182.23,4091.35,3182.23,909.12,22.2
100075,2025-09-08,"Ram (Live, per head)",Livestock,Lagos,Direct Farm Sale,1,95328.4,68297.57,95328.4,68297.57,27030.83,28.4
100076,2025-09-08,Feed - Layer Mash (bag),Feed,Lagos,Online Order,8,14140.56,10726.61,113124.48,85812.88,27311.6,24.1
100077,2025-09-08,"Cattle (Live, per head)",Livestock,Lagos,Distributor,1,294304.72,205088.96,294304.72,205088.96,89215.76,30.3
100078,2025-09-09,Feed - Broiler Starter (bag),Feed,Lagos,Direct Farm Sale,13,16363.0,12762.4,212719.0,165911.2,46807.8,22.0
100079,2025-09-09,"Ram (Live, per head)",Livestock,Ibadan Metro,Distributor,1,99217.59,73533.43,99217.59,73533.43,25684.16,25.9
100080,2025-09-09,Turkey,Poultry,Lagos,Distributor,1,4636.61,3140.4,4636.61,3140.4,1496.21,32.3
100081,2025-09-09,Feed - Layer Mash (bag),Feed,Lagos,Distributor,7,13966.63,9347.09,97766.41,65429.63,32336.78,33.1
100082,2025-09-09,Broiler Chicken,Poultry,Ogun,Distributor,4,3051.97,2260.97,12207.88,9043.88,3164.0,25.9
100083,2025-09-09,"Cattle (Live, per head)",Livestock,Ogun,Retail Market,1,298874.7,214819.84,298874.7,214819.84,84054.86,28.1
100084,2025-09-09,Layer Eggs (Crate),Poultry,Lagos,Distributor,9,2819.24,2155.78,25373.16,19402.02,5971.14,23.5
100085,2025-09-10,"Cattle (Live, per head)",Livestock,Lagos,Distributor,1,278432.9,196563.09,278432.9,196563.09,81869.81,29.4
100086,2025-09-10,Feed - Broiler Starter (bag),Feed,Lagos,Direct Farm Sale,6,15421.52,11774.12,92529.12,70644.72,21884.4,23.7
100087,2025-09-10,Turkey,Poultry,Ogun,Online Order,2,4405.95,3311.01,8811.9,6622.02,2189.88,24.9
100088,2025-09-10,Layer Eggs (Crate),Poultry,Lagos,Direct Farm Sale,1,2843.24,2076.88,2843.24,2076.88,766.36,27.0
100089,2025-09-10,Broiler Chicken,Poultry,Lagos,Distributor,4,3252.85,2098.47,13011.4,8393.88,4617.52,35.5
100090,2025-09-10,Feed - Layer Mash (bag),Feed,Lagos,Direct Farm Sale,7,12899.24,8762.14,90294.68,61334.98,28959.7,32.1
100091,2025-09-10,"Ram (Live, per head)",Livestock,Lagos,Retail Market,1,96811.13,71183.54,96811.13,71183.54,25627.59,26.5
100092,2025-09-10,Layer Eggs (Crate),Poultry,Lagos,Direct Farm Sale,8,2985.86,2095.68,23886.88,16765.44,7121.44,29.8
100093,2025-09-10,Feed - Broiler Starter (bag),Feed,Lagos,Retail Market,1,16210.87,10523.54,16210.87,10523.54,5687.33,35.1
100094,2025-09-10,Feed - Broiler Starter (bag),Feed,Lagos,Direct Farm Sale,1,14966.32,11411.59,14966.32,11411.59,3554.73,23.8
100095,2025-09-10,Goat Meat (kg),Livestock,Ogun,Distributor,1,3930.52,2738.52,3930.52,2738.52,1192.0,30.3
100096,2025-09-10,Goat Meat (kg),Livestock,Ogun,Distributor,1,3978.25,2741.27,3978.25,2741.27,1236.98,31.1
100097,2025-09-10,Turkey,Poultry,Lagos,Direct Farm Sale,5,4566.47,3072.58,22832.35,15362.9,7469.45,32.7
100098,2025-09-11,"Ram (Live, per head)",Livestock,Lagos,Retail Market,1,91240.89,64226.45,91240.89,64226.45,27014.44,29.6
100099,2025-09-11,Feed - Layer Mash (bag),Feed,Oyo,Online Order,9,13528.41,10373.36,121755.69,93360.24,28395.45,23.3
100100,2025-09-11,Feed - Broiler Starter (bag),Feed,Oyo,Direct Farm Sale,7,15846.88,11274.39,110928.16,78920.73,32007.43,28.9
100101,2025-09-11,Turkey,Poultry,Oyo,Direct Farm Sale,2,4690.91,3058.1,9381.82,6116.2,3265.62,34.8
100102,2025-09-11,Goat Meat (kg),Livestock,Lagos,Direct Farm Sale,1,3911.65,2605.87,3911.65,2605.87,1305.78,33.4
100103,2025-09-11,"Cattle (Live, per head)",Livestock,Ogun,Online Order,1,277671.38,198540.95,277671.38,198540.95,79130.43,28.5
100104,2025-09-12,Broiler Chicken,Poultry,Oyo,Distributor,1,3426.68,2579.94,3426.68,2579.94,846.74,24.7
100105,2025-09-12,Goat Meat (kg),Livestock,Lagos,Online Order,1,4099.52,2676.17,4099.52,2676.17,1423.35,34.7
100106,2025-09-12,Turkey,Poultry,Lagos,Retail Market,2,4767.47,3062.45,9534.94,6124.9,3410.04,35.8
100107,2025-09-12,Broiler Chicken,Poultry,Oyo,Retail Market,3,3303.64,2528.14,9910.92,7584.42,2326.5,23.5
100108,2025-09-12,Broiler Chicken,Poultry,Ibadan Metro,Distributor,6,3222.68,2192.43,19336.08,13154.58,6181.5,32.0
100109,2025-09-12,Turkey,Poultry,Ogun,Distributor,17,4504.02,3175.77,76568.34,53988.09,22580.25,29.5
100110,2025-09-12,"Cattle (Live, per head)",Livestock,Ibadan Metro,Distributor,1,270255.09,208197.26,270255.09,208197.26,62057.83,23.0
100111,2025-09-13,Feed - Broiler Starter (bag),Feed,Lagos,Direct Farm Sale,1,15720.37,11644.73,15720.37,11644.73,4075.64,25.9
100112,2025-09-13,"Ram (Live, per head)",Livestock,Oyo,Direct Farm Sale,1,100703.69,64490.46,100703.69,64490.46,36213.23,36.0
100113,2025-09-13,Feed - Layer Mash (bag),Feed,Ogun,Distributor,3,13566.93,9639.05,40700.79,28917.15,11783.64,29.0
100114,2025-09-13,Layer Eggs (Crate),Poultry,Lagos,Direct Farm Sale,1,3004.81,1936.71,3004.81,1936.71,1068.1,35.5
100115,2025-09-13,"Cattle (Live, per head)",Livestock,Lagos,Direct Farm Sale,1,275318.97,202683.02,275318.97,202683.02,72635.95,26.4
100116,2025-09-13,Turkey,Poultry,Ibadan Metro,Distributor,13,4814.66,3529.91,62590.58,45888.83,16701.75,26.7
100117,2025-09-13,Layer Eggs (Crate),Poultry,Oyo,Distributor,2,2964.85,1995.77,5929.7,3991.54,1938.16,32.7
100118,2025-09-13,"Ram (Live, per head)",Livestock,Ogun,Distributor,1,95177.68,59844.1,95177.68,59844.1,35333.58,37.1
100119,2025-09-13,Broiler Chicken,Poultry,Lagos,Retail Market,3,3087.54,2119.04,9262.62,6357.12,2905.5,31.4
100120,2025-09-13,Layer Eggs (Crate),Poultry,Ibadan Metro,Direct Farm Sale,11,2741.76,1898.37,30159.36,20882.07,9277.29,30.8
100121,2025-09-14,"Cattle (Live, per head)",Livestock,Ogun,Online Order,1,282707.2,200487.14,282707.2,200487.14,82220.06,29.1
100122,2025-09-14,"Ram (Live, per head)",Livestock,Lagos,Online Order,1,96452.11,68988.49,96452.11,68988.49,27463.62,28.5
100123,2025-09-14,"Cattle (Live, per head)",Livestock,Lagos,Distributor,1,295112.07,199466.81,295112.07,199466.81,95645.26,32.4
100124,2025-09-14,"Ram (Live, per head)",Livestock,Lagos,Direct Farm Sale,1,96080.03,68252.81,96080.03,68252.81,27827.22,29.0
100125,2025-09-14,Layer Eggs (Crate),Poultry,Lagos,Retail Market,2,2854.54,1989.54,5709.08,3979.08,1730.0,30.3
100126,2025-09-14,"Ram (Live, per head)",Livestock,Ogun,Direct Farm Sale,1,92496.81,70102.01,92496.81,70102.01,22394.8,24.2
100127,2025-09-14,Feed - Broiler Starter (bag),Feed,Oyo,Direct Farm Sale,5,16697.55,12596.07,83487.75,62980.35,20507.4,24.6
100128,2025-09-14,Feed - Broiler Starter (bag),Feed,Oyo,Direct Farm Sale,9,15190.62,11051.22,136715.58,99460.98,37254.6,27.2
100129,2025-09-15,Layer Eggs (Crate),Poultry,Oyo,Online Order,11,3003.77,1930.14,33041.47,21231.54,11809.93,35.7
100130,2025-09-15,"Ram (Live, per head)",Livestock,Lagos,Retail Market,1,90410.57,57291.49,90410.57,57291.49,33119.08,36.6
100131,2025-09-15,Feed - Broiler Starter (bag),Feed,Oyo,Direct Farm Sale,6,16020.5,11737.12,96123.0,70422.72,25700.28,26.7
100132,2025-09-15,Broiler Chicken,Poultry,Oyo,Direct Farm Sale,2,3151.51,2268.66,6303.02,4537.32,1765.7,28.0
100133,2025-09-15,"Ram (Live, per head)",Livestock,Oyo,Distributor,1,100884.19,66091.42,100884.19,66091.42,34792.77,34.5
100134,2025-09-16,"Ram (Live, per head)",Livestock,Oyo,Online Order,1,96742.27,62637.59,96742.27,62637.59,34104.68,35.3
100135,2025-09-16,Feed - Broiler Starter (bag),Feed,Oyo,Retail Market,1,16367.33,11452.13,16367.33,11452.13,4915.2,30.0
100136,2025-09-16,Layer Eggs (Crate),Poultry,Ogun,Retail Market,3,2709.83,2070.32,8129.49,6210.96,1918.53,23.6
100137,2025-09-16,"Ram (Live, per head)",Livestock,Oyo,Direct Farm Sale,1,98068.76,68558.28,98068.76,68558.28,29510.48,30.1
100138,2025-09-16,Layer Eggs (Crate),Poultry,Ibadan Metro,Distributor,7,2848.89,1787.72,19942.23,12514.04,7428.19,37.2
100139,2025-09-16,Goat Meat (kg),Livestock,Ibadan Metro,Direct Farm Sale,1,3654.63,2716.7,3654.63,2716.7,937.93,25.7
100140,2025-09-16,"Cattle (Live, per head)",Livestock,Lagos,Direct Farm Sale,1,278946.49,205038.88,278946.49,205038.88,73907.61,26.5
100141,2025-09-16,Feed - Broiler Starter (bag),Feed,Ogun,Online Order,7,15699.77,10411.86,109898.39,72883.02,37015.37,33.7
100142,2025-09-16,Feed - Broiler Starter (bag),Feed,Lagos,Distributor,4,15725.18,11251.29,62900.72,45005.16,17895.56,28.5
100143,2025-09-16,Layer Eggs (Crate),Poultry,Ogun,Distributor,1,2916.59,2087.48,2916.59,2087.48,829.11,28.4
100144,2025-09-16,Broiler Chicken,Poultry,Lagos,Retail Market,1,3328.99,2208.93,3328.99,2208.93,1120.06,33.6
100145,2025-09-16,Layer Eggs (Crate),Poultry,Lagos,Direct Farm Sale,8,2691.56,2081.4,21532.48,16651.2,4881.28,22.7
100146,2025-09-17,Feed - Layer Mash (bag),Feed,Ibadan Metro,Direct Farm Sale,10,14110.98,8825.45,141109.8,88254.5,52855.3,37.5
100147,2025-09-17,"Cattle (Live, per head)",Livestock,Oyo,Direct Farm Sale,1,270196.27,185755.08,270196.27,185755.08,84441.19,31.3
100148,2025-09-17,"Cattle (Live, per head)",Livestock,Ogun,Retail Market,1,296741.6,199130.25,296741.6,199130.25,97611.35,32.9
100149,2025-09-17,Layer Eggs (Crate),Poultry,Ogun,Retail Market,9,2982.14,2101.94,26839.26,18917.46,7921.8,29.5
100150,2025-09-17,Layer Eggs (Crate),Poultry,Oyo,Direct Farm Sale,1,2856.37,2132.33,2856.37,2132.33,724.04,25.3
100151,2025-09-17,Broiler Chicken,Poultry,Oyo,Distributor,10,3232.17,2516.1,32321.7,25161.0,7160.7,22.2
100152,2025-09-17,Turkey,Poultry,Ibadan Metro,Distributor,4,4742.29,3697.42,18969.16,14789.68,4179.48,22.0
100153,2025-09-17,Goat Meat (kg),Livestock,Lagos,Direct Farm Sale,1,3628.57,2528.26,3628.57,2528.26,1100.31,30.3
100154,2025-09-17,Feed - Layer Mash (bag),Feed,Ibadan Metro,Online Order,3,13805.69,9086.97,41417.07,27260.91,14156.16,34.2
100155,2025-09-17,Turkey,Poultry,Ogun,Direct Farm Sale,13,4693.6,3352.44,61016.8,43581.72,17435.08,28.6
100156,2025-09-17,Feed - Layer Mash (bag),Feed,Lagos,Online Order,1,12914.52,9969.93,12914.52,9969.93,2944.59,22.8
100157,2025-09-18,"Cattle (Live, per head)",Livestock,Lagos,Direct Farm Sale,1,279980.9,175233.64,279980.9,175233.64,104747.26,37.4
100158,2025-09-18,Layer Eggs (Crate),Poultry,Oyo,Distributor,1,3012.75,2293.93,3012.75,2293.93,718.82,23.9
100159,2025-09-18,Turkey,Poultry,Ogun,Distributor,5,4857.86,3709.41,24289.3,18547.05,5742.25,23.6
100160,2025-09-18,Turkey,Poultry,Lagos,Direct Farm Sale,1,4621.87,3294.53,4621.87,3294.53,1327.34,28.7
100161,2025-09-18,Layer Eggs (Crate),Poultry,Ogun,Distributor,4,2970.2,1858.36,11880.8,7433.44,4447.36,37.4
100162,2025-09-18,Feed - Broiler Starter (bag),Feed,Oyo,Distributor,1,15548.03,10566.91,15548.03,10566.91,4981.12,32.0
100163,2025-09-18,Feed - Layer Mash (bag),Feed,Oyo,Direct Farm Sale,7,14074.93,10959.25,98524.51,76714.75,21809.76,22.1
100164,2025-09-18,Layer Eggs (Crate),Poultry,Ogun,Distributor,5,2960.18,2000.04,14800.9,10000.2,4800.7,32.4
100165,2025-09-18,Layer Eggs (Crate),Poultry,Ogun,Retail Market,5,2749.28,1773.77,13746.4,8868.85,4877.55,35.5
100166,2025-09-18,Feed - Layer Mash (bag),Feed,Oyo,Retail Market,15,13707.12,9855.12,205606.8,147826.8,57780.0,28.1
100167,2025-09-18,"Ram (Live, per head)",Livestock,Lagos,Retail Market,1,102122.24,70921.36,102122.24,70921.36,31200.88,30.6
100168,2025-09-18,Feed - Broiler Starter (bag),Feed,Oyo,Direct Farm Sale,11,16373.2,12331.34,180105.2,135644.74,44460.46,24.7
100169,2025-09-19,Goat Meat (kg),Livestock,Lagos,Retail Market,1,3673.45,2444.07,3673.45,2444.07,1229.38,33.5
100170,2025-09-19,Feed - Broiler Starter (bag),Feed,Ogun,Online Order,2,15999.73,12305.78,31999.46,24611.56,7387.9,23.1
100171,2025-09-19,"Cattle (Live, per head)",Livestock,Oyo,Direct Farm Sale,1,294059.09,226886.48,294059.09,226886.48,67172.61,22.8
100172,2025-09-19,Feed - Layer Mash (bag),Feed,Oyo,Direct Farm Sale,1,12618.49,9583.06,12618.49,9583.06,3035.43,24.1
100173,2025-09-19,Feed - Layer Mash (bag),Feed,Oyo,Distributor,9,13559.98,9239.47,122039.82,83155.23,38884.59,31.9
100174,2025-09-19,"Cattle (Live, per head)",Livestock,Lagos,Direct Farm Sale,1,283786.61,210928.71,283786.61,210928.71,72857.9,25.7
100175,2025-09-20,"Ram (Live, per head)",Livestock,Lagos,Direct Farm Sale,1,100970.47,78163.04,100970.47,78163.04,22807.43,22.6
100176,2025-09-20,Feed - Layer Mash (bag),Feed,Ogun,Online Order,16,13010.55,10114.88,208168.8,161838.08,46330.72,22.3
100177,2025-09-20,Broiler Chicken,Poultry,Lagos,Retail Market,1,3123.35,2370.31,3123.35,2370.31,753.04,24.1
100178,2025-09-20,Feed - Layer Mash (bag),Feed,Lagos,Retail Market,7,14030.56,10442.32,98213.92,73096.24,25117.68,25.6
100179,2025-09-20,Feed - Broiler Starter (bag),Feed,Ogun,Distributor,4,16330.55,10893.57,65322.2,43574.28,21747.92,33.3
100180,2025-09-20,Feed - Layer Mash (bag),Feed,Ibadan Metro,Distributor,4,12754.82,9307.07,51019.28,37228.28,13791.0,27.0
100181,2025-09-20,Goat Meat (kg),Livestock,Ogun,Direct Farm Sale,1,3689.45,2672.06,3689.45,2672.06,1017.39,27.6
100182,2025-09-20,"Cattle (Live, per head)",Livestock,Lagos,Retail Market,1,277297.18,192121.25,277297.18,192121.25,85175.93,30.7
100183,2025-09-20,Feed - Layer Mash (bag),Feed,Ogun,Retail Market,12,14212.58,10453.38,170550.96,125440.56,45110.4,26.4
100184,2025-09-20,Turkey,Poultry,Oyo,Retail Market,2,4852.2,3118.99,9704.4,6237.98,3466.42,35.7
100185,2025-09-21,"Cattle (Live, per head)",Livestock,Lagos,Retail Market,1,279023.97,187374.4,279023.97,187374.4,91649.57,32.8
100186,2025-09-21,"Ram (Live, per head)",Livestock,Ogun,Retail Market,1,100137.25,65291.89,100137.25,65291.89,34845.36,34.8
100187,2025-09-21,Feed - Broiler Starter (bag),Feed,Oyo,Online Order,4,16530.89,11822.3,66123.56,47289.2,18834.36,28.5
100188,2025-09-21,Broiler Chicken,Poultry,Lagos,Distributor,8,3373.52,2274.81,26988.16,18198.48,8789.68,32.6
100189,2025-09-21,Turkey,Poultry,Ogun,Retail Market,6,4624.52,3447.18,27747.12,20683.08,7064.04,25.5
100190,2025-09-21,Feed - Broiler Starter (bag),Feed,Ogun,Distributor,3,15222.91,9826.8,45668.73,29480.4,16188.33,35.4
100191,2025-09-21,"Cattle (Live, per head)",Livestock,Ogun,Direct Farm Sale,1,283114.65,209245.69,283114.65,209245.69,73868.96,26.1
100192,2025-09-22,Turkey,Poultry,Lagos,Online Order,5,4655.44,3035.01,23277.2,15175.05,8102.15,34.8
100193,2025-09-22,Turkey,Poultry,Lagos,Distributor,7,4837.06,3320.86,33859.42,23246.02,10613.4,31.3
100194,2025-09-22,Feed - Layer Mash (bag),Feed,Ogun,Direct Farm Sale,3,14234.81,8916.93,42704.43,26750.79,15953.64,37.4
100195,2025-09-22,Broiler Chicken,Poultry,Ogun,Distributor,4,3288.65,2456.2,13154.6,9824.8,3329.8,25.3
100196,2025-09-23,Layer Eggs (Crate),Poultry,Lagos,Retail Market,3,2749.99,2088.12,8249.97,6264.36,1985.61,24.1
100197,2025-09-23,Feed - Broiler Starter (bag),Feed,Ogun,Distributor,2,15353.98,10499.78,30707.96,20999.56,9708.4,31.6
100198,2025-09-23,Turkey,Poultry,Oyo,Direct Farm Sale,6,4351.56,3373.2,26109.36,20239.2,5870.16,22.5
100199,2025-09-23,Feed - Broiler Starter (bag),Feed,Lagos,Retail Market,1,16073.82,10340.63,16073.82,10340.63,5733.19,35.7
100200,2025-09-23,"Cattle (Live, per head)",Livestock,Lagos,Distributor,1,291726.69,188667.44,291726.69,188667.44,103059.25,35.3
100201,2025-09-23,Goat Meat (kg),Livestock,Lagos,Distributor,1,3786.23,2670.66,3786.23,2670.66,1115.57,29.5
100202,2025-09-23,Broiler Chicken,Poultry,Oyo,Retail Market,2,3401.2,2220.76,6802.4,4441.52,2360.88,34.7
100203,2025-09-23,"Cattle (Live, per head)",Livestock,Lagos,Online Order,1,270476.14,177697.67,270476.14,177697.67,92778.47,34.3
100204,2025-09-23,Layer Eggs (Crate),Poultry,Lagos,Direct Farm Sale,8,2844.63,1782.59,22757.04,14260.72,8496.32,37.3
100205,2025-09-23,Layer Eggs (Crate),Poultry,Lagos,Distributor,4,2666.33,1790.98,10665.32,7163.92,3501.4,32.8
100206,2025-09-23,"Cattle (Live, per head)",Livestock,Ibadan Metro,Distributor,1,284767.7,198829.21,284767.7,198829.21,85938.49,30.2
100207,2025-09-23,Goat Meat (kg),Livestock,Ogun,Direct Farm Sale,1,3675.56,2363.26,3675.56,2363.26,1312.3,35.7
100208,2025-09-24,Feed - Broiler Starter (bag),Feed,Ibadan Metro,Retail Market,21,15874.78,9919.55,333370.38,208310.55,125059.83,37.5
100209,2025-09-24,Feed - Layer Mash (bag),Feed,Oyo,Online Order,4,14154.54,10648.38,56618.16,42593.52,14024.64,24.8
100210,2025-09-24,Feed - Layer Mash (bag),Feed,Oyo,Direct Farm Sale,9,13513.0,9974.65,121617.0,89771.85,31845.15,26.2
100211,2025-09-24,Goat Meat (kg),Livestock,Oyo,Retail Market,1,4067.28,2806.86,4067.28,2806.86,1260.42,31.0
100212,2025-09-24,Layer Eggs (Crate),Poultry,Oyo,Retail Market,4,2957.69,1890.65,11830.76,7562.6,4268.16,36.1
100213,2025-09-24,"Ram (Live, per head)",Livestock,Ogun,Direct Farm Sale,1,98033.08,70345.9,98033.08,70345.9,27687.18,28.2
100214,2025-09-24,Feed - Broiler Starter (bag),Feed,Oyo,Distributor,1,15182.95,9591.24,15182.95,9591.24,5591.71,36.8
100215,2025-09-24,Turkey,Poultry,Lagos,Distributor,3,4567.76,3228.39,13703.28,9685.17,4018.11,29.3
100216,2025-09-24,Feed - Layer Mash (bag),Feed,Ogun,Distributor,1,13455.66,9651.27,13455.66,9651.27,3804.39,28.3
100217,2025-09-25,Feed - Broiler Starter (bag),Feed,Lagos,Online Order,1,15490.85,10092.98,15490.85,10092.98,5397.87,34.8
100218,2025-09-25,"Cattle (Live, per head)",Livestock,Lagos,Direct Farm Sale,1,283685.73,187540.17,283685.73,187540.17,96145.56,33.9
100219,2025-09-25,Goat Meat (kg),Livestock,Oyo,Online Order,1,3872.94,2761.21,3872.94,2761.21,1111.73,28.7
100220,2025-09-25,Layer Eggs (Crate),Poultry,Ogun,Retail Market,3,2725.94,1987.15,8177.82,5961.45,2216.37,27.1
100221,2025-09-25,Layer Eggs (Crate),Poultry,Oyo,Direct Farm Sale,1,2948.8,1915.65,2948.8,1915.65,1033.15,35.0
100222,2025-09-25,Feed - Layer Mash (bag),Feed,Ibadan Metro,Distributor,5,13626.49,10522.71,68132.45,52613.55,15518.9,22.8
100223,2025-09-26,Turkey,Poultry,Ibadan Metro,Retail Market,12,4723.49,3041.7,56681.88,36500.4,20181.48,35.6
100224,2025-09-26,Feed - Broiler Starter (bag),Feed,Ogun,Direct Farm Sale,7,14917.86,9305.5,104425.02,65138.5,39286.52,37.6
100225,2025-09-26,Feed - Broiler Starter (bag),Feed,Lagos,Direct Farm Sale,6,15242.62,10991.8,91455.72,65950.8,25504.92,27.9
100226,2025-09-26,Broiler Chicken,Poultry,Ogun,Online Order,6,3218.13,2364.73,19308.78,14188.38,5120.4,26.5
100227,2025-09-26,Broiler Chicken,Poultry,Lagos,Direct Farm Sale,2,3290.94,2217.95,6581.88,4435.9,2145.98,32.6
100228,2025-09-26,Feed - Layer Mash (bag),Feed,Lagos,Direct Farm Sale,3,13149.17,8298.54,39447.51,24895.62,14551.89,36.9
100229,2025-09-26,Broiler Chicken,Poultry,Oyo,Retail Market,2,3306.31,2193.35,6612.62,4386.7,2225.92,33.7
100230,2025-09-26,Feed - Layer Mash (bag),Feed,Oyo,Distributor,1,14245.94,10341.05,14245.94,10341.05,3904.89,27.4
100231,2025-09-26,Broiler Chicken,Poultry,Ibadan Metro,Distributor,1,3281.48,2081.12,3281.48,2081.12,1200.36,36.6
100232,2025-09-26,"Cattle (Live, per head)",Livestock,Lagos,Retail Market,1,273313.99,192886.55,273313.99,192886.55,80427.44,29.4
100233,2025-09-26,"Ram (Live, per head)",Livestock,Ogun,Retail Market,1,90265.27,60309.52,90265.27,60309.52,29955.75,33.2
100234,2025-09-26,Feed - Layer Mash (bag),Feed,Oyo,Online Order,3,14243.1,10943.26,42729.3,32829.78,9899.52,23.2
100235,2025-09-27,Broiler Chicken,Poultry,Lagos,Direct Farm Sale,1,3184.07,2095.91,3184.07,2095.91,1088.16,34.2
100236,2025-09-27,Broiler Chicken,Poultry,Lagos,Distributor,18,3422.47,2394.07,61604.46,43093.26,18511.2,30.0
100237,2025-09-27,"Ram (Live, per head)",Livestock,Ogun,Distributor,1,96439.24,65920.91,96439.24,65920.91,30518.33,31.6
100238,2025-09-27,"Ram (Live, per head)",Livestock,Oyo,Distributor,1,101092.98,76718.36,101092.98,76718.36,24374.62,24.1
100239,2025-09-27,"Ram (Live, per head)",Livestock,Lagos,Direct Farm Sale,1,100361.38,67403.15,100361.38,67403.15,32958.23,32.8
100240,2025-09-27,Turkey,Poultry,Lagos,Retail Market,1,4845.73,3501.31,4845.73,3501.31,1344.42,27.7
100241,2025-09-27,Broiler Chicken,Poultry,Ogun,Distributor,9,3413.68,2569.45,30723.12,23125.05,7598.07,24.7
100242,2025-09-27,Goat Meat (kg),Livestock,Ogun,Distributor,1,3682.31,2499.57,3682.31,2499.57,1182.74,32.1
100243,2025-09-27,Feed - Layer Mash (bag),Feed,Ogun,Distributor,1,12677.22,9435.35,12677.22,9435.35,3241.87,25.6
100244,2025-09-27,Feed - Layer Mash (bag),Feed,Ogun,Direct Farm Sale,1,13639.66,8928.06,13639.66,8928.06,4711.6,34.5
100245,2025-09-28,Turkey,Poultry,Oyo,Distributor,6,4526.75,2930.19,27160.5,17581.14,9579.36,35.3
100246,2025-09-28,"Cattle (Live, per head)",Livestock,Lagos,Direct Farm Sale,1,269678.07,197066.12,269678.07,197066.12,72611.95,26.9
100247,2025-09-28,Goat Meat (kg),Livestock,Ogun,Distributor,1,3723.07,2446.89,3723.07,2446.89,1276.18,34.3
100248,2025-09-28,Goat Meat (kg),Livestock,Lagos,Distributor,1,3870.36,2663.48,3870.36,2663.48,1206.88,31.2
100249,2025-09-28,Feed - Broiler Starter (bag),Feed,Oyo,Distributor,1,15695.49,10175.42,15695.49,10175.42,5520.07,35.2
100250,2025-09-28,"Cattle (Live, per head)",Livestock,Oyo,Direct Farm Sale,1,281148.01,195964.4,281148.01,195964.4,85183.61,30.3
100251,2025-09-29,"Cattle (Live, per head)",Livestock,Oyo,Distributor,1,273238.37,172232.71,273238.37,172232.71,101005.66,37.0
100252,2025-09-29,Feed - Layer Mash (bag),Feed,Ogun,Direct Farm Sale,12,13319.71,10057.67,159836.52,120692.04,39144.48,24.5
100253,2025-09-29,Feed - Broiler Starter (bag),Feed,Lagos,Direct Farm Sale,3,16358.53,11749.56,49075.59,35248.68,13826.91,28.2
100254,2025-09-29,"Cattle (Live, per head)",Livestock,Ogun,Retail Market,1,298471.88,230675.05,298471.88,230675.05,67796.83,22.7
100255,2025-09-29,Broiler Chicken,Poultry,Oyo,Online Order,7,3071.79,2041.82,21502.53,14292.74,7209.79,33.5
100256,2025-09-30,Goat Meat (kg),Livestock,Ogun,Retail Market,1,3630.59,2300.22,3630.59,2300.22,1330.37,36.6
100257,2025-09-30,Turkey,Poultry,Oyo,Retail Market,1,4855.08,3764.24,4855.08,3764.24,1090.84,22.5
100258,2025-09-30,Turkey,Poultry,Oyo,Direct Farm Sale,5,4332.56,3143.92,21662.8,15719.6,5943.2,27.4
100259,2025-09-30,Feed - Layer Mash (bag),Feed,Lagos,Distributor,5,13882.74,9113.39,69413.7,45566.95,23846.75,34.4
100260,2025-09-30,Broiler Chicken,Poultry,Lagos,Direct Farm Sale,2,3295.85,2451.92,6591.7,4903.84,1687.86,25.6
100261,2025-09-30,Broiler Chicken,Poultry,Ibadan Metro,Distributor,3,3237.32,2066.16,9711.96,6198.48,3513.48,36.2
100262,2025-09-30,"Cattle (Live, per head)",Livestock,Ogun,Retail Market,1,295548.42,214283.41,295548.42,214283.41,81265.01,27.5
100263,2025-09-30,Turkey,Poultry,Lagos,Direct Farm Sale,8,4330.58,2945.48,34644.64,23563.84,11080.8,32.0
100264,2025-09-30,"Ram (Live, per head)",Livestock,Ogun,Distributor,1,101896.99,67100.27,101896.99,67100.27,34796.72,34.1
100265,2025-09-30,"Cattle (Live, per head)",Livestock,Oyo,Distributor,1,266462.82,207517.64,266462.82,207517.64,58945.18,22.1
100266,2025-09-30,Layer Eggs (Crate),Poultry,Oyo,Retail Market,8,2966.49,2184.99,23731.92,17479.92,6252.0,26.3
100267,2025-10-01,Feed - Broiler Starter (bag),Feed,Lagos,Online Order,2,15028.61,10141.03,30057.22,20282.06,9775.16,32.5
100268,2025-10-01,"Ram (Live, per head)",Livestock,Ogun,Distributor,1,96528.25,64443.01,96528.25,64443.01,32085.24,33.2
100269,2025-10-01,Turkey,Poultry,Lagos,Direct Farm Sale,9,4369.1,3098.94,39321.9,27890.46,11431.44,29.1
100270,2025-10-01,Feed - Layer Mash (bag),Feed,Lagos,Retail Market,5,12710.19,8696.81,63550.95,43484.05,20066.9,31.6
100271,2025-10-01,Layer Eggs (Crate),Poultry,Oyo,Direct Farm Sale,8,2910.39,1979.19,23283.12,15833.52,7449.6,32.0
100272,2025-10-01,Broiler Chicken,Poultry,Ogun,Direct Farm Sale,7,3054.69,2258.39,21382.83,15808.73,5574.1,26.1
100273,2025-10-01,"Ram (Live, per head)",Livestock,Oyo,Retail Market,1,98627.98,73083.56,98627.98,73083.56,25544.42,25.9
100274,2025-10-01,Feed - Broiler Starter (bag),Feed,Lagos,Retail Market,15,15919.98,10867.68,238799.7,163015.2,75784.5,31.7
100275,2025-10-02,Feed - Broiler Starter (bag),Feed,Ibadan Metro,Distributor,3,14934.84,9798.3,44804.52,29394.9,15409.62,34.4
100276,2025-10-02,Goat Meat (kg),Livestock,Ogun,Distributor,1,3944.18,2953.4,3944.18,2953.4,990.78,25.1
100277,2025-10-02,Feed - Broiler Starter (bag),Feed,Lagos,Direct Farm Sale,2,16228.04,12611.05,32456.08,25222.1,7233.98,22.3
100278,2025-10-02,"Cattle (Live, per head)",Livestock,Oyo,Distributor,1,282023.24,181508.02,282023.24,181508.02,100515.22,35.6
100279,2025-10-02,Feed - Broiler Starter (bag),Feed,Oyo,Direct Farm Sale,6,14851.02,11111.81,89106.12,66670.86,22435.26,25.2
100280,2025-10-02,Feed - Broiler Starter (bag),Feed,Ibadan Metro,Online Order,1,16308.09,10419.79,16308.09,10419.79,5888.3,36.1
100281,2025-10-03,Broiler Chicken,Poultry,Ogun,Distributor,16,3426.72,2553.64,54827.52,40858.24,13969.28,25.5
100282,2025-10-03,Turkey,Poultry,Lagos,Distributor,7,4557.54,2923.01,31902.78,20461.07,11441.71,35.9
100283,2025-10-03,Goat Meat (kg),Livestock,Lagos,Online Order,1,4059.24,3023.46,4059.24,3023.46,1035.78,25.5
100284,2025-10-03,Goat Meat (kg),Livestock,Oyo,Direct Farm Sale,1,3911.45,2509.81,3911.45,2509.81,1401.64,35.8
100285,2025-10-03,Feed - Broiler Starter (bag),Feed,Ibadan Metro,Distributor,3,15294.73,9591.86,45884.19,28775.58,17108.61,37.3
100286,2025-10-03,"Ram (Live, per head)",Livestock,Lagos,Direct Farm Sale,1,101442.24,66944.51,101442.24,66944.51,34497.73,34.0
100287,2025-10-03,Feed - Layer Mash (bag),Feed,Lagos,Distributor,3,14003.9,8786.61,42011.7,26359.83,15651.87,37.3
100288,2025-10-03,Layer Eggs (Crate),Poultry,Ibadan Metro,Direct Farm Sale,8,2809.64,1898.12,22477.12,15184.96,7292.16,32.4
100289,2025-10-04,Broiler Chicken,Poultry,Ogun,Online Order,6,3180.72,2129.15,19084.32,12774.9,6309.42,33.1
100290,2025-10-04,"Cattle (Live, per head)",Livestock,Ogun,Direct Farm Sale,1,270153.09,174032.48,270153.09,174032.48,96120.61,35.6
100291,2025-10-04,Goat Meat (kg),Livestock,Lagos,Direct Farm Sale,1,3947.77,2791.93,3947.77,2791.93,1155.84,29.3
100292,2025-10-04,Feed - Layer Mash (bag),Feed,Lagos,Retail Market,2,12656.12,9280.15,25312.24,18560.3,6751.94,26.7
100293,2025-10-04,Broiler Chicken,Poultry,Ogun,Direct Farm Sale,4,3316.3,2170.77,13265.2,8683.08,4582.12,34.5
100294,2025-10-04,Layer Eggs (Crate),Poultry,Ogun,Distributor,10,2858.54,1800.78,28585.4,18007.8,10577.6,37.0
100295,2025-10-04,Feed - Layer Mash (bag),Feed,Lagos,Distributor,4,13841.46,10251.78,55365.84,41007.12,14358.72,25.9
100296,2025-10-04,Feed - Broiler Starter (bag),Feed,Lagos,Retail Market,3,16280.61,10164.75,48841.83,30494.25,18347.58,37.6
100297,2025-10-05,Feed - Layer Mash (bag),Feed,Lagos,Direct Farm Sale,1,13839.84,9192.85,13839.84,9192.85,4646.99,33.6
100298,2025-10-05,Feed - Layer Mash (bag),Feed,Oyo,Distributor,5,13734.16,10258.34,68670.8,51291.7,17379.1,25.3
100299,2025-10-05,Feed - Broiler Starter (bag),Feed,Ogun,Distributor,9,15065.24,10562.66,135587.16,95063.94,40523.22,29.9
100300,2025-10-05,Goat Meat (kg),Livestock,Lagos,Direct Farm Sale,1,4051.63,2936.16,4051.63,2936.16,1115.47,27.5
100301,2025-10-05,Turkey,Poultry,Lagos,Retail Market,6,4853.22,3385.89,29119.32,20315.34,8803.98,30.2
100302,2025-10-05,"Cattle (Live, per head)",Livestock,Oyo,Distributor,1,272040.76,207052.52,272040.76,207052.52,64988.24,23.9
100303,2025-10-05,Feed - Broiler Starter (bag),Feed,Oyo,Direct Farm Sale,3,14912.46,9315.79,44737.38,27947.37,16790.01,37.5
100304,2025-10-05,Goat Meat (kg),Livestock,Ibadan Metro,Direct Farm Sale,1,3971.36,2581.33,3971.36,2581.33,1390.03,35.0
100305,2025-10-05,"Cattle (Live, per head)",Livestock,Lagos,Online Order,1,270031.24,200237.13,270031.24,200237.13,69794.11,25.8
100306,2025-10-05,Broiler Chicken,Poultry,Ogun,Retail Market,1,3384.55,2279.95,3384.55,2279.95,1104.6,32.6
100307,2025-10-06,Feed - Broiler Starter (bag),Feed,Lagos,Distributor,2,15888.16,11726.91,31776.32,23453.82,8322.5,26.2
100308,2025-10-06,Goat Meat (kg),Livestock,Ogun,Online Order,1,3923.27,2511.69,3923.27,2511.69,1411.58,36.0
100309,2025-10-06,Feed - Layer Mash (bag),Feed,Lagos,Direct Farm Sale,7,12664.7,8008.3,88652.9,56058.1,32594.8,36.8
100310,2025-10-06,Turkey,Poultry,Oyo,Distributor,2,4399.4,2750.99,8798.8,5501.98,3296.82,37.5
100311,2025-10-06,"Cattle (Live, per head)",Livestock,Lagos,Retail Market,1,298891.33,196443.97,298891.33,196443.97,102447.36,34.3
100312,2025-10-06,Broiler Chicken,Poultry,Oyo,Retail Market,6,3273.14,2087.47,19638.84,12524.82,7114.02,36.2
100313,2025-10-07,Feed - Layer Mash (bag),Feed,Lagos,Online Order,4,13754.39,10668.51,55017.56,42674.04,12343.52,22.4
100314,2025-10-07,Turkey,Poultry,Oyo,Retail Market,2,4439.69,3372.57,8879.38,6745.14,2134.24,24.0
100315,2025-10-07,"Ram (Live, per head)",Livestock,Lagos,Direct Farm Sale,1,91094.01,60316.12,91094.01,60316.12,30777.89,33.8
100316,2025-10-07,Broiler Chicken,Poultry,Lagos,Distributor,10,3288.92,2195.55,32889.2,21955.5,10933.7,33.2
100317,2025-10-07,Turkey,Poultry,Oyo,Distributor,3,4853.58,3495.49,14560.74,10486.47,4074.27,28.0
100318,2025-10-07,Feed - Layer Mash (bag),Feed,Lagos,Retail Market,8,13540.1,10551.39,108320.8,84411.12,23909.68,22.1
100319,2025-10-07,Layer Eggs (Crate),Poultry,Ogun,Retail Market,2,2928.47,2061.76,5856.94,4123.52,1733.42,29.6
100320,2025-10-07,Broiler Chicken,Poultry,Oyo,Retail Market,2,3277.86,2303.65,6555.72,4607.3,1948.42,29.7
100321,2025-10-08,"Ram (Live, per head)",Livestock,Oyo,Online Order,1,93494.04,62028.71,93494.04,62028.71,31465.33,33.7
100322,2025-10-08,Turkey,Poultry,Oyo,Distributor,2,4486.68,3120.93,8973.36,6241.86,2731.5,30.4
100323,2025-10-08,Layer Eggs (Crate),Poultry,Ibadan Metro,Direct Farm Sale,5,2823.97,1964.57,14119.85,9822.85,4297.0,30.4
100324,2025-10-08,Turkey,Poultry,Lagos,Distributor,2,4278.22,2657.74,8556.44,5315.48,3240.96,37.9
100325,2025-10-08,"Ram (Live, per head)",Livestock,Oyo,Retail Market,1,93768.61,65080.7,93768.61,65080.7,28687.91,30.6
100326,2025-10-08,"Cattle (Live, per head)",Livestock,Ogun,Distributor,1,276682.99,212791.52,276682.99,212791.52,63891.47,23.1
100327,2025-10-08,Broiler Chicken,Poultry,Oyo,Direct Farm Sale,2,3261.15,2481.01,6522.3,4962.02,1560.28,23.9
100328,2025-10-08,Feed - Broiler Starter (bag),Feed,Ibadan Metro,Distributor,3,15574.98,10680.75,46724.94,32042.25,14682.69,31.4
100329,2025-10-08,Feed - Layer Mash (bag),Feed,Oyo,Direct Farm Sale,2,13049.18,9590.48,26098.36,19180.96,6917.4,26.5
100330,2025-10-08,Goat Meat (kg),Livestock,Oyo,Direct Farm Sale,1,3924.38,2465.22,3924.38,2465.22,1459.16,37.2
100331,2025-10-08,"Cattle (Live, per head)",Livestock,Oyo,Direct Farm Sale,1,297726.16,196818.15,297726.16,196818.15,100908.01,33.9
100332,2025-10-08,Goat Meat (kg),Livestock,Lagos,Distributor,1,3792.31,2424.67,3792.31,2424.67,1367.64,36.1
100333,2025-10-08,Goat Meat (kg),Livestock,Ogun,Online Order,1,3809.69,2557.72,3809.69,2557.72,1251.97,32.9
100334,2025-10-09,Turkey,Poultry,Oyo,Direct Farm Sale,1,4521.89,3017.03,4521.89,3017.03,1504.86,33.3
100335,2025-10-09,Broiler Chicken,Poultry,Lagos,Distributor,5,3376.14,2209.91,16880.7,11049.55,5831.15,34.5
100336,2025-10-09,Broiler Chicken,Poultry,Oyo,Retail Market,7,3319.95,2204.65,23239.65,15432.55,7807.1,33.6
100337,2025-10-09,"Cattle (Live, per head)",Livestock,Ibadan Metro,Distributor,1,274236.56,186886.28,274236.56,186886.28,87350.28,31.9
100338,2025-10-09,Turkey,Poultry,Ibadan Metro,Online Order,9,4461.54,3181.76,40153.86,28635.84,11518.02,28.7
100339,2025-10-09,Layer Eggs (Crate),Poultry,Lagos,Direct Farm Sale,7,2720.29,1967.64,19042.03,13773.48,5268.55,27.7
100340,2025-10-09,"Cattle (Live, per head)",Livestock,Ibadan Metro,Direct Farm Sale,1,271622.33,169511.79,271622.33,169511.79,102110.54,37.6
100341,2025-10-09,Goat Meat (kg),Livestock,Lagos,Direct Farm Sale,1,3800.62,2837.83,3800.62,2837.83,962.79,25.3
100342,2025-10-09,Turkey,Poultry,Lagos,Retail Market,1,4488.29,2939.21,4488.29,2939.21,1549.08,34.5
100343,2025-10-10,Turkey,Poultry,Lagos,Online Order,1,4361.03,3044.24,4361.03,3044.24,1316.79,30.2
100344,2025-10-10,Layer Eggs (Crate),Poultry,Ibadan Metro,Direct Farm Sale,1,2774.28,2114.4,2774.28,2114.4,659.88,23.8
100345,2025-10-10,Goat Meat (kg),Livestock,Ibadan Metro,Distributor,1,3653.57,2619.98,3653.57,2619.98,1033.59,28.3
100346,2025-10-10,"Ram (Live, per head)",Livestock,Lagos,Distributor,1,94453.78,66743.42,94453.78,66743.42,27710.36,29.3
100347,2025-10-10,"Cattle (Live, per head)",Livestock,Ogun,Distributor,1,272127.47,179469.48,272127.47,179469.48,92657.99,34.0
100348,2025-10-10,Feed - Broiler Starter (bag),Feed,Ogun,Direct Farm Sale,2,15415.03,10223.86,30830.06,20447.72,10382.34,33.7
100349,2025-10-10,Goat Meat (kg),Livestock,Oyo,Distributor,1,3691.63,2633.16,3691.63,2633.16,1058.47,28.7
100350,2025-10-10,"Cattle (Live, per head)",Livestock,Ogun,Distributor,1,283795.88,194197.15,283795.88,194197.15,89598.73,31.6
100351,2025-10-11,Feed - Layer Mash (bag),Feed,Ogun,Distributor,2,13326.73,8343.56,26653.46,16687.12,9966.34,37.4
100352,2025-10-11,"Ram (Live, per head)",Livestock,Oyo,Direct Farm Sale,1,100058.5,66451.13,100058.5,66451.13,33607.37,33.6
100353,2025-10-11,"Ram (Live, per head)",Livestock,Lagos,Online Order,1,101971.53,71590.58,101971.53,71590.58,30380.95,29.8
100354,2025-10-11,Goat Meat (kg),Livestock,Ogun,Retail Market,1,3900.83,2652.77,3900.83,2652.77,1248.06,32.0
100355,2025-10-11,"Ram (Live, per head)",Livestock,Ogun,Distributor,1,95699.11,68608.69,95699.11,68608.69,27090.42,28.3
100356,2025-10-11,Feed - Layer Mash (bag),Feed,Ogun,Distributor,11,13524.18,10453.75,148765.98,114991.25,33774.73,22.7
100357,2025-10-11,Feed - Layer Mash (bag),Feed,Ibadan Metro,Direct Farm Sale,3,13638.58,9107.16,40915.74,27321.48,13594.26,33.2
100358,2025-10-11,Feed - Layer Mash (bag),Feed,Lagos,Retail Market,7,14129.67,8803.61,98907.69,61625.27,37282.42,37.7
100359,2025-10-11,Feed - Layer Mash (bag),Feed,Ibadan Metro,Direct Farm Sale,19,13946.77,9390.99,264988.63,178428.81,86559.82,32.7
100360,2025-10-11,Turkey,Poultry,Lagos,Online Order,7,4858.73,3538.57,34011.11,24769.99,9241.12,27.2
100361,2025-10-12,Feed - Broiler Starter (bag),Feed,Ibadan Metro,Retail Market,4,15289.87,11161.38,61159.48,44645.52,16513.96,27.0
100362,2025-10-12,Feed - Broiler Starter (bag),Feed,Lagos,Direct Farm Sale,2,16353.59,12618.92,32707.18,25237.84,7469.34,22.8
100363,2025-10-12,Layer Eggs (Crate),Poultry,Lagos,Direct Farm Sale,6,2966.52,1954.22,17799.12,11725.32,6073.8,34.1
100364,2025-10-12,"Ram (Live, per head)",Livestock,Lagos,Direct Farm Sale,1,95225.49,63538.87,95225.49,63538.87,31686.62,33.3
100365,2025-10-12,Goat Meat (kg),Livestock,Ibadan Metro,Distributor,1,3754.5,2419.3,3754.5,2419.3,1335.2,35.6
100366,2025-10-12,Feed - Broiler Starter (bag),Feed,Ibadan Metro,Direct Farm Sale,8,15180.45,10967.51,121443.6,87740.08,33703.52,27.8
100367,2025-10-12,"Cattle (Live, per head)",Livestock,Lagos,Direct Farm Sale,1,281146.82,208481.0,281146.82,208481.0,72665.82,25.8
100368,2025-10-12,Feed - Broiler Starter (bag),Feed,Ibadan Metro,Distributor,19,14869.63,10843.21,282522.97,206020.99,76501.98,27.1
100369,2025-10-12,"Ram (Live, per head)",Livestock,Ogun,Direct Farm Sale,1,93994.45,62637.45,93994.45,62637.45,31357.0,33.4
100370,2025-10-13,Broiler Chicken,Poultry,Ogun,Direct Farm Sale,1,3334.1,2100.58,3334.1,2100.58,1233.52,37.0
100371,2025-10-13,Layer Eggs (Crate),Poultry,Ogun,Direct Farm Sale,5,2868.14,2194.56,14340.7,10972.8,3367.9,23.5
100372,2025-10-13,Turkey,Poultry,Ogun,Online Order,1,4838.99,3069.31,4838.99,3069.31,1769.68,36.6
100373,2025-10-13,Layer Eggs (Crate),Poultry,Lagos,Distributor,2,2978.69,1933.91,5957.38,3867.82,2089.56,35.1
100374,2025-10-13,Feed - Layer Mash (bag),Feed,Oyo,Online Order,6,13051.46,8311.93,78308.76,49871.58,28437.18,36.3
100375,2025-10-13,Turkey,Poultry,Ogun,Online Order,4,4781.5,3328.66,19126.0,13314.64,5811.36,30.4
100376,2025-10-13,Feed - Layer Mash (bag),Feed,Lagos,Distributor,2,12629.84,9381.58,25259.68,18763.16,6496.52,25.7
100377,2025-10-13,Layer Eggs (Crate),Poultry,Ogun,Distributor,2,2925.9,2117.28,5851.8,4234.56,1617.24,27.6
100378,2025-10-13,Goat Meat (kg),Livestock,Oyo,Distributor,1,3755.88,2410.73,3755.88,2410.73,1345.15,35.8
100379,2025-10-13,Feed - Broiler Starter (bag),Feed,Lagos,Retail Market,12,14830.18,10813.44,177962.16,129761.28,48200.88,27.1
100380,2025-10-13,"Ram (Live, per head)",Livestock,Lagos,Retail Market,1,93799.51,63675.4,93799.51,63675.4,30124.11,32.1
100381,2025-10-14,"Cattle (Live, per head)",Livestock,Ibadan Metro,Retail Market,1,291821.54,225232.34,291821.54,225232.34,66589.2,22.8
100382,2025-10-14,Turkey,Poultry,Ogun,Distributor,21,4546.5,3519.72,95476.5,73914.12,21562.38,22.6
100383,2025-10-14,Goat Meat (kg),Livestock,Lagos,Retail Market,1,3834.73,2541.51,3834.73,2541.51,1293.22,33.7
100384,2025-10-14,Broiler Chicken,Poultry,Ogun,Online Order,8,3047.05,2264.64,24376.4,18117.12,6259.28,25.7
100385,2025-10-14,"Ram (Live, per head)",Livestock,Lagos,Direct Farm Sale,1,95628.52,64370.99,95628.52,64370.99,31257.53,32.7
100386,2025-10-15,Turkey,Poultry,Lagos,Direct Farm Sale,2,4712.25,3278.83,9424.5,6557.66,2866.84,30.4
100387,2025-10-15,Layer Eggs (Crate),Poultry,Ogun,Online Order,2,2853.19,2066.15,5706.38,4132.3,1574.08,27.6
100388,2025-10-15,Turkey,Poultry,Ibadan Metro,Direct Farm Sale,1,4357.37,3135.5,4357.37,3135.5,1221.87,28.0
100389,2025-10-15,Layer Eggs (Crate),Poultry,Lagos,Direct Farm Sale,2,2851.92,2181.8,5703.84,4363.6,1340.24,23.5
100390,2025-10-15,Feed - Broiler Starter (bag),Feed,Oyo,Direct Farm Sale,7,15672.03,11948.71,109704.21,83640.97,26063.24,23.8
100391,2025-10-15,Broiler Chicken,Poultry,Oyo,Retail Market,4,3246.88,2132.68,12987.52,8530.72,4456.8,34.3
100392,2025-10-15,Feed - Layer Mash (bag),Feed,Lagos,Online Order,1,13706.23,8665.05,13706.23,8665.05,5041.18,36.8
100393,2025-10-15,"Ram (Live, per head)",Livestock,Ibadan Metro,Retail Market,1,97003.72,62940.79,97003.72,62940.79,34062.93,35.1
100394,2025-10-15,Feed - Broiler Starter (bag),Feed,Lagos,Direct Farm Sale,5,15146.51,9511.96,75732.55,47559.8,28172.75,37.2
100395,2025-10-15,Broiler Chicken,Poultry,Lagos,Online Order,1,3085.3,2227.11,3085.3,2227.11,858.19,27.8
100396,2025-10-15,Goat Meat (kg),Livestock,Ibadan Metro,Retail Market,1,4094.69,2911.84,4094.69,2911.84,1182.85,28.9
100397,2025-10-15,Turkey,Poultry,Ogun,Online Order,7,4400.16,2737.27,30801.12,19160.89,11640.23,37.8
100398,2025-10-15,"Ram (Live, per head)",Livestock,Lagos,Retail Market,1,101462.55,78226.84,101462.55,78226.84,23235.71,22.9
100399,2025-10-15,Turkey,Poultry,Lagos,Online Order,4,4727.26,3165.37,18909.04,12661.48,6247.56,33.0
100400,2025-10-16,Feed - Broiler Starter (bag),Feed,Oyo,Direct Farm Sale,6,14783.78,10303.44,88702.68,61820.64,26882.04,30.3
100401,2025-10-16,"Cattle (Live, per head)",Livestock,Lagos,Online Order,1,271598.58,211416.09,271598.58,211416.09,60182.49,22.2
100402,2025-10-16,Layer Eggs (Crate),Poultry,Ibadan Metro,Direct Farm Sale,2,2934.55,2250.65,5869.1,4501.3,1367.8,23.3
100403,2025-10-16,Broiler Chicken,Poultry,Ogun,Direct Farm Sale,12,3452.86,2354.2,41434.32,28250.4,13183.92,31.8
100404,2025-10-16,"Cattle (Live, per head)",Livestock,Lagos,Retail Market,1,274750.52,178767.76,274750.52,178767.76,95982.76,34.9
100405,2025-10-16,"Cattle (Live, per head)",Livestock,Ibadan Metro,Direct Farm Sale,1,296569.31,219545.38,296569.31,219545.38,77023.93,26.0
100406,2025-10-16,"Cattle (Live, per head)",Livestock,Lagos,Direct Farm Sale,1,297550.44,197929.54,297550.44,197929.54,99620.9,33.5
100407,2025-10-16,"Cattle (Live, per head)",Livestock,Ogun,Retail Market,1,286505.02,197230.14,286505.02,197230.14,89274.88,31.2
100408,2025-10-16,Goat Meat (kg),Livestock,Oyo,Direct Farm Sale,1,3784.41,2887.71,3784.41,2887.71,896.7,23.7
100409,2025-10-16,Feed - Broiler Starter (bag),Feed,Oyo,Distributor,8,15822.18,10327.35,126577.44,82618.8,43958.64,34.7
100410,2025-10-16,Feed - Layer Mash (bag),Feed,Lagos,Direct Farm Sale,7,12895.34,8141.93,90267.38,56993.51,33273.87,36.9
100411,2025-10-16,Goat Meat (kg),Livestock,Lagos,Retail Market,1,3837.24,2437.45,3837.24,2437.45,1399.79,36.5
100412,2025-10-16,Turkey,Poultry,Oyo,Direct Farm Sale,10,4363.68,3317.01,43636.8,33170.1,10466.7,24.0
100413,2025-10-16,Feed - Broiler Starter (bag),Feed,Lagos,Direct Farm Sale,8,15514.53,10976.1,124116.24,87808.8,36307.44,29.3
100414,2025-10-17,Goat Meat (kg),Livestock,Lagos,Direct Farm Sale,1,3970.3,3075.77,3970.3,3075.77,894.53,22.5
100415,2025-10-17,"Ram (Live, per head)",Livestock,Oyo,Distributor,1,95386.91,70724.72,95386.91,70724.72,24662.19,25.9
100416,2025-10-17,Layer Eggs (Crate),Poultry,Lagos,Direct Farm Sale,9,2795.02,2136.26,25155.18,19226.34,5928.84,23.6
100417,2025-10-17,"Ram (Live, per head)",Livestock,Lagos,Direct Farm Sale,1,99666.66,70443.93,99666.66,70443.93,29222.73,29.3
100418,2025-10-17,Feed - Layer Mash (bag),Feed,Oyo,Direct Farm Sale,7,13757.19,8897.76,96300.33,62284.32,34016.01,35.3
100419,2025-10-17,Feed - Broiler Starter (bag),Feed,Ogun,Direct Farm Sale,3,16637.66,11998.17,49912.98,35994.51,13918.47,27.9
100420,2025-10-17,Turkey,Poultry,Oyo,Direct Farm Sale,20,4572.7,3105.25,91454.0,62105.0,29349.0,32.1
100421,2025-10-18,Feed - Broiler Starter (bag),Feed,Ogun,Direct Farm Sale,11,16551.74,10304.62,182069.14,113350.82,68718.32,37.7
100422,2025-10-18,Turkey,Poultry,Oyo,Direct Farm Sale,4,4687.35,3518.98,18749.4,14075.92,4673.48,24.9
100423,2025-10-18,Broiler Chicken,Poultry,Ogun,Distributor,6,3168.48,2208.94,19010.88,13253.64,5757.24,30.3
100424,2025-10-18,Feed - Layer Mash (bag),Feed,Lagos,Retail Market,1,14024.85,9048.32,14024.85,9048.32,4976.53,35.5
100425,2025-10-18,Goat Meat (kg),Livestock,Ogun,Direct Farm Sale,1,4013.31,2810.29,4013.31,2810.29,1203.02,30.0
100426,2025-10-18,Feed - Layer Mash (bag),Feed,Lagos,Distributor,10,13969.14,10686.03,139691.4,106860.3,32831.1,23.5
100427,2025-10-18,Layer Eggs (Crate),Poultry,Lagos,Direct Farm Sale,1,3000.34,2066.89,3000.34,2066.89,933.45,31.1
100428,2025-10-18,Goat Meat (kg),Livestock,Lagos,Direct Farm Sale,1,3997.18,2661.01,3997.18,2661.01,1336.17,33.4
100429,2025-10-18,Feed - Layer Mash (bag),Feed,Lagos,Retail Market,3,12892.47,8780.17,38677.41,26340.51,12336.9,31.9
100430,2025-10-18,Broiler Chicken,Poultry,Ogun,Retail Market,1,3352.39,2132.86,3352.39,2132.86,1219.53,36.4
100431,2025-10-18,"Cattle (Live, per head)",Livestock,Lagos,Online Order,1,299296.21,186113.43,299296.21,186113.43,113182.78,37.8
100432,2025-10-18,"Ram (Live, per head)",Livestock,Ogun,Direct Farm Sale,1,102237.86,65240.9,102237.86,65240.9,36996.96,36.2
100433,2025-10-18,"Ram (Live, per head)",Livestock,Ogun,Direct Farm Sale,1,97439.96,63600.08,97439.96,63600.08,33839.88,34.7
100434,2025-10-18,Broiler Chicken,Poultry,Lagos,Direct Farm Sale,7,3240.94,2148.63,22686.58,15040.41,7646.17,33.7
100435,2025-10-18,Goat Meat (kg),Livestock,Ogun,Retail Market,1,3681.11,2632.94,3681.11,2632.94,1048.17,28.5
100436,2025-10-18,Turkey,Poultry,Lagos,Online Order,3,4639.83,3358.13,13919.49,10074.39,3845.1,27.6
100437,2025-10-18,"Ram (Live, per head)",Livestock,Ogun,Retail Market,1,94859.76,67368.04,94859.76,67368.04,27491.72,29.0
100438,2025-10-18,Broiler Chicken,Poultry,Oyo,Distributor,4,3152.78,2256.21,12611.12,9024.84,3586.28,28.4
100439,2025-10-19,Goat Meat (kg),Livestock,Ibadan Metro,Distributor,1,4074.19,2669.72,4074.19,2669.72,1404.47,34.5
100440,2025-10-19,Broiler Chicken,Poultry,Oyo,Direct Farm Sale,2,3420.45,2358.21,6840.9,4716.42,2124.48,31.1
100441,2025-10-19,Feed - Broiler Starter (bag),Feed,Oyo,Distributor,4,16732.47,10987.67,66929.88,43950.68,22979.2,34.3
100442,2025-10-19,Turkey,Poultry,Ogun,Direct Farm Sale,3,4788.32,3534.72,14364.96,10604.16,3760.8,26.2
100443,2025-10-19,Feed - Broiler Starter (bag),Feed,Lagos,Distributor,6,14880.45,11395.25,89282.7,68371.5,20911.2,23.4
100444,2025-10-19,Turkey,Poultry,Ogun,Retail Market,14,4831.62,3643.81,67642.68,51013.34,16629.34,24.6
100445,2025-10-19,"Ram (Live, per head)",Livestock,Lagos,Distributor,1,93748.81,69925.65,93748.81,69925.65,23823.16,25.4
100446,2025-10-19,Turkey,Poultry,Ogun,Retail Market,9,4580.05,2889.8,41220.45,26008.2,15212.25,36.9
100447,2025-10-19,Layer Eggs (Crate),Poultry,Ogun,Direct Farm Sale,3,2993.15,2267.53,8979.45,6802.59,2176.86,24.2
100448,2025-10-19,Layer Eggs (Crate),Poultry,Oyo,Distributor,10,2750.41,2015.7,27504.1,20157.0,7347.1,26.7
100449,2025-10-19,Layer Eggs (Crate),Poultry,Ogun,Distributor,6,2842.03,2119.06,17052.18,12714.36,4337.82,25.4
100450,2025-10-19,Layer Eggs (Crate),Poultry,Lagos,Direct Farm Sale,3,2680.45,1872.5,8041.35,5617.5,2423.85,30.1
100451,2025-10-20,Layer Eggs (Crate),Poultry,Ibadan Metro,Retail Market,8,2953.33,1834.83,23626.64,14678.64,8948.0,37.9
100452,2025-10-20,Goat Meat (kg),Livestock,Lagos,Distributor,1,3874.56,2623.47,3874.56,2623.47,1251.09,32.3
100453,2025-10-20,Feed - Broiler Starter (bag),Feed,Lagos,Retail Market,7,15160.36,11362.57,106122.52,79537.99,26584.53,25.1
100454,2025-10-20,"Cattle (Live, per head)",Livestock,Lagos,Distributor,1,284405.08,219156.68,284405.08,219156.68,65248.4,22.9
100455,2025-10-20,Broiler Chicken,Poultry,Lagos,Online Order,6,3407.9,2300.89,20447.4,13805.34,6642.06,32.5
100456,2025-10-20,Feed - Layer Mash (bag),Feed,Oyo,Distributor,1,12815.19,9326.68,12815.19,9326.68,3488.51,27.2
100457,2025-10-20,"Cattle (Live, per head)",Livestock,Oyo,Distributor,1,283813.3,195472.83,283813.3,195472.83,88340.47,31.1
100458,2025-10-20,Feed - Broiler Starter (bag),Feed,Lagos,Retail Market,5,14893.36,9279.47,74466.8,46397.35,28069.45,37.7
100459,2025-10-21,"Ram (Live, per head)",Livestock,Lagos,Direct Farm Sale,1,93554.87,63028.65,93554.87,63028.65,30526.22,32.6
100460,2025-10-21,"Ram (Live, per head)",Livestock,Ibadan Metro,Distributor,1,97127.45,66680.33,97127.45,66680.33,30447.12,31.3
100461,2025-10-21,"Ram (Live, per head)",Livestock,Ibadan Metro,Retail Market,1,95336.53,70603.86,95336.53,70603.86,24732.67,25.9
100462,2025-10-21,"Cattle (Live, per head)",Livestock,Ogun,Distributor,1,297687.18,214640.5,297687.18,214640.5,83046.68,27.9
100463,2025-10-21,Feed - Layer Mash (bag),Feed,Ibadan Metro,Retail Market,15,14141.25,9761.07,212118.75,146416.05,65702.7,31.0
100464,2025-10-21,Feed - Layer Mash (bag),Feed,Oyo,Direct Farm Sale,9,13411.39,9214.74,120702.51,82932.66,37769.85,31.3
100465,2025-10-21,Broiler Chicken,Poultry,Ogun,Retail Market,4,3209.78,2444.89,12839.12,9779.56,3059.56,23.8
100466,2025-10-22,"Cattle (Live, per head)",Livestock,Lagos,Retail Market,1,298125.18,207080.6,298125.18,207080.6,91044.58,30.5
100467,2025-10-22,"Cattle (Live, per head)",Livestock,Lagos,Distributor,1,266564.5,177249.7,266564.5,177249.7,89314.8,33.5
100468,2025-10-22,Layer Eggs (Crate),Poultry,Lagos,Retail Market,9,2684.23,1942.66,24158.07,17483.94,6674.13,27.6
100469,2025-10-22,"Cattle (Live, per head)",Livestock,Ogun,Distributor,1,302007.53,198433.37,302007.53,198433.37,103574.16,34.3
100470,2025-10-22,"Cattle (Live, per head)",Livestock,Ogun,Direct Farm Sale,1,274012.05,185254.97,274012.05,185254.97,88757.08,32.4
100471,2025-10-22,Feed - Layer Mash (bag),Feed,Ogun,Retail Market,1,13174.03,8263.42,13174.03,8263.42,4910.61,37.3
100472,2025-10-22,Feed - Broiler Starter (bag),Feed,Oyo,Direct Farm Sale,7,14735.71,11032.91,103149.97,77230.37,25919.6,25.1
100473,2025-10-22,"Cattle (Live, per head)",Livestock,Lagos,Direct Farm Sale,1,287148.95,197607.68,287148.95,197607.68,89541.27,31.2
100474,2025-10-22,Layer Eggs (Crate),Poultry,Oyo,Retail Market,1,2848.55,1830.06,2848.55,1830.06,1018.49,35.8
100475,2025-10-22,"Cattle (Live, per head)",Livestock,Lagos,Retail Market,1,280072.97,203332.26,280072.97,203332.26,76740.71,27.4
100476,2025-10-22,Feed - Broiler Starter (bag),Feed,Ibadan Metro,Retail Market,5,16043.08,12229.01,80215.4,61145.05,19070.35,23.8
100477,2025-10-23,Turkey,Poultry,Ibadan Metro,Retail Market,6,4711.27,3341.55,28267.62,20049.3,8218.32,29.1
100478,2025-10-23,Layer Eggs (Crate),Poultry,Oyo,Distributor,7,2758.99,2016.21,19312.93,14113.47,5199.46,26.9
100479,2025-10-23,Feed - Broiler Starter (bag),Feed,Ogun,Retail Market,10,15790.38,11876.68,157903.8,118766.8,39137.0,24.8
100480,2025-10-23,"Cattle (Live, per head)",Livestock,Oyo,Direct Farm Sale,1,287669.04,190535.17,287669.04,190535.17,97133.87,33.8
100481,2025-10-23,Feed - Broiler Starter (bag),Feed,Oyo,Retail Market,6,16283.93,12044.48,97703.58,72266.88,25436.7,26.0
100482,2025-10-23,Broiler Chicken,Poultry,Ogun,Direct Farm Sale,4,3054.01,2323.09,12216.04,9292.36,2923.68,23.9
100483,2025-10-23,Turkey,Poultry,Oyo,Distributor,6,4392.62,3084.81,26355.72,18508.86,7846.86,29.8
100484,2025-10-23,Feed - Broiler Starter (bag),Feed,Ibadan Metro,Online Order,7,16427.42,10839.49,114991.94,75876.43,39115.51,34.0
100485,2025-10-24,"Cattle (Live, per head)",Livestock,Lagos,Online Order,1,298458.28,225595.25,298458.28,225595.25,72863.03,24.4
100486,2025-10-24,"Ram (Live, per head)",Livestock,Ogun,Direct Farm Sale,1,98331.12,64615.63,98331.12,64615.63,33715.49,34.3
100487,2025-10-24,"Ram (Live, per head)",Livestock,Lagos,Online Order,1,98971.06,66254.49,98971.06,66254.49,32716.57,33.1
100488,2025-10-24,Feed - Broiler Starter (bag),Feed,Oyo,Distributor,17,15907.68,11341.41,270430.56,192803.97,77626.59,28.7
100489,2025-10-24,"Cattle (Live, per head)",Livestock,Ogun,Retail Market,1,290610.96,186615.73,290610.96,186615.73,103995.23,35.8
100490,2025-10-24,Broiler Chicken,Poultry,Lagos,Distributor,10,3426.52,2311.89,34265.2,23118.9,11146.3,32.5
100491,2025-10-24,"Cattle (Live, per head)",Livestock,Ogun,Distributor,1,282127.36,197224.98,282127.36,197224.98,84902.38,30.1
100492,2025-10-24,"Ram (Live, per head)",Livestock,Oyo,Retail Market,1,97575.5,61329.68,97575.5,61329.68,36245.82,37.1
100493,2025-10-24,Turkey,Poultry,Oyo,Distributor,5,4651.89,3609.31,23259.45,18046.55,5212.9,22.4
100494,2025-10-24,"Ram (Live, per head)",Livestock,Lagos,Direct Farm Sale,1,98103.86,70231.41,98103.86,70231.41,27872.45,28.4
100495,2025-10-25,Feed - Layer Mash (bag),Feed,Lagos,Direct Farm Sale,7,13320.56,9720.17,93243.92,68041.19,25202.73,27.0
100496,2025-10-25,"Ram (Live, per head)",Livestock,Ogun,Distributor,1,95213.31,61373.6,95213.31,61373.6,33839.71,35.5
100497,2025-10-25,"Cattle (Live, per head)",Livestock,Oyo,Distributor,1,268859.51,198550.16,268859.51,198550.16,70309.35,26.2
100498,2025-10-25,Goat Meat (kg),Livestock,Lagos,Direct Farm Sale,1,3625.68,2493.5,3625.68,2493.5,1132.18,31.2
100499,2025-10-25,"Ram (Live, per head)",Livestock,Ibadan Metro,Distributor,1,93291.63,68150.35,93291.63,68150.35,25141.28,26.9
100500,2025-10-25,Turkey,Poultry,Lagos,Retail Market,4,4442.61,3324.95,17770.44,13299.8,4470.64,25.2
100501,2025-10-26,Feed - Broiler Starter (bag),Feed,Lagos,Retail Market,5,15341.69,10866.52,76708.45,54332.6,22375.85,29.2
100502,2025-10-26,Layer Eggs (Crate),Poultry,Lagos,Direct Farm Sale,4,2696.76,1744.26,10787.04,6977.04,3810.0,35.3
100503,2025-10-26,"Cattle (Live, per head)",Livestock,Ogun,Online Order,1,272043.19,173647.63,272043.19,173647.63,98395.56,36.2
100504,2025-10-26,Goat Meat (kg),Livestock,Lagos,Retail Market,1,3771.17,2518.77,3771.17,2518.77,1252.4,33.2
100505,2025-10-26,"Ram (Live, per head)",Livestock,Lagos,Retail Market,1,94765.11,64117.27,94765.11,64117.27,30647.84,32.3
100506,2025-10-26,"Cattle (Live, per head)",Livestock,Lagos,Direct Farm Sale,1,295448.46,190123.3,295448.46,190123.3,105325.16,35.6
100507,2025-10-26,Feed - Layer Mash (bag),Feed,Lagos,Online Order,1,12709.17,9566.07,12709.17,9566.07,3143.1,24.7
100508,2025-10-26,Turkey,Poultry,Ogun,Retail Market,5,4359.29,3137.99,21796.45,15689.95,6106.5,28.0
100509,2025-10-26,Feed - Layer Mash (bag),Feed,Lagos,Retail Market,1,14228.95,9722.83,14228.95,9722.83,4506.12,31.7
100510,2025-10-27,Feed - Broiler Starter (bag),Feed,Oyo,Online Order,3,15711.13,11605.22,47133.39,34815.66,12317.73,26.1
100511,2025-10-27,Feed - Broiler Starter (bag),Feed,Ogun,Retail Market,9,14960.78,11189.99,134647.02,100709.91,33937.11,25.2
100512,2025-10-27,Feed - Layer Mash (bag),Feed,Lagos,Distributor,3,14172.68,9185.01,42518.04,27555.03,14963.01,35.2
100513,2025-10-27,Turkey,Poultry,Oyo,Distributor,6,4510.62,3496.8,27063.72,20980.8,6082.92,22.5
100514,2025-10-27,Feed - Layer Mash (bag),Feed,Lagos,Retail Market,5,13018.15,8526.8,65090.75,42634.0,22456.75,34.5
100515,2025-10-27,"Cattle (Live, per head)",Livestock,Lagos,Online Order,1,287980.18,205116.26,287980.18,205116.26,82863.92,28.8
100516,2025-10-27,Feed - Broiler Starter (bag),Feed,Ogun,Direct Farm Sale,1,16332.43,11086.17,16332.43,11086.17,5246.26,32.1
100517,2025-10-27,Turkey,Poultry,Lagos,Retail Market,8,4422.8,3110.17,35382.4,24881.36,10501.04,29.7
100518,2025-10-27,Goat Meat (kg),Livestock,Lagos,Direct Farm Sale,1,3610.32,2741.34,3610.32,2741.34,868.98,24.1
100519,2025-10-28,"Ram (Live, per head)",Livestock,Ogun,Online Order,1,99954.79,71406.87,99954.79,71406.87,28547.92,28.6
100520,2025-10-28,"Cattle (Live, per head)",Livestock,Ogun,Retail Market,1,271623.52,189583.02,271623.52,189583.02,82040.5,30.2
100521,2025-10-28,Layer Eggs (Crate),Poultry,Ogun,Retail Market,4,2833.15,2062.26,11332.6,8249.04,3083.56,27.2
100522,2025-10-28,"Ram (Live, per head)",Livestock,Lagos,Direct Farm Sale,1,96555.67,69367.59,96555.67,69367.59,27188.08,28.2
100523,2025-10-28,Broiler Chicken,Poultry,Ogun,Retail Market,7,3300.55,2193.4,23103.85,15353.8,7750.05,33.5
100524,2025-10-28,Broiler Chicken,Poultry,Ogun,Retail Market,1,3341.43,2131.35,3341.43,2131.35,1210.08,36.2
100525,2025-10-28,Broiler Chicken,Poultry,Lagos,Online Order,3,3294.08,2147.66,9882.24,6442.98,3439.26,34.8
100526,2025-10-28,Turkey,Poultry,Oyo,Direct Farm Sale,2,4605.98,3540.45,9211.96,7080.9,2131.06,23.1
100527,2025-10-28,"Ram (Live, per head)",Livestock,Lagos,Direct Farm Sale,1,99505.41,68557.04,99505.41,68557.04,30948.37,31.1
100528,2025-10-29,Feed - Broiler Starter (bag),Feed,Lagos,Distributor,8,15364.86,11611.19,122918.88,92889.52,30029.36,24.4
100529,2025-10-29,Feed - Broiler Starter (bag),Feed,Ogun,Distributor,8,15643.07,11395.95,125144.56,91167.6,33976.96,27.2
100530,2025-10-29,Broiler Chicken,Poultry,Oyo,Distributor,4,3169.74,2137.66,12678.96,8550.64,4128.32,32.6
100531,2025-10-29,Feed - Layer Mash (bag),Feed,Lagos,Retail Market,6,13317.03,8679.49,79902.18,52076.94,27825.24,34.8
100532,2025-10-29,Turkey,Poultry,Lagos,Direct Farm Sale,5,4363.03,3380.88,21815.15,16904.4,4910.75,22.5
100533,2025-10-29,Broiler Chicken,Poultry,Ibadan Metro,Direct Farm Sale,6,3113.71,2077.1,18682.26,12462.6,6219.66,33.3
100534,2025-10-30,"Ram (Live, per head)",Livestock,Lagos,Direct Farm Sale,1,94475.03,65073.76,94475.03,65073.76,29401.27,31.1
100535,2025-10-30,Broiler Chicken,Poultry,Oyo,Direct Farm Sale,8,3088.64,2252.06,24709.12,18016.48,6692.64,27.1
100536,2025-10-30,Layer Eggs (Crate),Poultry,Lagos,Distributor,1,2859.0,2185.38,2859.0,2185.38,673.62,23.6
100537,2025-10-30,Feed - Layer Mash (bag),Feed,Lagos,Direct Farm Sale,4,12721.64,9664.41,50886.56,38657.64,12228.92,24.0
100538,2025-10-30,Feed - Layer Mash (bag),Feed,Oyo,Retail Market,1,13958.36,10443.04,13958.36,10443.04,3515.32,25.2
100539,2025-10-30,"Cattle (Live, per head)",Livestock,Lagos,Direct Farm Sale,1,279160.11,177196.01,279160.11,177196.01,101964.1,36.5
100540,2025-10-30,"Ram (Live, per head)",Livestock,Lagos,Direct Farm Sale,1,97596.37,72047.46,97596.37,72047.46,25548.91,26.2
100541,2025-10-30,Goat Meat (kg),Livestock,Ogun,Retail Market,1,3720.19,2826.22,3720.19,2826.22,893.97,24.0
100542,2025-10-30,"Cattle (Live, per head)",Livestock,Ogun,Direct Farm Sale,1,300154.69,225415.7,300154.69,225415.7,74738.99,24.9
100543,2025-10-30,Layer Eggs (Crate),Poultry,Oyo,Direct Farm Sale,2,2747.39,1766.82,5494.78,3533.64,1961.14,35.7
100544,2025-10-30,Feed - Broiler Starter (bag),Feed,Lagos,Retail Market,1,15234.51,10853.39,15234.51,10853.39,4381.12,28.8
100545,2025-10-30,"Ram (Live, per head)",Livestock,Ibadan Metro,Retail Market,1,91194.03,69612.18,91194.03,69612.18,21581.85,23.7
100546,2025-10-31,"Ram (Live, per head)",Livestock,Lagos,Retail Market,1,100421.75,68441.22,100421.75,68441.22,31980.53,31.8
100547,2025-10-31,Broiler Chicken,Poultry,Lagos,Direct Farm Sale,4,3322.55,2100.69,13290.2,8402.76,4887.44,36.8
100548,2025-10-31,Feed - Broiler Starter (bag),Feed,Ogun,Direct Farm Sale,1,16047.67,12443.11,16047.67,12443.11,3604.56,22.5
100549,2025-10-31,Broiler Chicken,Poultry,Ibadan Metro,Retail Market,2,3139.48,2203.81,6278.96,4407.62,1871.34,29.8
100550,2025-10-31,Feed - Broiler Starter (bag),Feed,Ibadan Metro,Retail Market,4,15537.46,11705.66,62149.84,46822.64,15327.2,24.7
100551,2025-10-31,Feed - Layer Mash (bag),Feed,Lagos,Distributor,2,14191.24,9806.98,28382.48,19613.96,8768.52,30.9
100552,2025-10-31,Goat Meat (kg),Livestock,Lagos,Retail Market,1,3935.13,2483.92,3935.13,2483.92,1451.21,36.9
100553,2025-10-31,Feed - Broiler Starter (bag),Feed,Lagos,Distributor,3,16155.88,10264.1,48467.64,30792.3,17675.34,36.5
100554,2025-11-01,Feed - Layer Mash (bag),Feed,Lagos,Retail Market,3,15757.86,10850.13,47273.58,32550.39,14723.19,31.1
100555,2025-11-01,Goat Meat (kg),Livestock,Ogun,Retail Market,1,4525.34,2811.55,4525.34,2811.55,1713.79,37.9
100556,2025-11-01,Feed - Layer Mash (bag),Feed,Oyo,Distributor,8,16086.97,11219.75,128695.76,89758.0,38937.76,30.3
100557,2025-11-01,Feed - Layer Mash (bag),Feed,Lagos,Online Order,4,16166.19,11469.99,64664.76,45879.96,18784.8,29.0
100558,2025-11-01,Layer Eggs (Crate),Poultry,Lagos,Online Order,4,3203.75,2330.33,12815.0,9321.32,3493.68,27.3
100559,2025-11-01,"Ram (Live, per head)",Livestock,Ogun,Direct Farm Sale,1,109216.44,78536.99,109216.44,78536.99,30679.45,28.1
100560,2025-11-01,"Cattle (Live, per head)",Livestock,Ibadan Metro,Direct Farm Sale,1,331163.72,240266.22,331163.72,240266.22,90897.5,27.4
100561,2025-11-01,Broiler Chicken,Poultry,Ogun,Direct Farm Sale,6,3527.43,2687.69,21164.58,16126.14,5038.44,23.8
100562,2025-11-02,Turkey,Poultry,Ogun,Direct Farm Sale,3,5539.53,3806.43,16618.59,11419.29,5199.3,31.3
100563,2025-11-02,"Ram (Live, per head)",Livestock,Lagos,Distributor,1,103925.08,78699.64,103925.08,78699.64,25225.44,24.3
100564,2025-11-02,Turkey,Poultry,Ogun,Direct Farm Sale,3,5122.4,3208.88,15367.2,9626.64,5740.56,37.4
100565,2025-11-02,Goat Meat (kg),Livestock,Lagos,Distributor,1,4155.05,2617.27,4155.05,2617.27,1537.78,37.0
100566,2025-11-02,Turkey,Poultry,Oyo,Direct Farm Sale,4,4950.27,3406.67,19801.08,13626.68,6174.4,31.2
100567,2025-11-02,"Ram (Live, per head)",Livestock,Lagos,Direct Farm Sale,1,108297.57,71639.07,108297.57,71639.07,36658.5,33.8
100568,2025-11-02,Feed - Layer Mash (bag),Feed,Ibadan Metro,Direct Farm Sale,8,15086.93,11455.66,120695.44,91645.28,29050.16,24.1
100569,2025-11-02,"Ram (Live, per head)",Livestock,Lagos,Direct Farm Sale,1,113200.86,85953.57,113200.86,85953.57,27247.29,24.1
100570,2025-11-02,"Cattle (Live, per head)",Livestock,Ogun,Direct Farm Sale,1,322416.8,227236.3,322416.8,227236.3,95180.5,29.5
100571,2025-11-02,Turkey,Poultry,Lagos,Direct Farm Sale,7,5409.98,3654.17,37869.86,25579.19,12290.67,32.5
100572,2025-11-02,Layer Eggs (Crate),Poultry,Lagos,Retail Market,4,3073.51,2098.3,12294.04,8393.2,3900.84,31.7
100573,2025-11-02,Feed - Broiler Starter (bag),Feed,Oyo,Direct Farm Sale,1,17191.28,12441.27,17191.28,12441.27,4750.01,27.6
100574,2025-11-03,"Ram (Live, per head)",Livestock,Oyo,Direct Farm Sale,1,104941.16,81729.55,104941.16,81729.55,23211.61,22.1
100575,2025-11-03,Layer Eggs (Crate),Poultry,Ogun,Direct Farm Sale,1,3206.27,2378.63,3206.27,2378.63,827.64,25.8
100576,2025-11-03,"Cattle (Live, per head)",Livestock,Ibadan Metro,Direct Farm Sale,1,325477.14,234051.39,325477.14,234051.39,91425.75,28.1
100577,2025-11-03,Goat Meat (kg),Livestock,Ogun,Distributor,1,4529.49,3171.16,4529.49,3171.16,1358.33,30.0
100578,2025-11-03,Feed - Layer Mash (bag),Feed,Lagos,Online Order,9,15959.3,9936.13,143633.7,89425.17,54208.53,37.7
100579,2025-11-03,Layer Eggs (Crate),Poultry,Lagos,Distributor,7,3140.63,2274.87,21984.41,15924.09,6060.32,27.6
100580,2025-11-03,"Cattle (Live, per head)",Livestock,Oyo,Direct Farm Sale,1,342132.44,217751.84,342132.44,217751.84,124380.6,36.4
100581,2025-11-04,Goat Meat (kg),Livestock,Ibadan Metro,Direct Farm Sale,1,4527.09,3279.23,4527.09,3279.23,1247.86,27.6
100582,2025-11-04,Feed - Broiler Starter (bag),Feed,Lagos,Direct Farm Sale,10,18634.96,12571.35,186349.6,125713.5,60636.1,32.5
100583,2025-11-04,Layer Eggs (Crate),Poultry,Ogun,Distributor,6,3070.66,2209.76,18423.96,13258.56,5165.4,28.0
100584,2025-11-04,Broiler Chicken,Poultry,Lagos,Direct Farm Sale,1,3579.55,2388.81,3579.55,2388.81,1190.74,33.3
100585,2025-11-04,Feed - Broiler Starter (bag),Feed,Oyo,Distributor,16,18305.6,11835.38,292889.6,189366.08,103523.52,35.3
100586,2025-11-04,Feed - Broiler Starter (bag),Feed,Ogun,Direct Farm Sale,5,19059.29,13056.65,95296.45,65283.25,30013.2,31.5
100587,2025-11-04,Feed - Layer Mash (bag),Feed,Ibadan Metro,Online Order,2,15969.66,12442.06,31939.32,24884.12,7055.2,22.1
100588,2025-11-04,Feed - Layer Mash (bag),Feed,Oyo,Retail Market,6,14423.19,9569.97,86539.14,57419.82,29119.32,33.6
100589,2025-11-04,Turkey,Poultry,Ibadan Metro,Direct Farm Sale,5,5213.85,3268.02,26069.25,16340.1,9729.15,37.3
100590,2025-11-04,Goat Meat (kg),Livestock,Lagos,Retail Market,1,4467.69,3014.96,4467.69,3014.96,1452.73,32.5
100591,2025-11-04,Feed - Layer Mash (bag),Feed,Oyo,Online Order,4,16185.74,11705.28,64742.96,46821.12,17921.84,27.7
100592,2025-11-04,Feed - Layer Mash (bag),Feed,Oyo,Direct Farm Sale,1,15826.33,10715.3,15826.33,10715.3,5111.03,32.3
100593,2025-11-04,Turkey,Poultry,Lagos,Direct Farm Sale,12,5364.48,4174.71,64373.76,50096.52,14277.24,22.2
100594,2025-11-05,Feed - Layer Mash (bag),Feed,Ibadan Metro,Distributor,5,15066.19,10078.06,75330.95,50390.3,24940.65,33.1
100595,2025-11-05,Broiler Chicken,Poultry,Ogun,Retail Market,14,3849.3,2797.13,53890.2,39159.82,14730.38,27.3
100596,2025-11-05,Goat Meat (kg),Livestock,Oyo,Retail Market,1,4579.55,3478.89,4579.55,3478.89,1100.66,24.0
100597,2025-11-05,"Ram (Live, per head)",Livestock,Ibadan Metro,Direct Farm Sale,1,114870.39,83601.78,114870.39,83601.78,31268.61,27.2
100598,2025-11-05,Broiler Chicken,Poultry,Lagos,Distributor,8,3902.62,2542.16,31220.96,20337.28,10883.68,34.9
100599,2025-11-05,Goat Meat (kg),Livestock,Ogun,Distributor,1,4311.85,2878.99,4311.85,2878.99,1432.86,33.2
100600,2025-11-05,"Cattle (Live, per head)",Livestock,Ogun,Direct Farm Sale,1,308287.15,196341.1,308287.15,196341.1,111946.05,36.3
100601,2025-11-05,Goat Meat (kg),Livestock,Ogun,Direct Farm Sale,1,4178.82,2788.55,4178.82,2788.55,1390.27,33.3
100602,2025-11-06,Feed - Broiler Starter (bag),Feed,Ogun,Direct Farm Sale,7,19045.55,11872.03,133318.85,83104.21,50214.64,37.7
100603,2025-11-06,Feed - Layer Mash (bag),Feed,Ibadan Metro,Online Order,15,15018.97,11634.41,225284.55,174516.15,50768.4,22.5
100604,2025-11-06,Goat Meat (kg),Livestock,Lagos,Retail Market,1,4409.52,3024.78,4409.52,3024.78,1384.74,31.4
100605,2025-11-06,"Ram (Live, per head)",Livestock,Ogun,Retail Market,1,108303.65,77194.18,108303.65,77194.18,31109.47,28.7
100606,2025-11-06,Broiler Chicken,Poultry,Lagos,Direct Farm Sale,5,3810.84,2971.08,19054.2,14855.4,4198.8,22.0
100607,2025-11-06,Feed - Layer Mash (bag),Feed,Lagos,Online Order,6,15632.63,11234.05,93795.78,67404.3,26391.48,28.1
100608,2025-11-06,"Ram (Live, per head)",Livestock,Ogun,Direct Farm Sale,1,115344.41,88870.63,115344.41,88870.63,26473.78,23.0
100609,2025-11-06,"Ram (Live, per head)",Livestock,Lagos,Direct Farm Sale,1,106351.31,70404.07,106351.31,70404.07,35947.24,33.8
100610,2025-11-06,Feed - Layer Mash (bag),Feed,Ogun,Distributor,4,14671.27,10015.76,58685.08,40063.04,18622.04,31.7
100611,2025-11-06,Layer Eggs (Crate),Poultry,Lagos,Distributor,2,3211.22,2041.61,6422.44,4083.22,2339.22,36.4
100612,2025-11-06,Feed - Layer Mash (bag),Feed,Lagos,Retail Market,8,14577.45,10357.8,116619.6,82862.4,33757.2,28.9
100613,2025-11-07,Feed - Layer Mash (bag),Feed,Lagos,Distributor,1,15982.77,12251.21,15982.77,12251.21,3731.56,23.3
100614,2025-11-07,Goat Meat (kg),Livestock,Oyo,Direct Farm Sale,1,4686.01,2998.56,4686.01,2998.56,1687.45,36.0
100615,2025-11-07,Layer Eggs (Crate),Poultry,Ibadan Metro,Direct Farm Sale,5,3311.56,2477.94,16557.8,12389.7,4168.1,25.2
100616,2025-11-07,Turkey,Poultry,Ogun,Distributor,5,5460.96,4216.33,27304.8,21081.65,6223.15,22.8
100617,2025-11-07,Turkey,Poultry,Lagos,Retail Market,7,5068.76,3602.38,35481.32,25216.66,10264.66,28.9
100618,2025-11-07,"Cattle (Live, per head)",Livestock,Ogun,Distributor,1,321846.64,202354.79,321846.64,202354.79,119491.85,37.1
100619,2025-11-07,Turkey,Poultry,Lagos,Distributor,6,5048.71,3486.56,30292.26,20919.36,9372.9,30.9
100620,2025-11-08,"Cattle (Live, per head)",Livestock,Lagos,Online Order,1,328551.02,235510.08,328551.02,235510.08,93040.94,28.3
100621,2025-11-08,Goat Meat (kg),Livestock,Lagos,Distributor,1,4163.44,3127.32,4163.44,3127.32,1036.12,24.9
100622,2025-11-08,"Cattle (Live, per head)",Livestock,Ogun,Retail Market,1,327809.58,215136.06,327809.58,215136.06,112673.52,34.4
100623,2025-11-08,Feed - Broiler Starter (bag),Feed,Lagos,Distributor,5,17265.03,12754.83,86325.15,63774.15,22551.0,26.1
100624,2025-11-08,"Cattle (Live, per head)",Livestock,Lagos,Direct Farm Sale,1,322551.63,226390.34,322551.63,226390.34,96161.29,29.8
100625,2025-11-08,Turkey,Poultry,Ibadan Metro,Direct Farm Sale,4,4933.61,3495.59,19734.44,13982.36,5752.08,29.1
100626,2025-11-08,Feed - Layer Mash (bag),Feed,Ogun,Retail Market,1,16315.05,10242.44,16315.05,10242.44,6072.61,37.2
100627,2025-11-09,Turkey,Poultry,Ogun,Distributor,8,5452.08,4040.43,43616.64,32323.44,11293.2,25.9
100628,2025-11-09,"Ram (Live, per head)",Livestock,Lagos,Distributor,1,117840.95,85963.83,117840.95,85963.83,31877.12,27.1
100629,2025-11-09,Turkey,Poultry,Lagos,Online Order,4,5108.59,3716.92,20434.36,14867.68,5566.68,27.2
100630,2025-11-09,Feed - Broiler Starter (bag),Feed,Oyo,Distributor,3,16989.38,11445.06,50968.14,34335.18,16632.96,32.6
100631,2025-11-09,"Ram (Live, per head)",Livestock,Ibadan Metro,Direct Farm Sale,1,117532.72,83210.61,117532.72,83210.61,34322.11,29.2
100632,2025-11-10,Layer Eggs (Crate),Poultry,Ogun,Distributor,4,3386.52,2637.43,13546.08,10549.72,2996.36,22.1
100633,2025-11-10,"Cattle (Live, per head)",Livestock,Oyo,Online Order,1,336467.99,234982.27,336467.99,234982.27,101485.72,30.2
100634,2025-11-10,Broiler Chicken,Poultry,Lagos,Online Order,3,3878.32,2611.94,11634.96,7835.82,3799.14,32.7
100635,2025-11-10,Feed - Broiler Starter (bag),Feed,Lagos,Retail Market,6,17353.69,13417.03,104122.14,80502.18,23619.96,22.7
100636,2025-11-10,Turkey,Poultry,Lagos,Distributor,1,5187.19,3647.31,5187.19,3647.31,1539.88,29.7
100637,2025-11-10,"Ram (Live, per head)",Livestock,Lagos,Distributor,1,114708.09,89363.69,114708.09,89363.69,25344.4,22.1
100638,2025-11-11,"Ram (Live, per head)",Livestock,Lagos,Retail Market,1,110658.71,76016.15,110658.71,76016.15,34642.56,31.3
100639,2025-11-11,"Ram (Live, per head)",Livestock,Ibadan Metro,Direct Farm Sale,1,107250.1,77750.37,107250.1,77750.37,29499.73,27.5
100640,2025-11-11,Feed - Broiler Starter (bag),Feed,Ogun,Distributor,8,17755.98,13225.26,142047.84,105802.08,36245.76,25.5
100641,2025-11-11,Goat Meat (kg),Livestock,Oyo,Direct Farm Sale,1,4574.58,3138.09,4574.58,3138.09,1436.49,31.4
100642,2025-11-11,"Cattle (Live, per head)",Livestock,Oyo,Distributor,1,326335.12,209281.7,326335.12,209281.7,117053.42,35.9
100643,2025-11-12,"Ram (Live, per head)",Livestock,Ibadan Metro,Direct Farm Sale,1,105084.31,70510.56,105084.31,70510.56,34573.75,32.9
100644,2025-11-12,Layer Eggs (Crate),Poultry,Ibadan Metro,Direct Farm Sale,2,3097.27,2230.37,6194.54,4460.74,1733.8,28.0
100645,2025-11-12,Broiler Chicken,Poultry,Lagos,Direct Farm Sale,8,3732.58,2386.88,29860.64,19095.04,10765.6,36.1
100646,2025-11-12,Layer Eggs (Crate),Poultry,Ibadan Metro,Distributor,1,3238.86,2396.68,3238.86,2396.68,842.18,26.0
100647,2025-11-12,Turkey,Poultry,Lagos,Direct Farm Sale,3,5175.08,3569.56,15525.24,10708.68,4816.56,31.0
100648,2025-11-13,"Cattle (Live, per head)",Livestock,Oyo,Direct Farm Sale,1,333083.0,242158.08,333083.0,242158.08,90924.92,27.3
100649,2025-11-13,Broiler Chicken,Poultry,Lagos,Direct Farm Sale,3,3762.66,2758.49,11287.98,8275.47,3012.51,26.7
100650,2025-11-13,"Cattle (Live, per head)",Livestock,Ogun,Retail Market,1,334325.73,257122.72,334325.73,257122.72,77203.01,23.1
100651,2025-11-13,Layer Eggs (Crate),Poultry,Oyo,Direct Farm Sale,6,3082.91,1979.29,18497.46,11875.74,6621.72,35.8
100652,2025-11-13,Turkey,Poultry,Lagos,Direct Farm Sale,2,5252.66,3823.85,10505.32,7647.7,2857.62,27.2
100653,2025-11-13,Layer Eggs (Crate),Poultry,Ibadan Metro,Direct Farm Sale,17,3318.69,2484.37,56417.73,42234.29,14183.44,25.1
100654,2025-11-13,"Cattle (Live, per head)",Livestock,Ibadan Metro,Direct Farm Sale,1,338629.95,251445.4,338629.95,251445.4,87184.55,25.7
100655,2025-11-13,Broiler Chicken,Poultry,Lagos,Direct Farm Sale,5,3583.29,2775.02,17916.45,13875.1,4041.35,22.6
100656,2025-11-13,Layer Eggs (Crate),Poultry,Ogun,Direct Farm Sale,1,3329.09,2460.98,3329.09,2460.98,868.11,26.1
100657,2025-11-14,Turkey,Poultry,Oyo,Online Order,5,5462.79,3458.96,27313.95,17294.8,10019.15,36.7
100658,2025-11-14,Feed - Layer Mash (bag),Feed,Oyo,Retail Market,8,15929.96,10250.47,127439.68,82003.76,45435.92,35.7
100659,2025-11-14,Feed - Layer Mash (bag),Feed,Lagos,Retail Market,3,14527.11,10562.62,43581.33,31687.86,11893.47,27.3
100660,2025-11-14,Turkey,Poultry,Ogun,Direct Farm Sale,9,5008.62,3868.57,45077.58,34817.13,10260.45,22.8
100661,2025-11-14,"Cattle (Live, per head)",Livestock,Oyo,Direct Farm Sale,1,345398.01,262295.34,345398.01,262295.34,83102.67,24.1
100662,2025-11-14,Feed - Layer Mash (bag),Feed,Lagos,Retail Market,2,15812.33,11680.83,31624.66,23361.66,8263.0,26.1
100663,2025-11-14,Feed - Layer Mash (bag),Feed,Ogun,Distributor,1,16314.42,10683.24,16314.42,10683.24,5631.18,34.5
100664,2025-11-14,Feed - Broiler Starter (bag),Feed,Lagos,Direct Farm Sale,9,18205.71,11838.65,163851.39,106547.85,57303.54,35.0
100665,2025-11-14,Goat Meat (kg),Livestock,Ogun,Direct Farm Sale,1,4422.6,3303.2,4422.6,3303.2,1119.4,25.3
100666,2025-11-14,Feed - Layer Mash (bag),Feed,Oyo,Retail Market,11,16156.17,11891.9,177717.87,130810.9,46906.97,26.4
100667,2025-11-14,Feed - Broiler Starter (bag),Feed,Ogun,Direct Farm Sale,10,17098.08,11557.74,170980.8,115577.4,55403.4,32.4
100668,2025-11-14,Layer Eggs (Crate),Poultry,Ogun,Direct Farm Sale,9,3117.29,1938.06,28055.61,17442.54,10613.07,37.8
100669,2025-11-15,Broiler Chicken,Poultry,Ogun,Retail Market,2,3719.88,2550.77,7439.76,5101.54,2338.22,31.4
100670,2025-11-15,"Ram (Live, per head)",Livestock,Lagos,Retail Market,1,113001.33,77635.89,113001.33,77635.89,35365.44,31.3
100671,2025-11-15,Broiler Chicken,Poultry,Lagos,Direct Farm Sale,5,3645.06,2753.13,18225.3,13765.65,4459.65,24.5
100672,2025-11-15,"Cattle (Live, per head)",Livestock,Ibadan Metro,Direct Farm Sale,1,308191.11,201149.78,308191.11,201149.78,107041.33,34.7
100673,2025-11-15,"Cattle (Live, per head)",Livestock,Ibadan Metro,Direct Farm Sale,1,329083.05,231041.54,329083.05,231041.54,98041.51,29.8
100674,2025-11-15,"Ram (Live, per head)",Livestock,Oyo,Direct Farm Sale,1,105496.96,66549.25,105496.96,66549.25,38947.71,36.9
100675,2025-11-15,Layer Eggs (Crate),Poultry,Oyo,Direct Farm Sale,7,3187.8,2099.96,22314.6,14699.72,7614.88,34.1
100676,2025-11-15,Turkey,Poultry,Lagos,Distributor,3,5585.19,3670.79,16755.57,11012.37,5743.2,34.3
100677,2025-11-15,Feed - Broiler Starter (bag),Feed,Oyo,Direct Farm Sale,6,17121.83,11854.34,102730.98,71126.04,31604.94,30.8
100678,2025-11-15,Broiler Chicken,Poultry,Ogun,Retail Market,10,3500.74,2606.26,35007.4,26062.6,8944.8,25.6
100679,2025-11-15,Layer Eggs (Crate),Poultry,Lagos,Retail Market,5,3294.43,2189.84,16472.15,10949.2,5522.95,33.5
100680,2025-11-15,Layer Eggs (Crate),Poultry,Ogun,Online Order,2,3227.9,2122.54,6455.8,4245.08,2210.72,34.2
100681,2025-11-16,Broiler Chicken,Poultry,Lagos,Distributor,11,3700.83,2330.89,40709.13,25639.79,15069.34,37.0
100682,2025-11-16,Goat Meat (kg),Livestock,Lagos,Distributor,1,4649.1,3555.85,4649.1,3555.85,1093.25,23.5
100683,2025-11-16,"Cattle (Live, per head)",Livestock,Oyo,Distributor,1,341062.31,229975.47,341062.31,229975.47,111086.84,32.6
100684,2025-11-16,Layer Eggs (Crate),Poultry,Lagos,Direct Farm Sale,2,3110.28,2244.33,6220.56,4488.66,1731.9,27.8
100685,2025-11-17,Turkey,Poultry,Ogun,Retail Market,3,5212.31,3634.32,15636.93,10902.96,4733.97,30.3
100686,2025-11-17,Layer Eggs (Crate),Poultry,Ogun,Retail Market,2,3216.83,2196.87,6433.66,4393.74,2039.92,31.7
100687,2025-11-17,"Ram (Live, per head)",Livestock,Ogun,Distributor,1,113742.53,74055.92,113742.53,74055.92,39686.61,34.9
100688,2025-11-17,Broiler Chicken,Poultry,Ogun,Retail Market,2,3804.82,2453.82,7609.64,4907.64,2702.0,35.5
100689,2025-11-17,"Cattle (Live, per head)",Livestock,Lagos,Retail Market,1,315130.5,204757.25,315130.5,204757.25,110373.25,35.0
100690,2025-11-17,Feed - Broiler Starter (bag),Feed,Lagos,Online Order,4,17348.76,11844.95,69395.04,47379.8,22015.24,31.7
100691,2025-11-18,Broiler Chicken,Poultry,Ogun,Retail Market,6,3829.23,2940.28,22975.38,17641.68,5333.7,23.2
100692,2025-11-18,Broiler Chicken,Poultry,Lagos,Direct Farm Sale,1,3781.35,2837.15,3781.35,2837.15,944.2,25.0
100693,2025-11-18,"Ram (Live, per head)",Livestock,Lagos,Distributor,1,117531.87,85239.1,117531.87,85239.1,32292.77,27.5
100694,2025-11-18,Turkey,Poultry,Ogun,Distributor,12,5160.12,3879.58,61921.44,46554.96,15366.48,24.8
100695,2025-11-18,Broiler Chicken,Poultry,Lagos,Distributor,1,3693.63,2407.86,3693.63,2407.86,1285.77,34.8
100696,2025-11-18,Goat Meat (kg),Livestock,Lagos,Retail Market,1,4331.08,2723.9,4331.08,2723.9,1607.18,37.1
100697,2025-11-18,"Cattle (Live, per head)",Livestock,Lagos,Direct Farm Sale,1,314361.97,222341.45,314361.97,222341.45,92020.52,29.3
100698,2025-11-18,"Ram (Live, per head)",Livestock,Lagos,Direct Farm Sale,1,116723.51,72481.51,116723.51,72481.51,44242.0,37.9
100699,2025-11-18,Broiler Chicken,Poultry,Lagos,Retail Market,3,3549.34,2524.52,10648.02,7573.56,3074.46,28.9
100700,2025-11-18,"Ram (Live, per head)",Livestock,Lagos,Retail Market,1,111551.68,84948.46,111551.68,84948.46,26603.22,23.8
100701,2025-11-19,Turkey,Poultry,Lagos,Direct Farm Sale,1,4974.85,3472.35,4974.85,3472.35,1502.5,30.2
100702,2025-11-19,Layer Eggs (Crate),Poultry,Lagos,Online Order,4,3263.72,2207.14,13054.88,8828.56,4226.32,32.4
100703,2025-11-19,Layer Eggs (Crate),Poultry,Ogun,Direct Farm Sale,1,3392.33,2555.34,3392.33,2555.34,836.99,24.7
100704,2025-11-19,Feed - Layer Mash (bag),Feed,Oyo,Online Order,2,15884.53,11894.58,31769.06,23789.16,7979.9,25.1
100705,2025-11-19,"Cattle (Live, per head)",Livestock,Oyo,Distributor,1,306738.17,193245.39,306738.17,193245.39,113492.78,37.0
100706,2025-11-19,Feed - Layer Mash (bag),Feed,Ogun,Retail Market,12,15899.81,11246.12,190797.72,134953.44,55844.28,29.3
100707,2025-11-19,Layer Eggs (Crate),Poultry,Ogun,Distributor,1,3218.27,2049.97,3218.27,2049.97,1168.3,36.3
100708,2025-11-19,Goat Meat (kg),Livestock,Oyo,Online Order,1,4394.14,3058.39,4394.14,3058.39,1335.75,30.4
100709,2025-11-19,Goat Meat (kg),Livestock,Ibadan Metro,Distributor,1,4502.75,3282.09,4502.75,3282.09,1220.66,27.1
100710,2025-11-19,Goat Meat (kg),Livestock,Lagos,Direct Farm Sale,1,4152.04,2600.35,4152.04,2600.35,1551.69,37.4
100711,2025-11-19,Broiler Chicken,Poultry,Lagos,Direct Farm Sale,2,3905.97,3008.36,7811.94,6016.72,1795.22,23.0
100712,2025-11-20,"Cattle (Live, per head)",Livestock,Lagos,Distributor,1,341671.35,230423.4,341671.35,230423.4,111247.95,32.6
100713,2025-11-20,Turkey,Poultry,Ibadan Metro,Direct Farm Sale,3,5373.98,3567.57,16121.94,10702.71,5419.23,33.6
100714,2025-11-20,Turkey,Poultry,Lagos,Retail Market,19,5058.7,3169.98,96115.3,60229.62,35885.68,37.3
100715,2025-11-20,"Cattle (Live, per head)",Livestock,Oyo,Retail Market,1,344771.07,254509.65,344771.07,254509.65,90261.42,26.2
100716,2025-11-20,Feed - Broiler Starter (bag),Feed,Ibadan Metro,Retail Market,7,18156.3,12009.02,127094.1,84063.14,43030.96,33.9
100717,2025-11-20,Broiler Chicken,Poultry,Oyo,Direct Farm Sale,7,3523.42,2282.94,24663.94,15980.58,8683.36,35.2
100718,2025-11-20,Layer Eggs (Crate),Poultry,Lagos,Distributor,7,3363.59,2581.95,23545.13,18073.65,5471.48,23.2
100719,2025-11-20,Broiler Chicken,Poultry,Oyo,Direct Farm Sale,4,3615.04,2477.25,14460.16,9909.0,4551.16,31.5
100720,2025-11-20,Layer Eggs (Crate),Poultry,Lagos,Distributor,1,3396.05,2206.5,3396.05,2206.5,1189.55,35.0
100721,2025-11-20,"Cattle (Live, per head)",Livestock,Lagos,Distributor,1,341732.2,252879.3,341732.2,252879.3,88852.9,26.0
100722,2025-11-20,"Ram (Live, per head)",Livestock,Ogun,Direct Farm Sale,1,117036.55,89839.97,117036.55,89839.97,27196.58,23.2
100723,2025-11-21,Broiler Chicken,Poultry,Ogun,Direct Farm Sale,11,3581.92,2382.03,39401.12,26202.33,13198.79,33.5
100724,2025-11-21,Feed - Broiler Starter (bag),Feed,Ogun,Distributor,1,17179.75,12953.46,17179.75,12953.46,4226.29,24.6
100725,2025-11-21,Feed - Layer Mash (bag),Feed,Lagos,Direct Farm Sale,3,15341.1,11455.35,46023.3,34366.05,11657.25,25.3
100726,2025-11-21,Broiler Chicken,Poultry,Lagos,Retail Market,10,3517.6,2427.37,35176.0,24273.7,10902.3,31.0
100727,2025-11-21,"Cattle (Live, per head)",Livestock,Lagos,Direct Farm Sale,1,322361.93,231673.15,322361.93,231673.15,90688.78,28.1
100728,2025-11-21,Turkey,Poultry,Ogun,Distributor,1,5163.01,3283.26,5163.01,3283.26,1879.75,36.4
100729,2025-11-21,Goat Meat (kg),Livestock,Ibadan Metro,Retail Market,1,4472.27,3142.49,4472.27,3142.49,1329.78,29.7
100730,2025-11-22,Layer Eggs (Crate),Poultry,Lagos,Distributor,1,3314.5,2344.76,3314.5,2344.76,969.74,29.3
100731,2025-11-22,"Cattle (Live, per head)",Livestock,Lagos,Direct Farm Sale,1,327470.68,208395.38,327470.68,208395.38,119075.3,36.4
100732,2025-11-22,Feed - Broiler Starter (bag),Feed,Lagos,Direct Farm Sale,4,17118.47,12484.47,68473.88,49937.88,18536.0,27.1
100733,2025-11-22,Layer Eggs (Crate),Poultry,Ibadan Metro,Direct Farm Sale,6,3371.35,2522.87,20228.1,15137.22,5090.88,25.2
100734,2025-11-22,Feed - Broiler Starter (bag),Feed,Ibadan Metro,Distributor,6,17651.38,11513.77,105908.28,69082.62,36825.66,34.8
100735,2025-11-22,Feed - Broiler Starter (bag),Feed,Oyo,Distributor,8,18383.14,11853.03,147065.12,94824.24,52240.88,35.5
100736,2025-11-22,"Ram (Live, per head)",Livestock,Ogun,Direct Farm Sale,1,112545.07,70504.24,112545.07,70504.24,42040.83,37.4
100737,2025-11-22,"Cattle (Live, per head)",Livestock,Ogun,Direct Farm Sale,1,324436.84,245132.51,324436.84,245132.51,79304.33,24.4
100738,2025-11-23,Feed - Layer Mash (bag),Feed,Ibadan Metro,Direct Farm Sale,9,16058.07,10299.51,144522.63,92695.59,51827.04,35.9
100739,2025-11-23,"Ram (Live, per head)",Livestock,Lagos,Distributor,1,110719.99,83049.96,110719.99,83049.96,27670.03,25.0
100740,2025-11-23,Turkey,Poultry,Ibadan Metro,Direct Farm Sale,5,5387.72,4000.12,26938.6,20000.6,6938.0,25.8
100741,2025-11-23,Feed - Layer Mash (bag),Feed,Ibadan Metro,Direct Farm Sale,2,14899.07,9722.51,29798.14,19445.02,10353.12,34.7
100742,2025-11-23,"Ram (Live, per head)",Livestock,Ibadan Metro,Distributor,1,113980.3,88478.21,113980.3,88478.21,25502.09,22.4
100743,2025-11-23,Goat Meat (kg),Livestock,Lagos,Distributor,1,4515.3,3413.93,4515.3,3413.93,1101.37,24.4
100744,2025-11-23,Turkey,Poultry,Ibadan Metro,Direct Farm Sale,1,5424.98,3705.27,5424.98,3705.27,1719.71,31.7
100745,2025-11-23,Broiler Chicken,Poultry,Lagos,Direct Farm Sale,6,3634.37,2468.09,21806.22,14808.54,6997.68,32.1
100746,2025-11-24,Goat Meat (kg),Livestock,Oyo,Distributor,1,4438.18,2756.89,4438.18,2756.89,1681.29,37.9
100747,2025-11-24,Feed - Layer Mash (bag),Feed,Lagos,Retail Market,4,15901.7,10649.6,63606.8,42598.4,21008.4,33.0
100748,2025-11-24,Turkey,Poultry,Ogun,Online Order,7,5497.75,3810.5,38484.25,26673.5,11810.75,30.7
100749,2025-11-24,Feed - Layer Mash (bag),Feed,Lagos,Distributor,14,15780.91,11964.81,220932.74,167507.34,53425.4,24.2
100750,2025-11-24,Layer Eggs (Crate),Poultry,Ogun,Direct Farm Sale,12,3404.96,2414.9,40859.52,28978.8,11880.72,29.1
100751,2025-11-24,Feed - Broiler Starter (bag),Feed,Oyo,Direct Farm Sale,5,18441.89,13248.84,92209.45,66244.2,25965.25,28.2
100752,2025-11-24,"Ram (Live, per head)",Livestock,Lagos,Direct Farm Sale,1,114866.13,79884.82,114866.13,79884.82,34981.31,30.5
100753,2025-11-24,Feed - Broiler Starter (bag),Feed,Lagos,Direct Farm Sale,1,18835.16,11699.32,18835.16,11699.32,7135.84,37.9
100754,2025-11-25,Broiler Chicken,Poultry,Oyo,Direct Farm Sale,4,3700.92,2310.62,14803.68,9242.48,5561.2,37.6
100755,2025-11-25,Goat Meat (kg),Livestock,Ogun,Direct Farm Sale,1,4497.76,3197.68,4497.76,3197.68,1300.08,28.9
100756,2025-11-25,Turkey,Poultry,Ogun,Distributor,1,5513.26,4206.78,5513.26,4206.78,1306.48,23.7
100757,2025-11-25,Layer Eggs (Crate),Poultry,Ogun,Online Order,5,3168.97,2204.21,15844.85,11021.05,4823.8,30.4
100758,2025-11-25,Feed - Broiler Starter (bag),Feed,Lagos,Direct Farm Sale,2,19248.2,12103.16,38496.4,24206.32,14290.08,37.1
100759,2025-11-25,"Cattle (Live, per head)",Livestock,Lagos,Distributor,1,336457.87,227862.98,336457.87,227862.98,108594.89,32.3
100760,2025-11-25,"Cattle (Live, per head)",Livestock,Lagos,Direct Farm Sale,1,309540.44,206932.48,309540.44,206932.48,102607.96,33.1
100761,2025-11-26,Feed - Broiler Starter (bag),Feed,Ogun,Online Order,16,17427.65,13223.2,278842.4,211571.2,67271.2,24.1
100762,2025-11-26,"Ram (Live, per head)",Livestock,Ogun,Distributor,1,109548.68,70885.22,109548.68,70885.22,38663.46,35.3
100763,2025-11-26,"Ram (Live, per head)",Livestock,Lagos,Direct Farm Sale,1,115788.79,72883.02,115788.79,72883.02,42905.77,37.1
100764,2025-11-26,Goat Meat (kg),Livestock,Ogun,Retail Market,1,4444.17,3459.54,4444.17,3459.54,984.63,22.2
100765,2025-11-26,Goat Meat (kg),Livestock,Lagos,Retail Market,1,4615.75,2871.85,4615.75,2871.85,1743.9,37.8
100766,2025-11-26,Broiler Chicken,Poultry,Lagos,Distributor,6,3727.63,2784.7,22365.78,16708.2,5657.58,25.3
100767,2025-11-26,"Ram (Live, per head)",Livestock,Oyo,Direct Farm Sale,1,113807.22,73974.77,113807.22,73974.77,39832.45,35.0
100768,2025-11-26,"Cattle (Live, per head)",Livestock,Ogun,Direct Farm Sale,1,306280.38,221663.57,306280.38,221663.57,84616.81,27.6
100769,2025-11-27,"Ram (Live, per head)",Livestock,Lagos,Distributor,1,113987.28,72941.32,113987.28,72941.32,41045.96,36.0
100770,2025-11-27,Turkey,Poultry,Ibadan Metro,Direct Farm Sale,8,5214.57,3500.85,41716.56,28006.8,13709.76,32.9
100771,2025-11-27,Turkey,Poultry,Lagos,Direct Farm Sale,3,5071.2,3230.49,15213.6,9691.47,5522.13,36.3
100772,2025-11-27,Feed - Broiler Starter (bag),Feed,Lagos,Distributor,4,17379.26,11635.68,69517.04,46542.72,22974.32,33.0
100773,2025-11-27,Goat Meat (kg),Livestock,Ogun,Retail Market,1,4448.33,3214.2,4448.33,3214.2,1234.13,27.7
100774,2025-11-27,Broiler Chicken,Poultry,Lagos,Retail Market,1,3786.54,2401.32,3786.54,2401.32,1385.22,36.6
100775,2025-11-27,Feed - Broiler Starter (bag),Feed,Lagos,Distributor,14,17900.95,11985.53,250613.3,167797.42,82815.88,33.0
100776,2025-11-27,Turkey,Poultry,Lagos,Online Order,2,5050.19,3412.17,10100.38,6824.34,3276.04,32.4
100777,2025-11-27,Feed - Broiler Starter (bag),Feed,Lagos,Retail Market,6,18695.62,13752.23,112173.72,82513.38,29660.34,26.4
100778,2025-11-27,Broiler Chicken,Poultry,Lagos,Distributor,3,3963.14,3062.5,11889.42,9187.5,2701.92,22.7
100779,2025-11-27,Turkey,Poultry,Ogun,Direct Farm Sale,2,5207.03,3304.58,10414.06,6609.16,3804.9,36.5
100780,2025-11-28,Goat Meat (kg),Livestock,Oyo,Retail Market,1,4324.26,3242.59,4324.26,3242.59,1081.67,25.0
100781,2025-11-28,Turkey,Poultry,Oyo,Online Order,12,5489.29,3449.54,65871.48,41394.48,24477.0,37.2
100782,2025-11-28,Broiler Chicken,Poultry,Oyo,Distributor,6,3722.97,2507.06,22337.82,15042.36,7295.46,32.7
100783,2025-11-28,Turkey,Poultry,Oyo,Direct Farm Sale,13,5396.9,3730.02,70159.7,48490.26,21669.44,30.9
100784,2025-11-28,Feed - Broiler Starter (bag),Feed,Lagos,Distributor,2,17681.78,11692.91,35363.56,23385.82,11977.74,33.9
100785,2025-11-28,Broiler Chicken,Poultry,Ogun,Direct Farm Sale,3,3574.24,2389.95,10722.72,7169.85,3552.87,33.1
100786,2025-11-28,"Ram (Live, per head)",Livestock,Oyo,Retail Market,1,114691.68,73200.19,114691.68,73200.19,41491.49,36.2
100787,2025-11-28,Goat Meat (kg),Livestock,Lagos,Distributor,1,4585.97,3038.16,4585.97,3038.16,1547.81,33.8
100788,2025-11-29,Feed - Layer Mash (bag),Feed,Lagos,Direct Farm Sale,5,14631.59,10592.23,73157.95,52961.15,20196.8,27.6
100789,2025-11-29,"Cattle (Live, per head)",Livestock,Lagos,Retail Market,1,332820.35,223162.35,332820.35,223162.35,109658.0,32.9
100790,2025-11-29,"Cattle (Live, per head)",Livestock,Lagos,Direct Farm Sale,1,311578.79,206142.92,311578.79,206142.92,105435.87,33.8
100791,2025-11-29,"Ram (Live, per head)",Livestock,Lagos,Retail Market,1,117556.69,81423.08,117556.69,81423.08,36133.61,30.7
100792,2025-11-29,Feed - Layer Mash (bag),Feed,Lagos,Retail Market,10,15682.22,10578.5,156822.2,105785.0,51037.2,32.5
100793,2025-11-29,Goat Meat (kg),Livestock,Ogun,Retail Market,1,4494.0,3256.69,4494.0,3256.69,1237.31,27.5
100794,2025-11-29,"Ram (Live, per head)",Livestock,Oyo,Retail Market,1,115666.17,89746.57,115666.17,89746.57,25919.6,22.4
100795,2025-11-29,"Ram (Live, per head)",Livestock,Lagos,Direct Farm Sale,1,113458.74,86307.15,113458.74,86307.15,27151.59,23.9
100796,2025-11-29,Feed - Broiler Starter (bag),Feed,Lagos,Retail Market,3,18848.7,13801.77,56546.1,41405.31,15140.79,26.8
100797,2025-11-29,Feed - Layer Mash (bag),Feed,Oyo,Retail Market,4,15968.68,12319.85,63874.72,49279.4,14595.32,22.8
100798,2025-11-30,Feed - Broiler Starter (bag),Feed,Oyo,Direct Farm Sale,9,17974.28,12464.96,161768.52,112184.64,49583.88,30.7
100799,2025-11-30,"Cattle (Live, per head)",Livestock,Ibadan Metro,Retail Market,1,326873.54,232616.84,326873.54,232616.84,94256.7,28.8
100800,2025-11-30,"Ram (Live, per head)",Livestock,Oyo,Retail Market,1,107241.26,75936.6,107241.26,75936.6,31304.66,29.2
100801,2025-11-30,Feed - Layer Mash (bag),Feed,Lagos,Direct Farm Sale,6,14470.3,10640.24,86821.8,63841.44,22980.36,26.5
100802,2025-11-30,Feed - Layer Mash (bag),Feed,Oyo,Distributor,7,15914.17,11349.82,111399.19,79448.74,31950.45,28.7
100803,2025-11-30,Feed - Layer Mash (bag),Feed,Ibadan Metro,Direct Farm Sale,1,16291.38,11134.42,16291.38,11134.42,5156.96,31.7
100804,2025-11-30,"Cattle (Live, per head)",Livestock,Lagos,Direct Farm Sale,1,329876.16,247776.35,329876.16,247776.35,82099.81,24.9
100805,2025-11-30,Broiler Chicken,Poultry,Ogun,Direct Farm Sale,1,3838.35,2801.65,3838.35,2801.65,1036.7,27.0
100806,2025-11-30,Layer Eggs (Crate),Poultry,Lagos,Distributor,3,3113.36,2267.12,9340.08,6801.36,2538.72,27.2
100807,2025-11-30,"Cattle (Live, per head)",Livestock,Ogun,Direct Farm Sale,1,327367.29,220949.4,327367.29,220949.4,106417.89,32.5
100808,2025-11-30,"Cattle (Live, per head)",Livestock,Oyo,Distributor,1,331781.41,247188.41,331781.41,247188.41,84593.0,25.5
100809,2025-11-30,Layer Eggs (Crate),Poultry,Oyo,Retail Market,4,3184.55,1984.19,12738.2,7936.76,4801.44,37.7
100810,2025-12-01,"Cattle (Live, per head)",Livestock,Lagos,Direct Farm Sale,1,337670.77,236403.01,337670.77,236403.01,101267.76,30.0
100811,2025-12-01,Feed - Layer Mash (bag),Feed,Lagos,Retail Market,17,16187.34,11522.61,275184.78,195884.37,79300.41,28.8
100812,2025-12-01,Layer Eggs (Crate),Poultry,Ogun,Retail Market,3,3470.94,2314.28,10412.82,6942.84,3469.98,33.3
100813,2025-12-01,Feed - Broiler Starter (bag),Feed,Ibadan Metro,Direct Farm Sale,1,17994.6,11902.24,17994.6,11902.24,6092.36,33.9
100814,2025-12-01,Broiler Chicken,Poultry,Ibadan Metro,Direct Farm Sale,8,3959.25,2741.63,31674.0,21933.04,9740.96,30.8
100815,2025-12-01,Goat Meat (kg),Livestock,Lagos,Distributor,1,4417.97,2789.36,4417.97,2789.36,1628.61,36.9
100816,2025-12-01,"Ram (Live, per head)",Livestock,Lagos,Direct Farm Sale,1,105273.94,72393.83,105273.94,72393.83,32880.11,31.2
100817,2025-12-01,Broiler Chicken,Poultry,Lagos,Distributor,6,3846.97,2902.17,23081.82,17413.02,5668.8,24.6
100818,2025-12-02,Layer Eggs (Crate),Poultry,Oyo,Retail Market,1,3249.7,2478.08,3249.7,2478.08,771.62,23.7
100819,2025-12-02,Feed - Broiler Starter (bag),Feed,Lagos,Distributor,8,17358.79,10781.45,138870.32,86251.6,52618.72,37.9
100820,2025-12-02,"Ram (Live, per head)",Livestock,Ibadan Metro,Online Order,1,113540.05,74820.44,113540.05,74820.44,38719.61,34.1
100821,2025-12-02,Goat Meat (kg),Livestock,Lagos,Direct Farm Sale,1,4638.42,3482.23,4638.42,3482.23,1156.19,24.9
100822,2025-12-02,Goat Meat (kg),Livestock,Ogun,Distributor,1,4400.19,2946.63,4400.19,2946.63,1453.56,33.0
100823,2025-12-03,Feed - Layer Mash (bag),Feed,Oyo,Retail Market,3,16193.4,12463.54,48580.2,37390.62,11189.58,23.0
100824,2025-12-03,Turkey,Poultry,Lagos,Distributor,1,4927.63,3772.25,4927.63,3772.25,1155.38,23.4
100825,2025-12-03,Feed - Broiler Starter (bag),Feed,Lagos,Direct Farm Sale,15,17128.31,12729.82,256924.65,190947.3,65977.35,25.7
100826,2025-12-03,"Cattle (Live, per head)",Livestock,Lagos,Online Order,1,346267.83,223757.11,346267.83,223757.11,122510.72,35.4
100827,2025-12-03,"Ram (Live, per head)",Livestock,Ogun,Direct Farm Sale,1,114890.01,74977.32,114890.01,74977.32,39912.69,34.7
100828,2025-12-03,"Cattle (Live, per head)",Livestock,Lagos,Direct Farm Sale,1,346980.71,250086.13,346980.71,250086.13,96894.58,27.9
100829,2025-12-03,Broiler Chicken,Poultry,Oyo,Online Order,2,3522.0,2194.08,7044.0,4388.16,2655.84,37.7
100830,2025-12-03,"Ram (Live, per head)",Livestock,Lagos,Direct Farm Sale,1,112035.87,86111.01,112035.87,86111.01,25924.86,23.1
100831,2025-12-03,Layer Eggs (Crate),Poultry,Lagos,Distributor,5,3210.03,2376.88,16050.15,11884.4,4165.75,26.0
100832,2025-12-03,"Ram (Live, per head)",Livestock,Lagos,Distributor,1,111382.99,86811.45,111382.99,86811.45,24571.54,22.1
100833,2025-12-03,Layer Eggs (Crate),Poultry,Ogun,Retail Market,2,3222.38,2457.27,6444.76,4914.54,1530.22,23.7
100834,2025-12-03,Goat Meat (kg),Livestock,Lagos,Distributor,1,4509.41,3096.98,4509.41,3096.98,1412.43,31.3
100835,2025-12-04,Layer Eggs (Crate),Poultry,Lagos,Direct Farm Sale,9,3139.52,2306.86,28255.68,20761.74,7493.94,26.5
100836,2025-12-04,Turkey,Poultry,Lagos,Retail Market,6,4922.05,3067.4,29532.3,18404.4,11127.9,37.7
100837,2025-12-04,Layer Eggs (Crate),Poultry,Ogun,Distributor,7,3119.91,2372.62,21839.37,16608.34,5231.03,24.0
100838,2025-12-04,Broiler Chicken,Poultry,Lagos,Retail Market,2,3596.83,2366.27,7193.66,4732.54,2461.12,34.2
100839,2025-12-05,"Ram (Live, per head)",Livestock,Lagos,Retail Market,1,116632.99,72326.41,116632.99,72326.41,44306.58,38.0
100840,2025-12-05,Layer Eggs (Crate),Poultry,Ogun,Distributor,4,3441.95,2318.72,13767.8,9274.88,4492.92,32.6
100841,2025-12-05,"Ram (Live, per head)",Livestock,Ogun,Online Order,1,112835.71,86182.43,112835.71,86182.43,26653.28,23.6
100842,2025-12-05,Feed - Layer Mash (bag),Feed,Lagos,Direct Farm Sale,1,15302.86,11392.64,15302.86,11392.64,3910.22,25.6
100843,2025-12-05,Turkey,Poultry,Lagos,Distributor,3,5157.6,3718.52,15472.8,11155.56,4317.24,27.9
100844,2025-12-05,Turkey,Poultry,Lagos,Online Order,4,5352.21,3528.57,21408.84,14114.28,7294.56,34.1
100845,2025-12-05,"Ram (Live, per head)",Livestock,Ogun,Online Order,1,103856.64,71248.62,103856.64,71248.62,32608.02,31.4
100846,2025-12-05,Goat Meat (kg),Livestock,Lagos,Direct Farm Sale,1,4292.55,3339.96,4292.55,3339.96,952.59,22.2
100847,2025-12-05,Turkey,Poultry,Ogun,Online Order,6,4944.21,3229.0,29665.26,19374.0,10291.26,34.7
100848,2025-12-05,Broiler Chicken,Poultry,Lagos,Retail Market,6,3659.41,2467.03,21956.46,14802.18,7154.28,32.6
100849,2025-12-05,Feed - Broiler Starter (bag),Feed,Ibadan Metro,Retail Market,6,18653.2,11659.04,111919.2,69954.24,41964.96,37.5
100850,2025-12-05,"Cattle (Live, per head)",Livestock,Ogun,Direct Farm Sale,1,321334.84,238802.24,321334.84,238802.24,82532.6,25.7
100851,2025-12-05,Broiler Chicken,Poultry,Lagos,Retail Market,4,3744.88,2344.06,14979.52,9376.24,5603.28,37.4
100852,2025-12-06,"Cattle (Live, per head)",Livestock,Ibadan Metro,Direct Farm Sale,1,312175.2,220399.74,312175.2,220399.74,91775.46,29.4
100853,2025-12-06,Broiler Chicken,Poultry,Lagos,Distributor,5,3619.32,2650.13,18096.6,13250.65,4845.95,26.8
100854,2025-12-06,Turkey,Poultry,Ibadan Metro,Retail Market,6,4925.18,3480.74,29551.08,20884.44,8666.64,29.3
100855,2025-12-06,"Cattle (Live, per head)",Livestock,Oyo,Retail Market,1,333834.51,213685.18,333834.51,213685.18,120149.33,36.0
100856,2025-12-06,Broiler Chicken,Poultry,Oyo,Distributor,6,3913.35,2810.17,23480.1,16861.02,6619.08,28.2
100857,2025-12-06,Broiler Chicken,Poultry,Lagos,Distributor,2,3775.83,2501.85,7551.66,5003.7,2547.96,33.7
100858,2025-12-06,Broiler Chicken,Poultry,Oyo,Retail Market,5,3856.46,2472.74,19282.3,12363.7,6918.6,35.9
100859,2025-12-06,Layer Eggs (Crate),Poultry,Oyo,Retail Market,6,3183.28,1973.95,19099.68,11843.7,7255.98,38.0
100860,2025-12-06,Broiler Chicken,Poultry,Lagos,Direct Farm Sale,7,3840.45,2443.24,26883.15,17102.68,9780.47,36.4
100861,2025-12-07,Feed - Layer Mash (bag),Feed,Ogun,Direct Farm Sale,3,16104.66,11482.81,48313.98,34448.43,13865.55,28.7
100862,2025-12-07,Broiler Chicken,Poultry,Oyo,Online Order,7,3684.58,2784.48,25792.06,19491.36,6300.7,24.4
100863,2025-12-07,Feed - Broiler Starter (bag),Feed,Lagos,Retail Market,5,17062.2,12091.47,85311.0,60457.35,24853.65,29.1
100864,2025-12-07,Broiler Chicken,Poultry,Lagos,Distributor,1,3728.73,2511.1,3728.73,2511.1,1217.63,32.7
100865,2025-12-07,Goat Meat (kg),Livestock,Ibadan Metro,Retail Market,1,4211.87,3135.94,4211.87,3135.94,1075.93,25.5
100866,2025-12-07,"Cattle (Live, per head)",Livestock,Ogun,Direct Farm Sale,1,307371.77,206462.61,307371.77,206462.61,100909.16,32.8
100867,2025-12-07,Layer Eggs (Crate),Poultry,Lagos,Direct Farm Sale,6,3340.45,2246.79,20042.7,13480.74,6561.96,32.7
100868,2025-12-07,Feed - Layer Mash (bag),Feed,Lagos,Direct Farm Sale,13,15820.72,9862.38,205669.36,128210.94,77458.42,37.7
100869,2025-12-07,Turkey,Poultry,Ogun,Direct Farm Sale,4,5552.21,4257.06,22208.84,17028.24,5180.6,23.3
100870,2025-12-07,Feed - Broiler Starter (bag),Feed,Lagos,Retail Market,6,18608.39,12487.64,111650.34,74925.84,36724.5,32.9
100871,2025-12-07,Feed - Broiler Starter (bag),Feed,Lagos,Direct Farm Sale,4,17476.84,11181.17,69907.36,44724.68,25182.68,36.0
100872,2025-12-08,"Cattle (Live, per head)",Livestock,Oyo,Retail Market,1,347304.79,230057.32,347304.79,230057.32,117247.47,33.8
100873,2025-12-08,Layer Eggs (Crate),Poultry,Ogun,Direct Farm Sale,4,3421.21,2451.14,13684.84,9804.56,3880.28,28.4
100874,2025-12-08,"Ram (Live, per head)",Livestock,Lagos,Direct Farm Sale,1,107830.59,73341.56,107830.59,73341.56,34489.03,32.0
100875,2025-12-08,Feed - Broiler Starter (bag),Feed,Ibadan Metro,Direct Farm Sale,2,18371.74,13266.9,36743.48,26533.8,10209.68,27.8
100876,2025-12-08,"Ram (Live, per head)",Livestock,Ibadan Metro,Distributor,1,115175.43,80003.15,115175.43,80003.15,35172.28,30.5
100877,2025-12-09,"Ram (Live, per head)",Livestock,Ogun,Retail Market,1,106668.81,78860.31,106668.81,78860.31,27808.5,26.1
100878,2025-12-09,Feed - Broiler Starter (bag),Feed,Lagos,Retail Market,3,17796.48,11758.96,53389.44,35276.88,18112.56,33.9
100879,2025-12-09,"Ram (Live, per head)",Livestock,Ogun,Direct Farm Sale,1,111833.47,80959.25,111833.47,80959.25,30874.22,27.6
100880,2025-12-09,Layer Eggs (Crate),Poultry,Lagos,Distributor,2,3409.13,2392.9,6818.26,4785.8,2032.46,29.8
100881,2025-12-09,"Ram (Live, per head)",Livestock,Lagos,Retail Market,1,111906.77,75320.56,111906.77,75320.56,36586.21,32.7
100882,2025-12-09,Feed - Broiler Starter (bag),Feed,Ogun,Direct Farm Sale,2,17271.21,12635.43,34542.42,25270.86,9271.56,26.8
100883,2025-12-09,Feed - Layer Mash (bag),Feed,Lagos,Online Order,9,15681.36,10076.83,141132.24,90691.47,50440.77,35.7
100884,2025-12-09,Layer Eggs (Crate),Poultry,Oyo,Direct Farm Sale,5,3444.13,2493.69,17220.65,12468.45,4752.2,27.6
100885,2025-12-09,Turkey,Poultry,Oyo,Online Order,3,5128.54,3827.08,15385.62,11481.24,3904.38,25.4
100886,2025-12-09,Feed - Layer Mash (bag),Feed,Ogun,Direct Farm Sale,1,16005.98,10316.59,16005.98,10316.59,5689.39,35.5
100887,2025-12-09,Feed - Broiler Starter (bag),Feed,Ogun,Direct Farm Sale,1,17771.68,12174.08,17771.68,12174.08,5597.6,31.5
100888,2025-12-10,Broiler Chicken,Poultry,Ogun,Online Order,1,3899.36,2819.53,3899.36,2819.53,1079.83,27.7
100889,2025-12-10,Turkey,Poultry,Lagos,Distributor,5,5061.24,3316.99,25306.2,16584.95,8721.25,34.5
100890,2025-12-10,Turkey,Poultry,Oyo,Retail Market,1,5400.7,3422.86,5400.7,3422.86,1977.84,36.6
100891,2025-12-10,Turkey,Poultry,Ibadan Metro,Direct Farm Sale,6,4994.02,3406.83,29964.12,20440.98,9523.14,31.8
100892,2025-12-10,Turkey,Poultry,Ogun,Retail Market,3,5489.12,3540.8,16467.36,10622.4,5844.96,35.5
100893,2025-12-10,Broiler Chicken,Poultry,Ogun,Online Order,7,3909.13,2636.91,27363.91,18458.37,8905.54,32.5
100894,2025-12-11,Feed - Layer Mash (bag),Feed,Ibadan Metro,Distributor,4,15189.51,11730.44,60758.04,46921.76,13836.28,22.8
100895,2025-12-11,"Cattle (Live, per head)",Livestock,Ibadan Metro,Retail Market,1,318198.24,231498.26,318198.24,231498.26,86699.98,27.2
100896,2025-12-11,"Ram (Live, per head)",Livestock,Oyo,Direct Farm Sale,1,114906.97,79380.58,114906.97,79380.58,35526.39,30.9
100897,2025-12-11,Turkey,Poultry,Ogun,Direct Farm Sale,7,5255.26,3269.62,36786.82,22887.34,13899.48,37.8
100898,2025-12-11,Layer Eggs (Crate),Poultry,Ogun,Retail Market,6,3171.79,2107.35,19030.74,12644.1,6386.64,33.6
100899,2025-12-11,Goat Meat (kg),Livestock,Lagos,Distributor,1,4330.2,2743.18,4330.2,2743.18,1587.02,36.7
100900,2025-12-11,"Ram (Live, per head)",Livestock,Ogun,Distributor,1,111538.51,75568.21,111538.51,75568.21,35970.3,32.2
100901,2025-12-11,"Ram (Live, per head)",Livestock,Ogun,Retail Market,1,108267.2,78950.16,108267.2,78950.16,29317.04,27.1
100902,2025-12-11,Layer Eggs (Crate),Poultry,Lagos,Direct Farm Sale,1,3284.25,2303.55,3284.25,2303.55,980.7,29.9
100903,2025-12-11,Layer Eggs (Crate),Poultry,Lagos,Direct Farm Sale,13,3337.29,2125.3,43384.77,27628.9,15755.87,36.3
100904,2025-12-11,Goat Meat (kg),Livestock,Oyo,Retail Market,1,4388.8,2772.38,4388.8,2772.38,1616.42,36.8
100905,2025-12-11,"Ram (Live, per head)",Livestock,Lagos,Retail Market,1,107597.33,83914.49,107597.33,83914.49,23682.84,22.0
100906,2025-12-11,Feed - Broiler Starter (bag),Feed,Ogun,Direct Farm Sale,3,19067.41,14776.23,57202.23,44328.69,12873.54,22.5
100907,2025-12-11,Feed - Layer Mash (bag),Feed,Ibadan Metro,Online Order,2,16208.94,11454.14,32417.88,22908.28,9509.6,29.3
100908,2025-12-11,Feed - Broiler Starter (bag),Feed,Ogun,Distributor,2,17314.41,12130.39,34628.82,24260.78,10368.04,29.9
100909,2025-12-11,Goat Meat (kg),Livestock,Ibadan Metro,Distributor,1,4260.97,3055.21,4260.97,3055.21,1205.76,28.3
100910,2025-12-12,Turkey,Poultry,Lagos,Distributor,9,5104.46,3626.17,45940.14,32635.53,13304.61,29.0
100911,2025-12-12,"Ram (Live, per head)",Livestock,Ogun,Retail Market,1,112788.39,72464.42,112788.39,72464.42,40323.97,35.8
100912,2025-12-12,Goat Meat (kg),Livestock,Lagos,Distributor,1,4338.71,2995.86,4338.71,2995.86,1342.85,31.0
100913,2025-12-12,Layer Eggs (Crate),Poultry,Ogun,Distributor,17,3303.07,2555.37,56152.19,43441.29,12710.9,22.6
100914,2025-12-12,Feed - Layer Mash (bag),Feed,Ibadan Metro,Direct Farm Sale,5,14515.29,9817.52,72576.45,49087.6,23488.85,32.4
100915,2025-12-12,Goat Meat (kg),Livestock,Lagos,Direct Farm Sale,1,4328.18,3296.98,4328.18,3296.98,1031.2,23.8
100916,2025-12-12,Feed - Layer Mash (bag),Feed,Ibadan Metro,Retail Market,1,16371.45,11369.06,16371.45,11369.06,5002.39,30.6
100917,2025-12-12,Turkey,Poultry,Lagos,Distributor,6,5443.96,3804.58,32663.76,22827.48,9836.28,30.1
100918,2025-12-13,"Ram (Live, per head)",Livestock,Lagos,Retail Market,1,104248.89,74563.42,104248.89,74563.42,29685.47,28.5
100919,2025-12-13,Layer Eggs (Crate),Poultry,Ibadan Metro,Distributor,3,3179.63,2278.61,9538.89,6835.83,2703.06,28.3
100920,2025-12-13,Layer Eggs (Crate),Poultry,Ibadan Metro,Distributor,7,3316.62,2271.6,23216.34,15901.2,7315.14,31.5
100921,2025-12-13,"Ram (Live, per head)",Livestock,Oyo,Online Order,1,113602.93,86487.15,113602.93,86487.15,27115.78,23.9
100922,2025-12-13,Turkey,Poultry,Lagos,Retail Market,4,5278.27,3332.11,21113.08,13328.44,7784.64,36.9
100923,2025-12-13,Turkey,Poultry,Ibadan Metro,Retail Market,4,5284.29,3825.79,21137.16,15303.16,5834.0,27.6
100924,2025-12-13,Goat Meat (kg),Livestock,Ogun,Direct Farm Sale,1,4451.56,2850.33,4451.56,2850.33,1601.23,36.0
100925,2025-12-13,Turkey,Poultry,Ogun,Distributor,1,5569.11,3552.99,5569.11,3552.99,2016.12,36.2
100926,2025-12-13,Feed - Layer Mash (bag),Feed,Ibadan Metro,Distributor,14,15010.9,10293.43,210152.6,144108.02,66044.58,31.4
100927,2025-12-13,Broiler Chicken,Poultry,Lagos,Distributor,3,3692.78,2375.33,11078.34,7125.99,3952.35,35.7
100928,2025-12-14,"Cattle (Live, per head)",Livestock,Lagos,Retail Market,1,341293.08,255237.1,341293.08,255237.1,86055.98,25.2
100929,2025-12-14,Feed - Broiler Starter (bag),Feed,Ibadan Metro,Distributor,2,18642.07,13429.19,37284.14,26858.38,10425.76,28.0
100930,2025-12-14,"Cattle (Live, per head)",Livestock,Oyo,Direct Farm Sale,1,308690.38,240707.41,308690.38,240707.41,67982.97,22.0
100931,2025-12-14,Goat Meat (kg),Livestock,Oyo,Direct Farm Sale,1,4355.71,3298.75,4355.71,3298.75,1056.96,24.3
100932,2025-12-14,Broiler Chicken,Poultry,Ibadan Metro,Online Order,8,3532.08,2331.38,28256.64,18651.04,9605.6,34.0
100933,2025-12-14,"Ram (Live, per head)",Livestock,Ogun,Direct Farm Sale,1,113936.07,82005.02,113936.07,82005.02,31931.05,28.0
100934,2025-12-14,"Ram (Live, per head)",Livestock,Oyo,Online Order,1,107602.28,75232.52,107602.28,75232.52,32369.76,30.1
100935,2025-12-14,Broiler Chicken,Poultry,Oyo,Retail Market,8,3647.79,2543.95,29182.32,20351.6,8830.72,30.3
100936,2025-12-14,Broiler Chicken,Poultry,Lagos,Retail Market,2,3671.23,2307.26,7342.46,4614.52,2727.94,37.2
100937,2025-12-14,"Cattle (Live, per head)",Livestock,Lagos,Retail Market,1,330750.13,237233.19,330750.13,237233.19,93516.94,28.3
100938,2025-12-15,Broiler Chicken,Poultry,Lagos,Retail Market,4,3768.17,2867.85,15072.68,11471.4,3601.28,23.9
100939,2025-12-15,Broiler Chicken,Poultry,Ibadan Metro,Retail Market,6,3705.37,2498.72,22232.22,14992.32,7239.9,32.6
100940,2025-12-15,"Cattle (Live, per head)",Livestock,Lagos,Direct Farm Sale,1,338990.9,234796.42,338990.9,234796.42,104194.48,30.7
100941,2025-12-15,Feed - Layer Mash (bag),Feed,Oyo,Distributor,3,15938.76,12182.08,47816.28,36546.24,11270.04,23.6
100942,2025-12-15,Feed - Layer Mash (bag),Feed,Ogun,Distributor,10,14651.39,9386.42,146513.9,93864.2,52649.7,35.9
100943,2025-12-15,"Ram (Live, per head)",Livestock,Ibadan Metro,Retail Market,1,106562.09,67547.55,106562.09,67547.55,39014.54,36.6
100944,2025-12-15,Broiler Chicken,Poultry,Lagos,Direct Farm Sale,3,3844.51,2506.42,11533.53,7519.26,4014.27,34.8
100945,2025-12-15,"Cattle (Live, per head)",Livestock,Ogun,Direct Farm Sale,1,318696.69,224337.0,318696.69,224337.0,94359.69,29.6
100946,2025-12-15,"Ram (Live, per head)",Livestock,Ogun,Distributor,1,115410.27,74724.52,115410.27,74724.52,40685.75,35.3
100947,2025-12-15,Goat Meat (kg),Livestock,Lagos,Direct Farm Sale,1,4573.77,3156.35,4573.77,3156.35,1417.42,31.0
100948,2025-12-16,Turkey,Poultry,Ogun,Retail Market,3,5519.21,4027.45,16557.63,12082.35,4475.28,27.0
100949,2025-12-16,Layer Eggs (Crate),Poultry,Ogun,Direct Farm Sale,1,3230.1,2224.33,3230.1,2224.33,1005.77,31.1
100950,2025-12-16,Goat Meat (kg),Livestock,Lagos,Direct Farm Sale,1,4333.61,2780.43,4333.61,2780.43,1553.18,35.8
100951,2025-12-16,Turkey,Poultry,Ogun,Distributor,3,5121.95,3235.31,15365.85,9705.93,5659.92,36.8
100952,2025-12-16,Goat Meat (kg),Livestock,Oyo,Direct Farm Sale,1,4225.53,2853.5,4225.53,2853.5,1372.03,32.5
100953,2025-12-16,"Ram (Live, per head)",Livestock,Ibadan Metro,Direct Farm Sale,1,115584.6,82228.42,115584.6,82228.42,33356.18,28.9
100954,2025-12-16,Feed - Layer Mash (bag),Feed,Ogun,Direct Farm Sale,11,15462.13,11208.03,170083.43,123288.33,46795.1,27.5
100955,2025-12-16,Broiler Chicken,Poultry,Oyo,Direct Farm Sale,26,3638.27,2652.58,94595.02,68967.08,25627.94,27.1
100956,2025-12-16,Turkey,Poultry,Lagos,Retail Market,14,5371.73,4020.81,75204.22,56291.34,18912.88,25.1
100957,2025-12-16,Feed - Layer Mash (bag),Feed,Ogun,Retail Market,11,15021.95,9373.36,165241.45,103106.96,62134.49,37.6
100958,2025-12-17,Turkey,Poultry,Oyo,Online Order,1,5072.38,3720.21,5072.38,3720.21,1352.17,26.7
100959,2025-12-17,Goat Meat (kg),Livestock,Lagos,Direct Farm Sale,1,4238.97,3106.56,4238.97,3106.56,1132.41,26.7
100960,2025-12-17,Feed - Broiler Starter (bag),Feed,Lagos,Direct Farm Sale,4,17141.5,11552.98,68566.0,46211.92,22354.08,32.6
100961,2025-12-17,"Cattle (Live, per head)",Livestock,Ogun,Retail Market,1,325745.91,202176.48,325745.91,202176.48,123569.43,37.9
100962,2025-12-17,Turkey,Poultry,Ibadan Metro,Direct Farm Sale,11,5295.12,4082.56,58246.32,44908.16,13338.16,22.9
100963,2025-12-18,Goat Meat (kg),Livestock,Ogun,Retail Market,1,4570.4,3478.77,4570.4,3478.77,1091.63,23.9
100964,2025-12-18,Broiler Chicken,Poultry,Lagos,Online Order,1,3641.58,2308.15,3641.58,2308.15,1333.43,36.6
100965,2025-12-18,Feed - Broiler Starter (bag),Feed,Ibadan Metro,Direct Farm Sale,2,19054.42,13232.02,38108.84,26464.04,11644.8,30.6
100966,2025-12-18,"Cattle (Live, per head)",Livestock,Lagos,Direct Farm Sale,1,312767.7,208187.52,312767.7,208187.52,104580.18,33.4
100967,2025-12-19,Layer Eggs (Crate),Poultry,Lagos,Direct Farm Sale,1,3290.2,2355.2,3290.2,2355.2,935.0,28.4
100968,2025-12-19,Goat Meat (kg),Livestock,Oyo,Retail Market,1,4684.79,3508.04,4684.79,3508.04,1176.75,25.1
100969,2025-12-19,Feed - Layer Mash (bag),Feed,Ogun,Distributor,6,14667.59,9343.96,88005.54,56063.76,31941.78,36.3
100970,2025-12-19,"Cattle (Live, per head)",Livestock,Ogun,Direct Farm Sale,1,346153.05,231941.63,346153.05,231941.63,114211.42,33.0
100971,2025-12-19,Turkey,Poultry,Lagos,Direct Farm Sale,16,5276.45,3936.99,84423.2,62991.84,21431.36,25.4
100972,2025-12-19,Broiler Chicken,Poultry,Oyo,Distributor,10,3647.4,2713.08,36474.0,27130.8,9343.2,25.6
100973,2025-12-19,"Ram (Live, per head)",Livestock,Lagos,Retail Market,1,115256.53,80839.71,115256.53,80839.71,34416.82,29.9
100974,2025-12-19,Broiler Chicken,Poultry,Lagos,Online Order,6,3744.92,2906.2,22469.52,17437.2,5032.32,22.4
100975,2025-12-19,"Ram (Live, per head)",Livestock,Oyo,Direct Farm Sale,1,104638.59,73541.67,104638.59,73541.67,31096.92,29.7
100976,2025-12-19,Feed - Layer Mash (bag),Feed,Oyo,Distributor,8,14596.65,10244.57,116773.2,81956.56,34816.64,29.8
100977,2025-12-19,Feed - Layer Mash (bag),Feed,Ibadan Metro,Distributor,2,14991.0,10699.03,29982.0,21398.06,8583.94,28.6
100978,2025-12-20,"Cattle (Live, per head)",Livestock,Ogun,Direct Farm Sale,1,343975.3,248151.46,343975.3,248151.46,95823.84,27.9
100979,2025-12-20,Layer Eggs (Crate),Poultry,Lagos,Retail Market,4,3156.92,2058.63,12627.68,8234.52,4393.16,34.8
100980,2025-12-20,Feed - Broiler Starter (bag),Feed,Lagos,Direct Farm Sale,7,17125.88,12316.94,119881.16,86218.58,33662.58,28.1
100981,2025-12-20,"Ram (Live, per head)",Livestock,Lagos,Direct Farm Sale,1,110580.32,71755.78,110580.32,71755.78,38824.54,35.1
100982,2025-12-20,"Ram (Live, per head)",Livestock,Oyo,Direct Farm Sale,1,114684.13,74882.08,114684.13,74882.08,39802.05,34.7
100983,2025-12-20,Feed - Broiler Starter (bag),Feed,Ogun,Retail Market,5,19104.23,12169.48,95521.15,60847.4,34673.75,36.3
100984,2025-12-20,Broiler Chicken,Poultry,Lagos,Distributor,9,3679.5,2570.79,33115.5,23137.11,9978.39,30.1
100985,2025-12-20,"Ram (Live, per head)",Livestock,Lagos,Direct Farm Sale,1,115171.36,81161.55,115171.36,81161.55,34009.81,29.5
100986,2025-12-20,Broiler Chicken,Poultry,Lagos,Direct Farm Sale,4,3803.79,2518.12,15215.16,10072.48,5142.68,33.8
100987,2025-12-20,Feed - Broiler Starter (bag),Feed,Lagos,Direct Farm Sale,3,17095.24,10758.29,51285.72,32274.87,19010.85,37.1
100988,2025-12-20,Goat Meat (kg),Livestock,Lagos,Direct Farm Sale,1,4249.64,2892.72,4249.64,2892.72,1356.92,31.9
100989,2025-12-20,Turkey,Poultry,Ogun,Direct Farm Sale,11,5498.87,3560.78,60487.57,39168.58,21318.99,35.2
100990,2025-12-20,Goat Meat (kg),Livestock,Ogun,Distributor,1,4173.97,2857.02,4173.97,2857.02,1316.95,31.6
100991,2025-12-20,Goat Meat (kg),Livestock,Lagos,Retail Market,1,4641.13,3363.21,4641.13,3363.21,1277.92,27.5
100992,2025-12-21,Goat Meat (kg),Livestock,Oyo,Distributor,1,4327.63,3245.35,4327.63,3245.35,1082.28,25.0
100993,2025-12-21,Broiler Chicken,Poultry,Ogun,Direct Farm Sale,4,3566.33,2616.77,14265.32,10467.08,3798.24,26.6
100994,2025-12-21,Feed - Broiler Starter (bag),Feed,Lagos,Retail Market,3,17969.03,11161.2,53907.09,33483.6,20423.49,37.9
100995,2025-12-21,Goat Meat (kg),Livestock,Ibadan Metro,Distributor,1,4386.49,2925.13,4386.49,2925.13,1461.36,33.3
100996,2025-12-22,Feed - Layer Mash (bag),Feed,Lagos,Distributor,1,16054.83,11935.14,16054.83,11935.14,4119.69,25.7
100997,2025-12-22,Broiler Chicken,Poultry,Oyo,Distributor,14,3664.73,2463.11,51306.22,34483.54,16822.68,32.8
100998,2025-12-22,Broiler Chicken,Poultry,Lagos,Distributor,1,3949.0,2600.47,3949.0,2600.47,1348.53,34.1
100999,2025-12-22,"Ram (Live, per head)",Livestock,Oyo,Direct Farm Sale,1,116516.94,79781.31,116516.94,79781.31,36735.63,31.5
101000,2025-12-22,Layer Eggs (Crate),Poultry,Ibadan Metro,Direct Farm Sale,4,3075.24,1998.55,12300.96,7994.2,4306.76,35.0
101001,2025-12-22,Broiler Chicken,Poultry,Lagos,Retail Market,1,3544.45,2580.87,3544.45,2580.87,963.58,27.2
101002,2025-12-22,"Cattle (Live, per head)",Livestock,Lagos,Retail Market,1,317607.15,206649.0,317607.15,206649.0,110958.15,34.9
101003,2025-12-22,Feed - Broiler Starter (bag),Feed,Lagos,Direct Farm Sale,1,17103.62,13051.24,17103.62,13051.24,4052.38,23.7
101004,2025-12-22,Broiler Chicken,Poultry,Ogun,Retail Market,4,3966.9,2702.88,15867.6,10811.52,5056.08,31.9
101005,2025-12-22,Goat Meat (kg),Livestock,Lagos,Retail Market,1,4298.86,3102.84,4298.86,3102.84,1196.02,27.8
101006,2025-12-22,"Cattle (Live, per head)",Livestock,Ogun,Retail Market,1,316991.52,219288.78,316991.52,219288.78,97702.74,30.8
101007,2025-12-22,"Cattle (Live, per head)",Livestock,Ibadan Metro,Direct Farm Sale,1,330631.55,231747.47,330631.55,231747.47,98884.08,29.9
101008,2025-12-23,Turkey,Poultry,Ibadan Metro,Distributor,1,5456.24,3598.47,5456.24,3598.47,1857.77,34.0
101009,2025-12-23,Broiler Chicken,Poultry,Lagos,Distributor,1,3631.74,2505.37,3631.74,2505.37,1126.37,31.0
101010,2025-12-23,"Cattle (Live, per head)",Livestock,Lagos,Distributor,1,307335.71,215015.31,307335.71,215015.31,92320.4,30.0
101011,2025-12-23,Turkey,Poultry,Ibadan Metro,Distributor,4,5189.94,3599.8,20759.76,14399.2,6360.56,30.6
101012,2025-12-23,Layer Eggs (Crate),Poultry,Ogun,Direct Farm Sale,5,3317.94,2221.61,16589.7,11108.05,5481.65,33.0
101013,2025-12-23,Broiler Chicken,Poultry,Ibadan Metro,Distributor,3,3644.11,2445.99,10932.33,7337.97,3594.36,32.9
101014,2025-12-24,Turkey,Poultry,Lagos,Direct Farm Sale,14,5527.16,4138.18,77380.24,57934.52,19445.72,25.1
101015,2025-12-24,Broiler Chicken,Poultry,Lagos,Retail Market,6,3871.2,2761.82,23227.2,16570.92,6656.28,28.7
101016,2025-12-24,Layer Eggs (Crate),Poultry,Ogun,Direct Farm Sale,3,3194.84,2463.92,9584.52,7391.76,2192.76,22.9
101017,2025-12-24,Feed - Broiler Starter (bag),Feed,Ibadan Metro,Distributor,13,19060.43,12419.62,247785.59,161455.06,86330.53,34.8
101018,2025-12-24,Feed - Broiler Starter (bag),Feed,Oyo,Direct Farm Sale,5,17240.96,12826.37,86204.8,64131.85,22072.95,25.6
101019,2025-12-24,Goat Meat (kg),Livestock,Lagos,Distributor,1,4507.19,3437.15,4507.19,3437.15,1070.04,23.7
101020,2025-12-24,"Ram (Live, per head)",Livestock,Ogun,Distributor,1,114723.05,73036.54,114723.05,73036.54,41686.51,36.3
101021,2025-12-24,Feed - Broiler Starter (bag),Feed,Lagos,Retail Market,6,18627.49,12406.56,111764.94,74439.36,37325.58,33.4
101022,2025-12-24,Goat Meat (kg),Livestock,Oyo,Distributor,1,4508.96,3300.06,4508.96,3300.06,1208.9,26.8
101023,2025-12-24,Broiler Chicken,Poultry,Ogun,Distributor,23,3857.78,2562.14,88728.94,58929.22,29799.72,33.6
101024,2025-12-24,"Cattle (Live, per head)",Livestock,Ogun,Retail Market,1,321737.63,238071.73,321737.63,238071.73,83665.9,26.0
101025,2025-12-24,Turkey,Poultry,Lagos,Online Order,3,5134.7,3989.82,15404.1,11969.46,3434.64,22.3
101026,2025-12-24,"Cattle (Live, per head)",Livestock,Oyo,Retail Market,1,315448.28,242124.14,315448.28,242124.14,73324.14,23.2
101027,2025-12-24,Feed - Broiler Starter (bag),Feed,Lagos,Direct Farm Sale,17,19052.94,12157.46,323899.98,206676.82,117223.16,36.2
101028,2025-12-25,Broiler Chicken,Poultry,Ibadan Metro,Direct Farm Sale,3,3876.17,2686.23,11628.51,8058.69,3569.82,30.7
101029,2025-12-25,Broiler Chicken,Poultry,Ibadan Metro,Direct Farm Sale,1,3869.93,2463.45,3869.93,2463.45,1406.48,36.3
101030,2025-12-25,"Cattle (Live, per head)",Livestock,Oyo,Online Order,1,344086.98,265419.1,344086.98,265419.1,78667.88,22.9
101031,2025-12-25,"Ram (Live, per head)",Livestock,Ogun,Distributor,1,117535.09,77670.61,117535.09,77670.61,39864.48,33.9
101032,2025-12-25,"Cattle (Live, per head)",Livestock,Ibadan Metro,Direct Farm Sale,1,345559.34,237654.04,345559.34,237654.04,107905.3,31.2
101033,2025-12-25,Feed - Layer Mash (bag),Feed,Lagos,Retail Market,7,14702.85,10752.8,102919.95,75269.6,27650.35,26.9
101034,2025-12-25,"Ram (Live, per head)",Livestock,Oyo,Distributor,1,115425.42,88288.11,115425.42,88288.11,27137.31,23.5
101035,2025-12-25,Feed - Broiler Starter (bag),Feed,Ogun,Retail Market,3,17063.52,11890.16,51190.56,35670.48,15520.08,30.3
101036,2025-12-25,Feed - Broiler Starter (bag),Feed,Lagos,Retail Market,6,18213.66,11439.66,109281.96,68637.96,40644.0,37.2
101037,2025-12-25,Feed - Broiler Starter (bag),Feed,Ibadan Metro,Online Order,4,17688.66,13279.23,70754.64,53116.92,17637.72,24.9
101038,2025-12-25,"Ram (Live, per head)",Livestock,Lagos,Retail Market,1,104913.04,68260.45,104913.04,68260.45,36652.59,34.9
101039,2025-12-26,"Ram (Live, per head)",Livestock,Ogun,Retail Market,1,117884.87,85519.05,117884.87,85519.05,32365.82,27.5
101040,2025-12-26,Broiler Chicken,Poultry,Lagos,Direct Farm Sale,1,3756.67,2499.54,3756.67,2499.54,1257.13,33.5
101041,2025-12-26,Feed - Broiler Starter (bag),Feed,Ogun,Direct Farm Sale,7,18202.23,11472.51,127415.61,80307.57,47108.04,37.0
101042,2025-12-26,Broiler Chicken,Poultry,Lagos,Online Order,4,3801.88,2435.66,15207.52,9742.64,5464.88,35.9
101043,2025-12-26,Goat Meat (kg),Livestock,Lagos,Distributor,1,4532.11,2862.1,4532.11,2862.1,1670.01,36.8
101044,2025-12-26,Layer Eggs (Crate),Poultry,Oyo,Direct Farm Sale,1,3072.07,2379.93,3072.07,2379.93,692.14,22.5
101045,2025-12-26,Feed - Broiler Starter (bag),Feed,Oyo,Direct Farm Sale,5,17676.97,13413.69,88384.85,67068.45,21316.4,24.1
101046,2025-12-26,Goat Meat (kg),Livestock,Ogun,Distributor,1,4550.8,2871.02,4550.8,2871.02,1679.78,36.9
101047,2025-12-27,Layer Eggs (Crate),Poultry,Oyo,Online Order,6,3461.09,2224.87,20766.54,13349.22,7417.32,35.7
101048,2025-12-27,Goat Meat (kg),Livestock,Lagos,Retail Market,1,4429.48,3109.55,4429.48,3109.55,1319.93,29.8
101049,2025-12-27,"Ram (Live, per head)",Livestock,Lagos,Distributor,1,113381.75,84398.34,113381.75,84398.34,28983.41,25.6
101050,2025-12-27,Turkey,Poultry,Lagos,Direct Farm Sale,29,5427.85,4220.63,157407.65,122398.27,35009.38,22.2
101051,2025-12-27,"Cattle (Live, per head)",Livestock,Oyo,Retail Market,1,315703.57,209356.14,315703.57,209356.14,106347.43,33.7
101052,2025-12-27,Goat Meat (kg),Livestock,Ogun,Retail Market,1,4424.26,3007.23,4424.26,3007.23,1417.03,32.0
101053,2025-12-27,"Cattle (Live, per head)",Livestock,Ibadan Metro,Distributor,1,310324.63,226863.31,310324.63,226863.31,83461.32,26.9
101054,2025-12-27,Layer Eggs (Crate),Poultry,Ogun,Direct Farm Sale,4,3109.63,1967.13,12438.52,7868.52,4570.0,36.7
101055,2025-12-27,Turkey,Poultry,Lagos,Direct Farm Sale,10,5439.61,4104.81,54396.1,41048.1,13348.0,24.5
101056,2025-12-28,Feed - Layer Mash (bag),Feed,Oyo,Distributor,10,14542.58,9394.5,145425.8,93945.0,51480.8,35.4
101057,2025-12-28,Turkey,Poultry,Lagos,Retail Market,9,5231.8,3665.96,47086.2,32993.64,14092.56,29.9
101058,2025-12-28,Turkey,Poultry,Lagos,Retail Market,6,5216.76,3446.52,31300.56,20679.12,10621.44,33.9
101059,2025-12-28,"Cattle (Live, per head)",Livestock,Lagos,Retail Market,1,342065.15,228437.3,342065.15,228437.3,113627.85,33.2
101060,2025-12-28,Broiler Chicken,Poultry,Lagos,Retail Market,1,3826.13,2611.18,3826.13,2611.18,1214.95,31.8
101061,2025-12-28,"Cattle (Live, per head)",Livestock,Lagos,Distributor,1,327966.43,241867.52,327966.43,241867.52,86098.91,26.3
101062,2025-12-28,Layer Eggs (Crate),Poultry,Oyo,Retail Market,3,3147.06,1962.78,9441.18,5888.34,3552.84,37.6
101063,2025-12-29,"Ram (Live, per head)",Livestock,Oyo,Online Order,1,114753.1,86613.28,114753.1,86613.28,28139.82,24.5
101064,2025-12-29,Broiler Chicken,Poultry,Lagos,Retail Market,1,3752.62,2589.1,3752.62,2589.1,1163.52,31.0
101065,2025-12-29,Turkey,Poultry,Oyo,Distributor,4,5562.57,3734.03,22250.28,14936.12,7314.16,32.9
101066,2025-12-29,"Ram (Live, per head)",Livestock,Ogun,Distributor,1,116765.95,79275.59,116765.95,79275.59,37490.36,32.1
101067,2025-12-29,Feed - Layer Mash (bag),Feed,Ogun,Retail Market,3,16064.85,11754.78,48194.55,35264.34,12930.21,26.8
101068,2025-12-29,Broiler Chicken,Poultry,Oyo,Direct Farm Sale,5,3733.84,2713.7,18669.2,13568.5,5100.7,27.3
101069,2025-12-30,Feed - Broiler Starter (bag),Feed,Oyo,Direct Farm Sale,10,18818.02,14551.09,188180.2,145510.9,42669.3,22.7
101070,2025-12-30,"Cattle (Live, per head)",Livestock,Oyo,Direct Farm Sale,1,322530.61,217351.97,322530.61,217351.97,105178.64,32.6
101071,2025-12-30,"Ram (Live, per head)",Livestock,Lagos,Direct Farm Sale,1,112359.93,78717.03,112359.93,78717.03,33642.9,29.9
101072,2025-12-30,Broiler Chicken,Poultry,Lagos,Retail Market,11,3558.09,2523.01,39138.99,27753.11,11385.88,29.1
101073,2025-12-30,Layer Eggs (Crate),Poultry,Oyo,Direct Farm Sale,5,3294.03,2140.29,16470.15,10701.45,5768.7,35.0
101074,2025-12-31,Broiler Chicken,Poultry,Ogun,Direct Farm Sale,5,3831.5,2859.24,19157.5,14296.2,4861.3,25.4
101075,2025-12-31,Goat Meat (kg),Livestock,Oyo,Retail Market,1,4317.62,3281.32,4317.62,3281.32,1036.3,24.0
101076,2025-12-31,Turkey,Poultry,Ogun,Online Order,1,4947.66,3684.65,4947.66,3684.65,1263.01,25.5
101077,2025-12-31,"Ram (Live, per head)",Livestock,Ibadan Metro,Distributor,1,105282.53,74922.13,105282.53,74922.13,30360.4,28.8
101078,2025-12-31,Feed - Layer Mash (bag),Feed,Oyo,Distributor,2,15423.28,10866.83,30846.56,21733.66,9112.9,29.5
101079,2025-12-31,Layer Eggs (Crate),Poultry,Oyo,Direct Farm Sale,18,3205.34,2137.41,57696.12,38473.38,19222.74,33.3
101080,2025-12-31,"Cattle (Live, per head)",Livestock,Ibadan Metro,Online Order,1,308208.85,231558.13,308208.85,231558.13,76650.72,24.9
101081,2025-12-31,"Ram (Live, per head)",Livestock,Lagos,Online Order,1,112625.95,82563.27,112625.95,82563.27,30062.68,26.7
101082,2025-12-31,Feed - Layer Mash (bag),Feed,Lagos,Direct Farm Sale,14,15813.23,11503.88,221385.22,161054.32,60330.9,27.3
101083,2025-12-31,"Cattle (Live, per head)",Livestock,Oyo,Retail Market,1,335438.9,234229.2,335438.9,234229.2,101209.7,30.2
101084,2025-12-31,"Cattle (Live, per head)",Livestock,Lagos,Retail Market,1,327745.16,207091.74,327745.16,207091.74,120653.42,36.8
101085,2025-12-31,"Ram (Live, per head)",Livestock,Ibadan Metro,Direct Farm Sale,1,115862.07,90327.6,115862.07,90327.6,25534.47,22.0
101086,2025-12-31,Broiler Chicken,Poultry,Ibadan Metro,Direct Farm Sale,7,3973.17,2642.05,27812.19,18494.35,9317.84,33.5
101087,2025-12-31,Feed - Layer Mash (bag),Feed,Lagos,Retail Market,7,16093.73,11964.9,112656.11,83754.3,28901.81,25.7
101088,2025-12-31,Feed - Broiler Starter (bag),Feed,Lagos,Direct Farm Sale,4,17348.17,13259.32,69392.68,53037.28,16355.4,23.6
101089,2025-12-31,"Ram (Live, per head)",Livestock,Ogun,Direct Farm Sale,1,112856.42,70884.61,112856.42,70884.61,41971.81,37.2
101090,2026-01-01,Layer Eggs (Crate),Poultry,Ibadan Metro,Retail Market,22,3018.03,2193.43,66396.66,48255.46,18141.2,27.3
101091,2026-01-01,Feed - Broiler Starter (bag),Feed,Ibadan Metro,Direct Farm Sale,4,15847.37,12092.11,63389.48,48368.44,15021.04,23.7
101092,2026-01-01,"Cattle (Live, per head)",Livestock,Lagos,Distributor,1,275562.04,178110.86,275562.04,178110.86,97451.18,35.4
101093,2026-01-01,Feed - Layer Mash (bag),Feed,Ogun,Direct Farm Sale,17,12574.41,9587.67,213764.97,162990.39,50774.58,23.8
101094,2026-01-01,Turkey,Poultry,Oyo,Retail Market,4,4694.05,3413.05,18776.2,13652.2,5124.0,27.3
101095,2026-01-01,"Cattle (Live, per head)",Livestock,Lagos,Retail Market,1,292433.3,220697.09,292433.3,220697.09,71736.21,24.5
101096,2026-01-01,"Cattle (Live, per head)",Livestock,Ogun,Distributor,1,276098.33,199577.22,276098.33,199577.22,76521.11,27.7
101097,2026-01-01,Layer Eggs (Crate),Poultry,Oyo,Distributor,2,3014.65,2344.83,6029.3,4689.66,1339.64,22.2
101098,2026-01-01,Goat Meat (kg),Livestock,Ogun,Retail Market,1,4086.56,2581.77,4086.56,2581.77,1504.79,36.8
101099,2026-01-02,Broiler Chicken,Poultry,Ogun,Retail Market,7,3407.11,2429.89,23849.77,17009.23,6840.54,28.7
101100,2026-01-02,Broiler Chicken,Poultry,Oyo,Distributor,1,3454.62,2556.86,3454.62,2556.86,897.76,26.0
101101,2026-01-02,Turkey,Poultry,Ogun,Retail Market,11,4474.03,2778.57,49214.33,30564.27,18650.06,37.9
101102,2026-01-02,"Ram (Live, per head)",Livestock,Ogun,Retail Market,1,90662.82,61531.07,90662.82,61531.07,29131.75,32.1
101103,2026-01-02,Goat Meat (kg),Livestock,Lagos,Distributor,1,3637.34,2339.29,3637.34,2339.29,1298.05,35.7
101104,2026-01-02,"Ram (Live, per head)",Livestock,Ibadan Metro,Distributor,1,102421.22,72580.73,102421.22,72580.73,29840.49,29.1
101105,2026-01-02,Turkey,Poultry,Lagos,Direct Farm Sale,8,4521.61,3315.27,36172.88,26522.16,9650.72,26.7
101106,2026-01-02,Turkey,Poultry,Ogun,Distributor,5,4275.46,3204.98,21377.3,16024.9,5352.4,25.0
101107,2026-01-02,Feed - Layer Mash (bag),Feed,Ibadan Metro,Distributor,15,12818.88,9330.5,192283.2,139957.5,52325.7,27.2
101108,2026-01-03,Layer Eggs (Crate),Poultry,Oyo,Direct Farm Sale,5,2706.66,1862.34,13533.3,9311.7,4221.6,31.2
101109,2026-01-03,Broiler Chicken,Poultry,Ogun,Retail Market,5,3046.05,1928.0,15230.25,9640.0,5590.25,36.7
101110,2026-01-03,"Cattle (Live, per head)",Livestock,Lagos,Retail Market,1,290003.01,208788.28,290003.01,208788.28,81214.73,28.0
101111,2026-01-03,Feed - Layer Mash (bag),Feed,Oyo,Retail Market,7,13121.29,9121.88,91849.03,63853.16,27995.87,30.5
101112,2026-01-03,"Ram (Live, per head)",Livestock,Lagos,Direct Farm Sale,1,94377.56,58902.81,94377.56,58902.81,35474.75,37.6
101113,2026-01-03,Turkey,Poultry,Ogun,Retail Market,8,4443.65,3208.99,35549.2,25671.92,9877.28,27.8
101114,2026-01-04,Goat Meat (kg),Livestock,Ibadan Metro,Direct Farm Sale,1,3725.39,2466.79,3725.39,2466.79,1258.6,33.8
101115,2026-01-04,Feed - Layer Mash (bag),Feed,Oyo,Distributor,4,13086.29,8911.72,52345.16,35646.88,16698.28,31.9
101116,2026-01-04,Feed - Broiler Starter (bag),Feed,Oyo,Retail Market,4,15764.63,10413.47,63058.52,41653.88,21404.64,33.9
101117,2026-01-04,Broiler Chicken,Poultry,Oyo,Direct Farm Sale,2,3436.55,2428.12,6873.1,4856.24,2016.86,29.3
101118,2026-01-04,Feed - Broiler Starter (bag),Feed,Oyo,Distributor,8,15128.95,10380.8,121031.6,83046.4,37985.2,31.4
101119,2026-01-04,Goat Meat (kg),Livestock,Lagos,Distributor,1,3936.97,2571.61,3936.97,2571.61,1365.36,34.7
101120,2026-01-04,"Ram (Live, per head)",Livestock,Oyo,Distributor,1,100983.37,71792.21,100983.37,71792.21,29191.16,28.9
101121,2026-01-04,Layer Eggs (Crate),Poultry,Oyo,Direct Farm Sale,1,2966.65,1947.77,2966.65,1947.77,1018.88,34.3
101122,2026-01-04,"Ram (Live, per head)",Livestock,Ogun,Direct Farm Sale,1,90418.45,60446.1,90418.45,60446.1,29972.35,33.1
101123,2026-01-04,Broiler Chicken,Poultry,Lagos,Retail Market,1,3209.68,2329.69,3209.68,2329.69,879.99,27.4
101124,2026-01-04,Turkey,Poultry,Lagos,Direct Farm Sale,5,4280.38,3083.42,21401.9,15417.1,5984.8,28.0
101125,2026-01-05,Feed - Layer Mash (bag),Feed,Oyo,Retail Market,10,12566.51,8667.34,125665.1,86673.4,38991.7,31.0
101126,2026-01-05,"Ram (Live, per head)",Livestock,Ogun,Direct Farm Sale,1,90917.49,63020.08,90917.49,63020.08,27897.41,30.7
101127,2026-01-05,Broiler Chicken,Poultry,Ogun,Distributor,1,3344.46,2278.94,3344.46,2278.94,1065.52,31.9
101128,2026-01-05,Layer Eggs (Crate),Poultry,Lagos,Distributor,5,2820.72,1970.27,14103.6,9851.35,4252.25,30.2
101129,2026-01-05,Goat Meat (kg),Livestock,Ibadan Metro,Online Order,1,3807.16,2613.5,3807.16,2613.5,1193.66,31.4
101130,2026-01-06,Goat Meat (kg),Livestock,Ogun,Retail Market,1,3813.98,2692.67,3813.98,2692.67,1121.31,29.4
101131,2026-01-06,Broiler Chicken,Poultry,Oyo,Distributor,1,3225.86,2244.08,3225.86,2244.08,981.78,30.4
101132,2026-01-06,"Cattle (Live, per head)",Livestock,Lagos,Distributor,1,291919.42,189324.96,291919.42,189324.96,102594.46,35.1
101133,2026-01-06,Goat Meat (kg),Livestock,Lagos,Direct Farm Sale,1,3922.93,2498.62,3922.93,2498.62,1424.31,36.3
101134,2026-01-06,"Cattle (Live, per head)",Livestock,Oyo,Direct Farm Sale,1,295913.57,219887.48,295913.57,219887.48,76026.09,25.7
101135,2026-01-06,"Cattle (Live, per head)",Livestock,Ibadan Metro,Direct Farm Sale,1,282201.88,180073.51,282201.88,180073.51,102128.37,36.2
101136,2026-01-06,"Cattle (Live, per head)",Livestock,Ogun,Distributor,1,283303.07,192125.47,283303.07,192125.47,91177.6,32.2
101137,2026-01-06,Layer Eggs (Crate),Poultry,Ogun,Direct Farm Sale,7,2722.39,1722.28,19056.73,12055.96,7000.77,36.7
101138,2026-01-07,"Ram (Live, per head)",Livestock,Lagos,Distributor,1,101304.49,78736.32,101304.49,78736.32,22568.17,22.3
101139,2026-01-07,Turkey,Poultry,Lagos,Direct Farm Sale,10,4810.19,3253.24,48101.9,32532.4,15569.5,32.4
101140,2026-01-07,Broiler Chicken,Poultry,Oyo,Retail Market,2,3326.33,2179.26,6652.66,4358.52,2294.14,34.5
101141,2026-01-07,Goat Meat (kg),Livestock,Ogun,Direct Farm Sale,1,4024.45,2686.83,4024.45,2686.83,1337.62,33.2
101142,2026-01-07,Feed - Layer Mash (bag),Feed,Oyo,Retail Market,7,13010.2,8721.71,91071.4,61051.97,30019.43,33.0
101143,2026-01-07,Broiler Chicken,Poultry,Ibadan Metro,Distributor,2,3345.94,2236.96,6691.88,4473.92,2217.96,33.1
101144,2026-01-07,Turkey,Poultry,Lagos,Online Order,1,4487.78,3325.65,4487.78,3325.65,1162.13,25.9
101145,2026-01-07,"Cattle (Live, per head)",Livestock,Lagos,Retail Market,1,268056.0,195052.77,268056.0,195052.77,73003.23,27.2
101146,2026-01-07,Broiler Chicken,Poultry,Ogun,Direct Farm Sale,10,3296.97,2284.84,32969.7,22848.4,10121.3,30.7
101147,2026-01-07,"Cattle (Live, per head)",Livestock,Lagos,Direct Farm Sale,1,278247.19,198742.23,278247.19,198742.23,79504.96,28.6
101148,2026-01-07,Broiler Chicken,Poultry,Lagos,Distributor,8,3134.7,2206.55,25077.6,17652.4,7425.2,29.6
101149,2026-01-07,"Ram (Live, per head)",Livestock,Lagos,Distributor,1,94920.85,70908.09,94920.85,70908.09,24012.76,25.3
101150,2026-01-07,Broiler Chicken,Poultry,Oyo,Direct Farm Sale,8,3444.79,2675.77,27558.32,21406.16,6152.16,22.3
101151,2026-01-08,Feed - Layer Mash (bag),Feed,Oyo,Distributor,3,13751.29,10531.59,41253.87,31594.77,9659.1,23.4
101152,2026-01-08,Feed - Broiler Starter (bag),Feed,Oyo,Distributor,1,15836.93,11419.76,15836.93,11419.76,4417.17,27.9
101153,2026-01-08,Goat Meat (kg),Livestock,Ogun,Distributor,1,4073.4,2625.31,4073.4,2625.31,1448.09,35.5
101154,2026-01-08,Layer Eggs (Crate),Poultry,Ogun,Direct Farm Sale,2,2867.72,1977.85,5735.44,3955.7,1779.74,31.0
101155,2026-01-08,Layer Eggs (Crate),Poultry,Oyo,Direct Farm Sale,1,2925.87,2063.5,2925.87,2063.5,862.37,29.5
101156,2026-01-08,Layer Eggs (Crate),Poultry,Ogun,Direct Farm Sale,2,2737.82,1743.67,5475.64,3487.34,1988.3,36.3
101157,2026-01-09,"Ram (Live, per head)",Livestock,Lagos,Direct Farm Sale,1,100220.72,74371.68,100220.72,74371.68,25849.04,25.8
101158,2026-01-09,Broiler Chicken,Poultry,Lagos,Retail Market,1,3348.8,2489.05,3348.8,2489.05,859.75,25.7
101159,2026-01-09,"Ram (Live, per head)",Livestock,Lagos,Retail Market,1,90473.04,63081.11,90473.04,63081.11,27391.93,30.3
101160,2026-01-09,Goat Meat (kg),Livestock,Lagos,Retail Market,1,3729.64,2414.84,3729.64,2414.84,1314.8,35.3
101161,2026-01-09,Broiler Chicken,Poultry,Oyo,Online Order,6,3449.74,2154.76,20698.44,12928.56,7769.88,37.5
101162,2026-01-09,Feed - Broiler Starter (bag),Feed,Lagos,Direct Farm Sale,8,16681.37,11339.61,133450.96,90716.88,42734.08,32.0
101163,2026-01-09,Feed - Layer Mash (bag),Feed,Lagos,Direct Farm Sale,2,13725.67,9397.47,27451.34,18794.94,8656.4,31.5
101164,2026-01-09,Feed - Layer Mash (bag),Feed,Lagos,Retail Market,1,12578.1,8409.67,12578.1,8409.67,4168.43,33.1
101165,2026-01-09,Feed - Layer Mash (bag),Feed,Oyo,Distributor,13,13693.5,8921.06,178015.5,115973.78,62041.72,34.9
101166,2026-01-09,Turkey,Poultry,Ibadan Metro,Retail Market,7,4510.34,3361.68,31572.38,23531.76,8040.62,25.5
101167,2026-01-09,"Cattle (Live, per head)",Livestock,Ogun,Distributor,1,292279.96,225066.87,292279.96,225066.87,67213.09,23.0
101168,2026-01-09,"Ram (Live, per head)",Livestock,Lagos,Direct Farm Sale,1,98716.4,68094.01,98716.4,68094.01,30622.39,31.0
101169,2026-01-09,Turkey,Poultry,Ogun,Retail Market,2,4415.58,3203.49,8831.16,6406.98,2424.18,27.5
101170,2026-01-10,"Cattle (Live, per head)",Livestock,Ibadan Metro,Direct Farm Sale,1,271433.36,178754.99,271433.36,178754.99,92678.37,34.1
101171,2026-01-10,"Cattle (Live, per head)",Livestock,Lagos,Direct Farm Sale,1,266718.02,171134.09,266718.02,171134.09,95583.93,35.8
101172,2026-01-10,Layer Eggs (Crate),Poultry,Lagos,Direct Farm Sale,1,2765.41,1969.95,2765.41,1969.95,795.46,28.8
101173,2026-01-10,Turkey,Poultry,Oyo,Direct Farm Sale,2,4339.89,2972.82,8679.78,5945.64,2734.14,31.5
101174,2026-01-10,Layer Eggs (Crate),Poultry,Lagos,Direct Farm Sale,4,2723.34,2019.96,10893.36,8079.84,2813.52,25.8
101175,2026-01-10,"Cattle (Live, per head)",Livestock,Ibadan Metro,Retail Market,1,279358.73,177945.94,279358.73,177945.94,101412.79,36.3
101176,2026-01-10,Turkey,Poultry,Lagos,Direct Farm Sale,3,4784.7,3113.95,14354.1,9341.85,5012.25,34.9
101177,2026-01-11,"Cattle (Live, per head)",Livestock,Ogun,Direct Farm Sale,1,270041.67,186556.23,270041.67,186556.23,83485.44,30.9
101178,2026-01-11,"Cattle (Live, per head)",Livestock,Oyo,Retail Market,1,288899.88,186174.39,288899.88,186174.39,102725.49,35.6
101179,2026-01-11,Broiler Chicken,Poultry,Lagos,Retail Market,3,3189.72,2318.44,9569.16,6955.32,2613.84,27.3
101180,2026-01-11,Turkey,Poultry,Ibadan Metro,Retail Market,14,4847.43,3013.68,67864.02,42191.52,25672.5,37.8
101181,2026-01-11,Goat Meat (kg),Livestock,Lagos,Online Order,1,3661.07,2375.69,3661.07,2375.69,1285.38,35.1
101182,2026-01-11,Feed - Broiler Starter (bag),Feed,Ogun,Retail Market,1,16127.5,10882.77,16127.5,10882.77,5244.73,32.5
101183,2026-01-11,"Ram (Live, per head)",Livestock,Ogun,Direct Farm Sale,1,101188.42,73247.93,101188.42,73247.93,27940.49,27.6
101184,2026-01-11,Layer Eggs (Crate),Poultry,Ogun,Distributor,12,2669.63,1798.5,32035.56,21582.0,10453.56,32.6
101185,2026-01-12,Feed - Broiler Starter (bag),Feed,Ogun,Distributor,4,16410.31,12354.19,65641.24,49416.76,16224.48,24.7
101186,2026-01-12,"Cattle (Live, per head)",Livestock,Ogun,Direct Farm Sale,1,296158.5,220970.97,296158.5,220970.97,75187.53,25.4
101187,2026-01-12,Broiler Chicken,Poultry,Ogun,Direct Farm Sale,5,3283.86,2437.55,16419.3,12187.75,4231.55,25.8
101188,2026-01-12,Turkey,Poultry,Lagos,Distributor,11,4628.98,3163.07,50918.78,34793.77,16125.01,31.7
101189,2026-01-12,Feed - Broiler Starter (bag),Feed,Lagos,Direct Farm Sale,7,15150.02,11023.21,106050.14,77162.47,28887.67,27.2
101190,2026-01-12,Feed - Layer Mash (bag),Feed,Ibadan Metro,Retail Market,1,13817.34,9936.2,13817.34,9936.2,3881.14,28.1
101191,2026-01-12,"Ram (Live, per head)",Livestock,Lagos,Distributor,1,95170.25,63339.16,95170.25,63339.16,31831.09,33.4
101192,2026-01-13,Layer Eggs (Crate),Poultry,Ibadan Metro,Retail Market,18,2677.94,2025.57,48202.92,36460.26,11742.66,24.4
101193,2026-01-13,Feed - Layer Mash (bag),Feed,Oyo,Retail Market,3,14070.93,9783.18,42212.79,29349.54,12863.25,30.5
101194,2026-01-13,Turkey,Poultry,Lagos,Retail Market,3,4577.52,3397.33,13732.56,10191.99,3540.57,25.8
101195,2026-01-13,"Ram (Live, per head)",Livestock,Ibadan Metro,Retail Market,1,95793.07,60355.11,95793.07,60355.11,35437.96,37.0
101196,2026-01-13,"Cattle (Live, per head)",Livestock,Ogun,Distributor,1,293065.01,208931.3,293065.01,208931.3,84133.71,28.7
101197,2026-01-13,"Ram (Live, per head)",Livestock,Lagos,Direct Farm Sale,1,96427.86,62263.13,96427.86,62263.13,34164.73,35.4
101198,2026-01-14,Feed - Layer Mash (bag),Feed,Ibadan Metro,Retail Market,3,13748.24,9821.15,41244.72,29463.45,11781.27,28.6
101199,2026-01-14,Turkey,Poultry,Lagos,Retail Market,1,4770.08,3229.43,4770.08,3229.43,1540.65,32.3
101200,2026-01-14,"Cattle (Live, per head)",Livestock,Lagos,Direct Farm Sale,1,274790.83,192781.08,274790.83,192781.08,82009.75,29.8
101201,2026-01-14,"Ram (Live, per head)",Livestock,Ogun,Direct Farm Sale,1,102564.58,76265.56,102564.58,76265.56,26299.02,25.6
101202,2026-01-14,Turkey,Poultry,Lagos,Direct Farm Sale,1,4608.85,3418.44,4608.85,3418.44,1190.41,25.8
101203,2026-01-14,Turkey,Poultry,Lagos,Distributor,8,4733.24,3137.83,37865.92,25102.64,12763.28,33.7
101204,2026-01-14,Turkey,Poultry,Ibadan Metro,Direct Farm Sale,5,4391.46,3135.65,21957.3,15678.25,6279.05,28.6
101205,2026-01-14,Feed - Layer Mash (bag),Feed,Lagos,Distributor,1,13788.74,10025.53,13788.74,10025.53,3763.21,27.3
101206,2026-01-14,Feed - Broiler Starter (bag),Feed,Lagos,Direct Farm Sale,3,15563.68,10096.87,46691.04,30290.61,16400.43,35.1
101207,2026-01-14,"Ram (Live, per head)",Livestock,Lagos,Online Order,1,94075.14,61968.58,94075.14,61968.58,32106.56,34.1
101208,2026-01-14,Layer Eggs (Crate),Poultry,Oyo,Direct Farm Sale,3,2711.55,1960.05,8134.65,5880.15,2254.5,27.7
101209,2026-01-15,Broiler Chicken,Poultry,Lagos,Direct Farm Sale,15,3417.65,2513.34,51264.75,37700.1,13564.65,26.5
101210,2026-01-15,"Ram (Live, per head)",Livestock,Lagos,Retail Market,1,98322.66,76002.96,98322.66,76002.96,22319.7,22.7
101211,2026-01-15,"Ram (Live, per head)",Livestock,Ogun,Direct Farm Sale,1,95430.99,63999.87,95430.99,63999.87,31431.12,32.9
101212,2026-01-15,Turkey,Poultry,Oyo,Direct Farm Sale,1,4749.03,3047.01,4749.03,3047.01,1702.02,35.8
101213,2026-01-15,Feed - Layer Mash (bag),Feed,Ibadan Metro,Retail Market,5,13111.58,9024.01,65557.9,45120.05,20437.85,31.2
101214,2026-01-15,Broiler Chicken,Poultry,Lagos,Direct Farm Sale,1,3444.45,2220.08,3444.45,2220.08,1224.37,35.5
101215,2026-01-15,Turkey,Poultry,Oyo,Direct Farm Sale,2,4841.4,3716.59,9682.8,7433.18,2249.62,23.2
101216,2026-01-15,Turkey,Poultry,Oyo,Retail Market,1,4834.21,3711.36,4834.21,3711.36,1122.85,23.2
101217,2026-01-15,Goat Meat (kg),Livestock,Lagos,Direct Farm Sale,1,3851.63,2877.23,3851.63,2877.23,974.4,25.3
101218,2026-01-15,"Cattle (Live, per head)",Livestock,Ogun,Distributor,1,266819.16,184387.54,266819.16,184387.54,82431.62,30.9
101219,2026-01-15,Goat Meat (kg),Livestock,Lagos,Distributor,1,4088.51,2596.96,4088.51,2596.96,1491.55,36.5
101220,2026-01-15,Turkey,Poultry,Ogun,Retail Market,10,4464.48,2865.3,44644.8,28653.0,15991.8,35.8
101221,2026-01-16,"Ram (Live, per head)",Livestock,Lagos,Direct Farm Sale,1,102511.46,72791.55,102511.46,72791.55,29719.91,29.0
101222,2026-01-16,Layer Eggs (Crate),Poultry,Ogun,Retail Market,3,2898.84,2206.3,8696.52,6618.9,2077.62,23.9
101223,2026-01-16,Turkey,Poultry,Lagos,Direct Farm Sale,6,4459.03,2908.77,26754.18,17452.62,9301.56,34.8
101224,2026-01-16,Goat Meat (kg),Livestock,Lagos,Distributor,1,3751.71,2487.28,3751.71,2487.28,1264.43,33.7
101225,2026-01-16,Turkey,Poultry,Ibadan Metro,Direct Farm Sale,11,4401.25,2840.49,48413.75,31245.39,17168.36,35.5
101226,2026-01-16,Turkey,Poultry,Ibadan Metro,Direct Farm Sale,1,4550.14,3457.07,4550.14,3457.07,1093.07,24.0
101227,2026-01-16,Broiler Chicken,Poultry,Oyo,Distributor,2,3290.18,2384.96,6580.36,4769.92,1810.44,27.5
101228,2026-01-16,"Cattle (Live, per head)",Livestock,Ogun,Distributor,1,278658.83,195976.1,278658.83,195976.1,82682.73,29.7
101229,2026-01-16,Turkey,Poultry,Lagos,Distributor,3,4756.61,3618.37,14269.83,10855.11,3414.72,23.9
101230,2026-01-16,Broiler Chicken,Poultry,Lagos,Retail Market,8,3213.94,2461.11,25711.52,19688.88,6022.64,23.4
101231,2026-01-16,Broiler Chicken,Poultry,Ogun,Online Order,1,3448.15,2556.61,3448.15,2556.61,891.54,25.9
101232,2026-01-16,"Cattle (Live, per head)",Livestock,Lagos,Direct Farm Sale,1,302254.87,196102.94,302254.87,196102.94,106151.93,35.1
101233,2026-01-16,Broiler Chicken,Poultry,Ibadan Metro,Distributor,6,3148.0,2168.59,18888.0,13011.54,5876.46,31.1
101234,2026-01-16,"Ram (Live, per head)",Livestock,Oyo,Direct Farm Sale,1,90679.77,62159.16,90679.77,62159.16,28520.61,31.5
101235,2026-01-17,Feed - Broiler Starter (bag),Feed,Ogun,Distributor,7,16272.45,12590.26,113907.15,88131.82,25775.33,22.6
101236,2026-01-17,Goat Meat (kg),Livestock,Ogun,Distributor,1,3831.76,2705.02,3831.76,2705.02,1126.74,29.4
101237,2026-01-17,Feed - Broiler Starter (bag),Feed,Lagos,Online Order,7,16536.11,12715.93,115752.77,89011.51,26741.26,23.1
101238,2026-01-17,"Ram (Live, per head)",Livestock,Ogun,Retail Market,1,92441.9,61044.54,92441.9,61044.54,31397.36,34.0
101239,2026-01-17,"Ram (Live, per head)",Livestock,Lagos,Direct Farm Sale,1,96578.63,68314.35,96578.63,68314.35,28264.28,29.3
101240,2026-01-17,Turkey,Poultry,Lagos,Direct Farm Sale,4,4690.31,3308.53,18761.24,13234.12,5527.12,29.5
101241,2026-01-17,"Cattle (Live, per head)",Livestock,Ibadan Metro,Online Order,1,301934.61,229792.75,301934.61,229792.75,72141.86,23.9
101242,2026-01-17,Broiler Chicken,Poultry,Lagos,Distributor,3,3118.23,2146.85,9354.69,6440.55,2914.14,31.2
101243,2026-01-17,Feed - Layer Mash (bag),Feed,Oyo,Direct Farm Sale,4,12550.17,8536.53,50200.68,34146.12,16054.56,32.0
101244,2026-01-17,Feed - Broiler Starter (bag),Feed,Ogun,Distributor,8,15375.8,10116.67,123006.4,80933.36,42073.04,34.2
101245,2026-01-17,"Ram (Live, per head)",Livestock,Oyo,Online Order,1,100914.8,73450.77,100914.8,73450.77,27464.03,27.2
101246,2026-01-17,Turkey,Poultry,Oyo,Retail Market,5,4663.51,3209.68,23317.55,16048.4,7269.15,31.2
101247,2026-01-18,Goat Meat (kg),Livestock,Ogun,Direct Farm Sale,1,4008.36,2812.42,4008.36,2812.42,1195.94,29.8
101248,2026-01-18,Goat Meat (kg),Livestock,Lagos,Online Order,1,3803.2,2406.65,3803.2,2406.65,1396.55,36.7
101249,2026-01-18,Feed - Layer Mash (bag),Feed,Ogun,Direct Farm Sale,3,13799.67,8623.75,41399.01,25871.25,15527.76,37.5
101250,2026-01-18,Broiler Chicken,Poultry,Lagos,Direct Farm Sale,2,3082.03,2211.52,6164.06,4423.04,1741.02,28.2
101251,2026-01-18,"Cattle (Live, per head)",Livestock,Lagos,Retail Market,1,296288.25,200824.95,296288.25,200824.95,95463.3,32.2
101252,2026-01-18,Turkey,Poultry,Lagos,Direct Farm Sale,4,4667.75,3284.72,18671.0,13138.88,5532.12,29.6
101253,2026-01-18,Broiler Chicken,Poultry,Lagos,Distributor,1,3050.94,2019.0,3050.94,2019.0,1031.94,33.8
101254,2026-01-18,Broiler Chicken,Poultry,Lagos,Direct Farm Sale,6,3434.26,2198.68,20605.56,13192.08,7413.48,36.0
101255,2026-01-18,Layer Eggs (Crate),Poultry,Lagos,Direct Farm Sale,1,2787.85,2090.66,2787.85,2090.66,697.19,25.0
101256,2026-01-18,Goat Meat (kg),Livestock,Lagos,Retail Market,1,3889.82,2705.3,3889.82,2705.3,1184.52,30.5
101257,2026-01-18,"Cattle (Live, per head)",Livestock,Lagos,Direct Farm Sale,1,270134.58,182244.72,270134.58,182244.72,87889.86,32.5
101258,2026-01-18,Feed - Layer Mash (bag),Feed,Lagos,Direct Farm Sale,3,12775.03,8956.36,38325.09,26869.08,11456.01,29.9
101259,2026-01-18,Broiler Chicken,Poultry,Lagos,Retail Market,15,3181.02,2047.0,47715.3,30705.0,17010.3,35.6
101260,2026-01-18,"Ram (Live, per head)",Livestock,Oyo,Retail Market,1,95373.37,70848.85,95373.37,70848.85,24524.52,25.7
101261,2026-01-19,Broiler Chicken,Poultry,Lagos,Direct Farm Sale,2,3138.51,2260.89,6277.02,4521.78,1755.24,28.0
101262,2026-01-19,"Ram (Live, per head)",Livestock,Lagos,Direct Farm Sale,1,101099.85,67564.38,101099.85,67564.38,33535.47,33.2
101263,2026-01-19,Turkey,Poultry,Lagos,Distributor,10,4616.3,2907.57,46163.0,29075.7,17087.3,37.0
101264,2026-01-19,Feed - Layer Mash (bag),Feed,Oyo,Distributor,5,13524.13,10232.1,67620.65,51160.5,16460.15,24.3
101265,2026-01-19,"Ram (Live, per head)",Livestock,Lagos,Direct Farm Sale,1,91808.19,59644.65,91808.19,59644.65,32163.54,35.0
101266,2026-01-20,"Ram (Live, per head)",Livestock,Ogun,Distributor,1,100341.21,76034.7,100341.21,76034.7,24306.51,24.2
101267,2026-01-20,"Ram (Live, per head)",Livestock,Oyo,Retail Market,1,100533.64,65561.26,100533.64,65561.26,34972.38,34.8
101268,2026-01-20,Goat Meat (kg),Livestock,Ogun,Distributor,1,4063.05,2606.19,4063.05,2606.19,1456.86,35.9
101269,2026-01-20,Feed - Broiler Starter (bag),Feed,Lagos,Online Order,1,16568.58,10722.03,16568.58,10722.03,5846.55,35.3
101270,2026-01-20,"Ram (Live, per head)",Livestock,Ogun,Distributor,1,90672.07,60854.05,90672.07,60854.05,29818.02,32.9
101271,2026-01-20,Feed - Layer Mash (bag),Feed,Lagos,Direct Farm Sale,5,13275.89,9079.28,66379.45,45396.4,20983.05,31.6
101272,2026-01-20,Feed - Layer Mash (bag),Feed,Lagos,Retail Market,4,12780.32,8582.41,51121.28,34329.64,16791.64,32.8
101273,2026-01-20,"Ram (Live, per head)",Livestock,Ibadan Metro,Distributor,1,94264.46,60828.88,94264.46,60828.88,33435.58,35.5
101274,2026-01-20,"Ram (Live, per head)",Livestock,Oyo,Retail Market,1,97742.99,70402.85,97742.99,70402.85,27340.14,28.0
101275,2026-01-20,"Ram (Live, per head)",Livestock,Oyo,Direct Farm Sale,1,92074.67,63393.39,92074.67,63393.39,28681.28,31.2
101276,2026-01-20,Feed - Broiler Starter (bag),Feed,Oyo,Retail Market,6,14893.87,10384.95,89363.22,62309.7,27053.52,30.3
101277,2026-01-21,Feed - Broiler Starter (bag),Feed,Ogun,Retail Market,2,16190.12,10315.83,32380.24,20631.66,11748.58,36.3
101278,2026-01-21,"Ram (Live, per head)",Livestock,Ogun,Distributor,1,91336.87,69686.88,91336.87,69686.88,21649.99,23.7
101279,2026-01-21,Feed - Layer Mash (bag),Feed,Lagos,Retail Market,3,12736.56,8537.34,38209.68,25612.02,12597.66,33.0
101280,2026-01-21,Feed - Broiler Starter (bag),Feed,Lagos,Retail Market,7,16385.55,10173.0,114698.85,71211.0,43487.85,37.9
101281,2026-01-21,Feed - Broiler Starter (bag),Feed,Oyo,Retail Market,1,15857.39,10375.19,15857.39,10375.19,5482.2,34.6
101282,2026-01-21,Layer Eggs (Crate),Poultry,Ibadan Metro,Direct Farm Sale,1,2862.68,2077.86,2862.68,2077.86,784.82,27.4
101283,2026-01-21,"Cattle (Live, per head)",Livestock,Ogun,Direct Farm Sale,1,281490.51,199272.29,281490.51,199272.29,82218.22,29.2
101284,2026-01-21,Goat Meat (kg),Livestock,Ogun,Direct Farm Sale,1,3649.34,2513.43,3649.34,2513.43,1135.91,31.1
101285,2026-01-21,Broiler Chicken,Poultry,Oyo,Distributor,10,3194.97,2115.02,31949.7,21150.2,10799.5,33.8
101286,2026-01-22,"Cattle (Live, per head)",Livestock,Lagos,Online Order,1,269928.45,207604.96,269928.45,207604.96,62323.49,23.1
101287,2026-01-22,"Cattle (Live, per head)",Livestock,Lagos,Direct Farm Sale,1,291105.14,220175.52,291105.14,220175.52,70929.62,24.4
101288,2026-01-22,"Ram (Live, per head)",Livestock,Lagos,Direct Farm Sale,1,97391.14,68144.65,97391.14,68144.65,29246.49,30.0
101289,2026-01-22,Feed - Broiler Starter (bag),Feed,Oyo,Online Order,17,14906.58,11079.72,253411.86,188355.24,65056.62,25.7
101290,2026-01-22,"Ram (Live, per head)",Livestock,Oyo,Direct Farm Sale,1,98387.94,65291.15,98387.94,65291.15,33096.79,33.6
101291,2026-01-22,Turkey,Poultry,Lagos,Distributor,3,4785.46,3355.67,14356.38,10067.01,4289.37,29.9
101292,2026-01-22,Feed - Layer Mash (bag),Feed,Lagos,Online Order,1,13164.45,9917.09,13164.45,9917.09,3247.36,24.7
101293,2026-01-22,Goat Meat (kg),Livestock,Ogun,Distributor,1,3895.1,2852.72,3895.1,2852.72,1042.38,26.8
101294,2026-01-22,Goat Meat (kg),Livestock,Lagos,Direct Farm Sale,1,3766.25,2923.26,3766.25,2923.26,842.99,22.4
101295,2026-01-22,Layer Eggs (Crate),Poultry,Lagos,Retail Market,2,2848.35,1963.02,5696.7,3926.04,1770.66,31.1
101296,2026-01-22,Layer Eggs (Crate),Poultry,Ogun,Retail Market,3,2869.5,2215.53,8608.5,6646.59,1961.91,22.8
101297,2026-01-22,Layer Eggs (Crate),Poultry,Ibadan Metro,Retail Market,5,2871.5,2214.15,14357.5,11070.75,3286.75,22.9
101298,2026-01-22,Feed - Layer Mash (bag),Feed,Oyo,Distributor,6,12592.33,8072.81,75553.98,48436.86,27117.12,35.9
101299,2026-01-22,Layer Eggs (Crate),Poultry,Lagos,Distributor,6,2921.51,2055.93,17529.06,12335.58,5193.48,29.6
101300,2026-01-23,Feed - Layer Mash (bag),Feed,Ogun,Direct Farm Sale,2,13744.91,9650.51,27489.82,19301.02,8188.8,29.8
101301,2026-01-23,Broiler Chicken,Poultry,Ogun,Online Order,5,3257.44,2102.01,16287.2,10510.05,5777.15,35.5
101302,2026-01-23,Feed - Broiler Starter (bag),Feed,Oyo,Direct Farm Sale,12,15016.59,11259.39,180199.08,135112.68,45086.4,25.0
101303,2026-01-23,"Cattle (Live, per head)",Livestock,Ogun,Direct Farm Sale,1,291638.45,218274.61,291638.45,218274.61,73363.84,25.2
101304,2026-01-23,Feed - Broiler Starter (bag),Feed,Ogun,Direct Farm Sale,3,16462.24,12548.52,49386.72,37645.56,11741.16,23.8
101305,2026-01-23,"Ram (Live, per head)",Livestock,Ogun,Retail Market,1,102117.17,77903.17,102117.17,77903.17,24214.0,23.7
101306,2026-01-23,Turkey,Poultry,Lagos,Distributor,5,4711.49,3313.73,23557.45,16568.65,6988.8,29.7
101307,2026-01-23,Goat Meat (kg),Livestock,Lagos,Distributor,1,4003.18,2786.26,4003.18,2786.26,1216.92,30.4
101308,2026-01-23,Feed - Layer Mash (bag),Feed,Ogun,Distributor,5,12880.41,9967.67,64402.05,49838.35,14563.7,22.6
101309,2026-01-23,Layer Eggs (Crate),Poultry,Lagos,Distributor,6,2963.63,2209.45,17781.78,13256.7,4525.08,25.4
101310,2026-01-23,Layer Eggs (Crate),Poultry,Ogun,Direct Farm Sale,1,2721.55,1742.29,2721.55,1742.29,979.26,36.0
101311,2026-01-24,"Cattle (Live, per head)",Livestock,Lagos,Retail Market,1,288634.41,206725.03,288634.41,206725.03,81909.38,28.4
101312,2026-01-24,"Cattle (Live, per head)",Livestock,Lagos,Retail Market,1,286497.81,177893.17,286497.81,177893.17,108604.64,37.9
101313,2026-01-24,Broiler Chicken,Poultry,Lagos,Direct Farm Sale,7,3452.58,2265.93,24168.06,15861.51,8306.55,34.4
101314,2026-01-24,Broiler Chicken,Poultry,Ibadan Metro,Retail Market,2,3046.51,2344.04,6093.02,4688.08,1404.94,23.1
101315,2026-01-24,Goat Meat (kg),Livestock,Ogun,Direct Farm Sale,1,4019.25,2837.77,4019.25,2837.77,1181.48,29.4
101316,2026-01-24,Feed - Layer Mash (bag),Feed,Oyo,Distributor,4,13357.4,10275.25,53429.6,41101.0,12328.6,23.1
101317,2026-01-24,"Cattle (Live, per head)",Livestock,Lagos,Retail Market,1,299735.76,203838.41,299735.76,203838.41,95897.35,32.0
101318,2026-01-24,"Ram (Live, per head)",Livestock,Ibadan Metro,Online Order,1,91044.34,62308.86,91044.34,62308.86,28735.48,31.6
101319,2026-01-24,Feed - Layer Mash (bag),Feed,Ogun,Direct Farm Sale,7,12963.79,9675.94,90746.53,67731.58,23014.95,25.4
101320,2026-01-24,Goat Meat (kg),Livestock,Lagos,Distributor,1,3872.87,2566.24,3872.87,2566.24,1306.63,33.7
101321,2026-01-24,"Ram (Live, per head)",Livestock,Ogun,Distributor,1,96682.23,66878.84,96682.23,66878.84,29803.39,30.8
101322,2026-01-24,Turkey,Poultry,Oyo,Distributor,14,4286.05,2726.29,60004.7,38168.06,21836.64,36.4
101323,2026-01-24,Goat Meat (kg),Livestock,Lagos,Distributor,1,3617.32,2729.51,3617.32,2729.51,887.81,24.5
101324,2026-01-24,Feed - Broiler Starter (bag),Feed,Oyo,Distributor,3,15710.73,10872.49,47132.19,32617.47,14514.72,30.8
101325,2026-01-25,Turkey,Poultry,Oyo,Distributor,8,4468.52,2898.22,35748.16,23185.76,12562.4,35.1
101326,2026-01-25,Broiler Chicken,Poultry,Lagos,Direct Farm Sale,2,3100.74,2065.93,6201.48,4131.86,2069.62,33.4
101327,2026-01-25,Layer Eggs (Crate),Poultry,Oyo,Retail Market,9,2846.87,2140.99,25621.83,19268.91,6352.92,24.8
101328,2026-01-25,"Ram (Live, per head)",Livestock,Lagos,Retail Market,1,99293.91,71268.35,99293.91,71268.35,28025.56,28.2
101329,2026-01-25,Goat Meat (kg),Livestock,Ogun,Distributor,1,4002.84,3102.39,4002.84,3102.39,900.45,22.5
101330,2026-01-25,Feed - Broiler Starter (bag),Feed,Ogun,Distributor,5,14923.47,9885.6,74617.35,49428.0,25189.35,33.8
101331,2026-01-26,"Ram (Live, per head)",Livestock,Oyo,Distributor,1,101416.76,72649.59,101416.76,72649.59,28767.17,28.4
101332,2026-01-26,Turkey,Poultry,Oyo,Distributor,6,4699.35,3071.24,28196.1,18427.44,9768.66,34.6
101333,2026-01-26,"Ram (Live, per head)",Livestock,Ogun,Online Order,1,95960.17,60636.56,95960.17,60636.56,35323.61,36.8
101334,2026-01-26,Feed - Layer Mash (bag),Feed,Oyo,Direct Farm Sale,10,13854.09,9567.53,138540.9,95675.3,42865.6,30.9
101335,2026-01-26,"Cattle (Live, per head)",Livestock,Lagos,Distributor,1,292284.35,189362.11,292284.35,189362.11,102922.24,35.2
101336,2026-01-26,"Ram (Live, per head)",Livestock,Lagos,Distributor,1,98573.92,69656.37,98573.92,69656.37,28917.55,29.3
101337,2026-01-26,Broiler Chicken,Poultry,Ogun,Distributor,3,3291.35,2503.98,9874.05,7511.94,2362.11,23.9
101338,2026-01-26,Broiler Chicken,Poultry,Oyo,Retail Market,3,3123.89,1975.92,9371.67,5927.76,3443.91,36.7
101339,2026-01-26,Layer Eggs (Crate),Poultry,Ogun,Distributor,2,2927.55,1903.43,5855.1,3806.86,2048.24,35.0
101340,2026-01-27,Layer Eggs (Crate),Poultry,Oyo,Retail Market,12,2678.22,2034.86,32138.64,24418.32,7720.32,24.0
101341,2026-01-27,Feed - Layer Mash (bag),Feed,Ogun,Distributor,6,14123.22,8884.57,84739.32,53307.42,31431.9,37.1
101342,2026-01-27,Feed - Broiler Starter (bag),Feed,Lagos,Direct Farm Sale,1,16491.35,12632.33,16491.35,12632.33,3859.02,23.4
101343,2026-01-27,Turkey,Poultry,Oyo,Direct Farm Sale,11,4614.32,3392.22,50757.52,37314.42,13443.1,26.5
101344,2026-01-27,Broiler Chicken,Poultry,Oyo,Distributor,2,3325.76,2218.42,6651.52,4436.84,2214.68,33.3
101345,2026-01-28,Broiler Chicken,Poultry,Lagos,Direct Farm Sale,6,3098.89,2334.89,18593.34,14009.34,4584.0,24.7
101346,2026-01-28,Feed - Broiler Starter (bag),Feed,Ibadan Metro,Distributor,8,15534.33,11990.22,124274.64,95921.76,28352.88,22.8
101347,2026-01-28,"Cattle (Live, per head)",Livestock,Ibadan Metro,Distributor,1,286336.93,180255.39,286336.93,180255.39,106081.54,37.0
101348,2026-01-28,"Cattle (Live, per head)",Livestock,Oyo,Direct Farm Sale,1,291521.54,194299.94,291521.54,194299.94,97221.6,33.3
101349,2026-01-28,Broiler Chicken,Poultry,Lagos,Distributor,2,3229.82,2201.87,6459.64,4403.74,2055.9,31.8
101350,2026-01-28,Feed - Broiler Starter (bag),Feed,Lagos,Distributor,7,14814.81,11485.8,103703.67,80400.6,23303.07,22.5
101351,2026-01-28,Layer Eggs (Crate),Poultry,Lagos,Direct Farm Sale,6,2819.42,1908.18,16916.52,11449.08,5467.44,32.3
101352,2026-01-28,"Cattle (Live, per head)",Livestock,Lagos,Distributor,1,297714.3,216171.44,297714.3,216171.44,81542.86,27.4
101353,2026-01-29,Feed - Layer Mash (bag),Feed,Lagos,Direct Farm Sale,5,13559.09,9807.04,67795.45,49035.2,18760.25,27.7
101354,2026-01-29,Feed - Broiler Starter (bag),Feed,Ibadan Metro,Direct Farm Sale,8,16536.99,11903.33,132295.92,95226.64,37069.28,28.0
101355,2026-01-29,Broiler Chicken,Poultry,Lagos,Distributor,1,3305.27,2205.84,3305.27,2205.84,1099.43,33.3
101356,2026-01-29,Feed - Broiler Starter (bag),Feed,Lagos,Direct Farm Sale,3,15586.8,12048.02,46760.4,36144.06,10616.34,22.7
101357,2026-01-29,"Cattle (Live, per head)",Livestock,Ogun,Direct Farm Sale,1,300599.45,233525.58,300599.45,233525.58,67073.87,22.3
101358,2026-01-29,Broiler Chicken,Poultry,Lagos,Distributor,18,3293.34,2193.74,59280.12,39487.32,19792.8,33.4
101359,2026-01-29,"Cattle (Live, per head)",Livestock,Lagos,Online Order,1,271166.37,181344.04,271166.37,181344.04,89822.33,33.1
101360,2026-01-29,Broiler Chicken,Poultry,Ogun,Direct Farm Sale,15,3204.52,2152.07,48067.8,32281.05,15786.75,32.8
101361,2026-01-29,Goat Meat (kg),Livestock,Ibadan Metro,Retail Market,1,3750.6,2543.43,3750.6,2543.43,1207.17,32.2
101362,2026-01-29,"Cattle (Live, per head)",Livestock,Ibadan Metro,Direct Farm Sale,1,301995.08,233095.24,301995.08,233095.24,68899.84,22.8
101363,2026-01-29,Feed - Broiler Starter (bag),Feed,Ibadan Metro,Direct Farm Sale,4,15179.77,9462.3,60719.08,37849.2,22869.88,37.7
101364,2026-01-30,Goat Meat (kg),Livestock,Ogun,Direct Farm Sale,1,3663.04,2356.44,3663.04,2356.44,1306.6,35.7
101365,2026-01-30,"Ram (Live, per head)",Livestock,Ogun,Retail Market,1,91460.37,67006.68,91460.37,67006.68,24453.69,26.7
101366,2026-01-30,Turkey,Poultry,Oyo,Distributor,10,4570.28,3343.32,45702.8,33433.2,12269.6,26.8
101367,2026-01-30,"Cattle (Live, per head)",Livestock,Ibadan Metro,Retail Market,1,287191.38,189491.92,287191.38,189491.92,97699.46,34.0
101368,2026-01-30,"Ram (Live, per head)",Livestock,Lagos,Direct Farm Sale,1,97917.28,74667.73,97917.28,74667.73,23249.55,23.7
101369,2026-01-30,Feed - Layer Mash (bag),Feed,Ogun,Direct Farm Sale,7,12807.49,8363.69,89652.43,58545.83,31106.6,34.7
101370,2026-01-31,"Cattle (Live, per head)",Livestock,Ibadan Metro,Retail Market,1,272575.84,186728.31,272575.84,186728.31,85847.53,31.5
101371,2026-01-31,"Ram (Live, per head)",Livestock,Oyo,Retail Market,1,95757.45,62811.69,95757.45,62811.69,32945.76,34.4
101372,2026-01-31,Layer Eggs (Crate),Poultry,Lagos,Direct Farm Sale,4,2748.05,1879.01,10992.2,7516.04,3476.16,31.6
101373,2026-01-31,Broiler Chicken,Poultry,Ogun,Retail Market,1,3243.93,2197.2,3243.93,2197.2,1046.73,32.3
101374,2026-01-31,Feed - Broiler Starter (bag),Feed,Oyo,Distributor,8,15221.24,11637.33,121769.92,93098.64,28671.28,23.5
101375,2026-01-31,Turkey,Poultry,Ibadan Metro,Retail Market,2,4444.93,2873.33,8889.86,5746.66,3143.2,35.4
101376,2026-01-31,Feed - Layer Mash (bag),Feed,Lagos,Distributor,4,13203.14,8883.69,52812.56,35534.76,17277.8,32.7
101377,2026-01-31,"Ram (Live, per head)",Livestock,Ogun,Direct Farm Sale,1,102532.39,79262.8,102532.39,79262.8,23269.59,22.7
101378,2026-01-31,Feed - Layer Mash (bag),Feed,Oyo,Direct Farm Sale,2,13031.09,8494.01,26062.18,16988.02,9074.16,34.8
101379,2026-02-01,Broiler Chicken,Poultry,Oyo,Direct Farm Sale,1,3386.52,2634.53,3386.52,2634.53,751.99,22.2
101380,2026-02-01,"Cattle (Live, per head)",Livestock,Lagos,Direct Farm Sale,1,271893.0,179418.73,271893.0,179418.73,92474.27,34.0
101381,2026-02-01,Layer Eggs (Crate),Poultry,Oyo,Online Order,5,2988.37,2291.46,14941.85,11457.3,3484.55,23.3
101382,2026-02-01,Turkey,Poultry,Oyo,Distributor,2,4453.68,3291.88,8907.36,6583.76,2323.6,26.1
101383,2026-02-02,"Cattle (Live, per head)",Livestock,Ogun,Direct Farm Sale,1,284681.88,203248.25,284681.88,203248.25,81433.63,28.6
101384,2026-02-02,Goat Meat (kg),Livestock,Lagos,Distributor,1,3621.84,2426.94,3621.84,2426.94,1194.9,33.0
101385,2026-02-02,Goat Meat (kg),Livestock,Lagos,Online Order,1,3838.4,2633.25,3838.4,2633.25,1205.15,31.4
101386,2026-02-02,Feed - Broiler Starter (bag),Feed,Lagos,Retail Market,2,15608.89,10659.88,31217.78,21319.76,9898.02,31.7
101387,2026-02-02,Layer Eggs (Crate),Poultry,Oyo,Direct Farm Sale,5,2805.91,1832.49,14029.55,9162.45,4867.1,34.7
101388,2026-02-02,Feed - Broiler Starter (bag),Feed,Lagos,Retail Market,9,15422.41,9987.82,138801.69,89890.38,48911.31,35.2
101389,2026-02-02,"Ram (Live, per head)",Livestock,Ibadan Metro,Retail Market,1,96424.72,61957.19,96424.72,61957.19,34467.53,35.7
101390,2026-02-03,Turkey,Poultry,Lagos,Direct Farm Sale,9,4692.74,3462.07,42234.66,31158.63,11076.03,26.2
101391,2026-02-03,"Ram (Live, per head)",Livestock,Lagos,Direct Farm Sale,1,97100.53,69139.92,97100.53,69139.92,27960.61,28.8
101392,2026-02-03,Feed - Layer Mash (bag),Feed,Lagos,Direct Farm Sale,8,13345.93,9946.31,106767.44,79570.48,27196.96,25.5
101393,2026-02-03,"Ram (Live, per head)",Livestock,Ogun,Retail Market,1,96549.24,69468.53,96549.24,69468.53,27080.71,28.0
101394,2026-02-03,Turkey,Poultry,Ogun,Direct Farm Sale,1,4738.59,3170.53,4738.59,3170.53,1568.06,33.1
101395,2026-02-04,Goat Meat (kg),Livestock,Lagos,Direct Farm Sale,1,3644.53,2632.83,3644.53,2632.83,1011.7,27.8
101396,2026-02-04,"Cattle (Live, per head)",Livestock,Ibadan Metro,Direct Farm Sale,1,301339.09,232512.14,301339.09,232512.14,68826.95,22.8
101397,2026-02-04,Layer Eggs (Crate),Poultry,Lagos,Retail Market,9,2934.98,1945.1,26414.82,17505.9,8908.92,33.7
101398,2026-02-04,Feed - Layer Mash (bag),Feed,Oyo,Direct Farm Sale,3,13337.68,9416.45,40013.04,28249.35,11763.69,29.4
101399,2026-02-04,Feed - Broiler Starter (bag),Feed,Lagos,Distributor,1,16550.57,10370.59,16550.57,10370.59,6179.98,37.3
101400,2026-02-04,Goat Meat (kg),Livestock,Ibadan Metro,Distributor,1,3989.59,2530.49,3989.59,2530.49,1459.1,36.6
101401,2026-02-05,"Cattle (Live, per head)",Livestock,Ogun,Retail Market,1,297629.83,229010.03,297629.83,229010.03,68619.8,23.1
101402,2026-02-05,"Cattle (Live, per head)",Livestock,Lagos,Online Order,1,294569.74,192059.89,294569.74,192059.89,102509.85,34.8
101403,2026-02-05,Goat Meat (kg),Livestock,Ogun,Direct Farm Sale,1,3822.02,2556.05,3822.02,2556.05,1265.97,33.1
101404,2026-02-05,Feed - Broiler Starter (bag),Feed,Ogun,Online Order,2,15232.48,11338.58,30464.96,22677.16,7787.8,25.6
101405,2026-02-05,Layer Eggs (Crate),Poultry,Ibadan Metro,Retail Market,5,2842.62,1887.36,14213.1,9436.8,4776.3,33.6
101406,2026-02-06,Goat Meat (kg),Livestock,Lagos,Online Order,1,3668.71,2283.38,3668.71,2283.38,1385.33,37.8
101407,2026-02-06,Broiler Chicken,Poultry,Oyo,Distributor,3,3323.13,2480.37,9969.39,7441.11,2528.28,25.4
101408,2026-02-06,"Cattle (Live, per head)",Livestock,Oyo,Distributor,1,287515.87,201434.7,287515.87,201434.7,86081.17,29.9
101409,2026-02-06,Feed - Broiler Starter (bag),Feed,Ibadan Metro,Distributor,12,16414.58,12670.97,196974.96,152051.64,44923.32,22.8
101410,2026-02-06,"Cattle (Live, per head)",Livestock,Lagos,Distributor,1,278087.49,179308.22,278087.49,179308.22,98779.27,35.5
101411,2026-02-06,"Cattle (Live, per head)",Livestock,Lagos,Distributor,1,290224.54,225368.66,290224.54,225368.66,64855.88,22.3
101412,2026-02-06,Feed - Broiler Starter (bag),Feed,Lagos,Distributor,3,15255.68,9970.78,45767.04,29912.34,15854.7,34.6
101413,2026-02-06,Layer Eggs (Crate),Poultry,Lagos,Distributor,2,2943.4,2170.77,5886.8,4341.54,1545.26,26.2
101414,2026-02-06,"Ram (Live, per head)",Livestock,Ogun,Distributor,1,94763.33,72947.24,94763.33,72947.24,21816.09,23.0
101415,2026-02-06,Feed - Layer Mash (bag),Feed,Oyo,Distributor,2,12909.75,8417.88,25819.5,16835.76,8983.74,34.8
101416,2026-02-06,Feed - Layer Mash (bag),Feed,Oyo,Retail Market,3,12712.01,9341.31,38136.03,28023.93,10112.1,26.5
101417,2026-02-07,"Cattle (Live, per head)",Livestock,Ibadan Metro,Direct Farm Sale,1,301070.83,230512.92,301070.83,230512.92,70557.91,23.4
101418,2026-02-07,Goat Meat (kg),Livestock,Lagos,Direct Farm Sale,1,3772.1,2886.83,3772.1,2886.83,885.27,23.5
101419,2026-02-07,"Ram (Live, per head)",Livestock,Oyo,Distributor,1,92100.5,60992.06,92100.5,60992.06,31108.44,33.8
101420,2026-02-07,Goat Meat (kg),Livestock,Lagos,Direct Farm Sale,1,3824.36,2541.11,3824.36,2541.11,1283.25,33.6
101421,2026-02-07,"Cattle (Live, per head)",Livestock,Lagos,Distributor,1,289184.69,190135.7,289184.69,190135.7,99048.99,34.3
101422,2026-02-08,Feed - Layer Mash (bag),Feed,Lagos,Retail Market,2,13002.97,9125.87,26005.94,18251.74,7754.2,29.8
101423,2026-02-08,Layer Eggs (Crate),Poultry,Ogun,Online Order,2,2788.71,2084.69,5577.42,4169.38,1408.04,25.2
101424,2026-02-08,Feed - Layer Mash (bag),Feed,Lagos,Retail Market,8,13549.16,9637.66,108393.28,77101.28,31292.0,28.9
101425,2026-02-08,"Ram (Live, per head)",Livestock,Ibadan Metro,Direct Farm Sale,1,94726.03,69909.37,94726.03,69909.37,24816.66,26.2
101426,2026-02-08,Layer Eggs (Crate),Poultry,Lagos,Retail Market,11,2684.25,2083.44,29526.75,22917.84,6608.91,22.4
101427,2026-02-08,Layer Eggs (Crate),Poultry,Ibadan Metro,Retail Market,4,2802.95,2014.11,11211.8,8056.44,3155.36,28.1
101428,2026-02-08,Turkey,Poultry,Lagos,Distributor,11,4807.25,3649.97,52879.75,40149.67,12730.08,24.1
101429,2026-02-08,Feed - Layer Mash (bag),Feed,Lagos,Distributor,1,13541.18,10449.18,13541.18,10449.18,3092.0,22.8
101430,2026-02-08,Feed - Broiler Starter (bag),Feed,Oyo,Direct Farm Sale,11,16533.48,12755.14,181868.28,140306.54,41561.74,22.9
101431,2026-02-08,"Cattle (Live, per head)",Livestock,Lagos,Retail Market,1,293032.85,190114.85,293032.85,190114.85,102918.0,35.1
101432,2026-02-08,Feed - Layer Mash (bag),Feed,Ogun,Distributor,11,14060.5,10357.6,154665.5,113933.6,40731.9,26.3
101433,2026-02-08,Feed - Layer Mash (bag),Feed,Ogun,Direct Farm Sale,8,13255.29,9406.4,106042.32,75251.2,30791.12,29.0
101434,2026-02-08,"Cattle (Live, per head)",Livestock,Lagos,Direct Farm Sale,1,272444.38,170158.73,272444.38,170158.73,102285.65,37.5
101435,2026-02-08,Feed - Layer Mash (bag),Feed,Ogun,Direct Farm Sale,7,13003.75,9112.28,91026.25,63785.96,27240.29,29.9
101436,2026-02-08,Turkey,Poultry,Ibadan Metro,Retail Market,1,4476.7,3415.65,4476.7,3415.65,1061.05,23.7
101437,2026-02-09,Turkey,Poultry,Lagos,Distributor,3,4355.1,2937.79,13065.3,8813.37,4251.93,32.5
101438,2026-02-09,"Ram (Live, per head)",Livestock,Oyo,Distributor,1,94161.46,62269.47,94161.46,62269.47,31891.99,33.9
101439,2026-02-09,Goat Meat (kg),Livestock,Lagos,Distributor,1,3957.18,2740.12,3957.18,2740.12,1217.06,30.8
101440,2026-02-09,Feed - Layer Mash (bag),Feed,Oyo,Retail Market,16,14074.2,10834.53,225187.2,173352.48,51834.72,23.0
101441,2026-02-09,"Cattle (Live, per head)",Livestock,Lagos,Direct Farm Sale,1,278266.9,178269.09,278266.9,178269.09,99997.81,35.9
101442,2026-02-09,Feed - Broiler Starter (bag),Feed,Lagos,Distributor,12,15726.5,9831.11,188718.0,117973.32,70744.68,37.5
101443,2026-02-09,"Ram (Live, per head)",Livestock,Lagos,Distributor,1,91029.22,58009.0,91029.22,58009.0,33020.22,36.3
101444,2026-02-09,Feed - Layer Mash (bag),Feed,Lagos,Direct Farm Sale,18,13993.47,10529.61,251882.46,189532.98,62349.48,24.8
101445,2026-02-09,Broiler Chicken,Poultry,Lagos,Direct Farm Sale,1,3292.45,2298.8,3292.45,2298.8,993.65,30.2
101446,2026-02-10,Broiler Chicken,Poultry,Lagos,Direct Farm Sale,2,3294.84,2092.47,6589.68,4184.94,2404.74,36.5
101447,2026-02-10,Feed - Layer Mash (bag),Feed,Lagos,Online Order,10,14017.88,9017.4,140178.8,90174.0,50004.8,35.7
101448,2026-02-10,Layer Eggs (Crate),Poultry,Oyo,Distributor,12,3021.63,1985.74,36259.56,23828.88,12430.68,34.3
101449,2026-02-10,Broiler Chicken,Poultry,Ogun,Direct Farm Sale,20,3322.32,2094.5,66446.4,41890.0,24556.4,37.0
101450,2026-02-10,Feed - Broiler Starter (bag),Feed,Lagos,Distributor,4,15526.15,11178.64,62104.6,44714.56,17390.04,28.0
101451,2026-02-10,"Ram (Live, per head)",Livestock,Ibadan Metro,Retail Market,1,100806.11,76130.09,100806.11,76130.09,24676.02,24.5
101452,2026-02-10,"Cattle (Live, per head)",Livestock,Ibadan Metro,Direct Farm Sale,1,276199.88,173591.43,276199.88,173591.43,102608.45,37.2
101453,2026-02-10,Feed - Layer Mash (bag),Feed,Ogun,Direct Farm Sale,2,13321.4,9986.72,26642.8,19973.44,6669.36,25.0
101454,2026-02-10,Layer Eggs (Crate),Poultry,Ogun,Distributor,4,2841.33,1969.67,11365.32,7878.68,3486.64,30.7
101455,2026-02-10,Layer Eggs (Crate),Poultry,Lagos,Direct Farm Sale,2,2814.48,2132.42,5628.96,4264.84,1364.12,24.2
101456,2026-02-11,Feed - Broiler Starter (bag),Feed,Ibadan Metro,Direct Farm Sale,6,14762.42,11251.66,88574.52,67509.96,21064.56,23.8
101457,2026-02-11,Feed - Layer Mash (bag),Feed,Ogun,Retail Market,2,13684.9,9020.73,27369.8,18041.46,9328.34,34.1
101458,2026-02-11,Layer Eggs (Crate),Poultry,Ogun,Direct Farm Sale,1,2734.69,2040.54,2734.69,2040.54,694.15,25.4
101459,2026-02-11,Feed - Broiler Starter (bag),Feed,Oyo,Distributor,1,16440.18,11984.05,16440.18,11984.05,4456.13,27.1
101460,2026-02-11,Feed - Broiler Starter (bag),Feed,Ogun,Online Order,7,15816.89,10037.39,110718.23,70261.73,40456.5,36.5
101461,2026-02-11,Feed - Broiler Starter (bag),Feed,Lagos,Direct Farm Sale,11,16473.95,11876.98,181213.45,130646.78,50566.67,27.9
101462,2026-02-11,Layer Eggs (Crate),Poultry,Oyo,Retail Market,2,2780.34,2106.61,5560.68,4213.22,1347.46,24.2
101463,2026-02-11,Turkey,Poultry,Ogun,Online Order,2,4478.02,3076.63,8956.04,6153.26,2802.78,31.3
101464,2026-02-11,Broiler Chicken,Poultry,Lagos,Distributor,4,3150.95,2441.1,12603.8,9764.4,2839.4,22.5
101465,2026-02-11,Goat Meat (kg),Livestock,Oyo,Direct Farm Sale,1,4024.49,3094.94,4024.49,3094.94,929.55,23.1
101466,2026-02-12,Feed - Layer Mash (bag),Feed,Oyo,Online Order,1,12612.03,8770.07,12612.03,8770.07,3841.96,30.5
101467,2026-02-12,Broiler Chicken,Poultry,Lagos,Distributor,6,3339.12,2335.66,20034.72,14013.96,6020.76,30.1
101468,2026-02-12,Goat Meat (kg),Livestock,Ogun,Distributor,1,4020.11,2724.32,4020.11,2724.32,1295.79,32.2
101469,2026-02-12,Goat Meat (kg),Livestock,Ogun,Online Order,1,3835.2,2837.33,3835.2,2837.33,997.87,26.0
101470,2026-02-12,Broiler Chicken,Poultry,Lagos,Direct Farm Sale,11,3081.04,2215.44,33891.44,24369.84,9521.6,28.1
101471,2026-02-12,"Ram (Live, per head)",Livestock,Lagos,Retail Market,1,101156.52,72056.49,101156.52,72056.49,29100.03,28.8
101472,2026-02-12,"Ram (Live, per head)",Livestock,Ogun,Online Order,1,101045.18,68453.19,101045.18,68453.19,32591.99,32.3
101473,2026-02-12,"Ram (Live, per head)",Livestock,Lagos,Retail Market,1,100205.11,66604.58,100205.11,66604.58,33600.53,33.5
101474,2026-02-12,"Ram (Live, per head)",Livestock,Ibadan Metro,Direct Farm Sale,1,99193.93,75911.68,99193.93,75911.68,23282.25,23.5
101475,2026-02-12,Goat Meat (kg),Livestock,Lagos,Distributor,1,3816.19,2547.72,3816.19,2547.72,1268.47,33.2
101476,2026-02-13,Feed - Layer Mash (bag),Feed,Lagos,Direct Farm Sale,3,13383.16,10165.77,40149.48,30497.31,9652.17,24.0
101477,2026-02-13,"Ram (Live, per head)",Livestock,Ogun,Distributor,1,94370.14,59082.33,94370.14,59082.33,35287.81,37.4
101478,2026-02-13,Goat Meat (kg),Livestock,Oyo,Direct Farm Sale,1,3816.02,2579.92,3816.02,2579.92,1236.1,32.4
101479,2026-02-13,"Ram (Live, per head)",Livestock,Lagos,Retail Market,1,102211.14,70819.58,102211.14,70819.58,31391.56,30.7
101480,2026-02-13,Goat Meat (kg),Livestock,Ibadan Metro,Distributor,1,3851.12,2959.15,3851.12,2959.15,891.97,23.2
101481,2026-02-13,"Ram (Live, per head)",Livestock,Ogun,Distributor,1,92735.44,61719.88,92735.44,61719.88,31015.56,33.4
101482,2026-02-13,"Ram (Live, per head)",Livestock,Oyo,Distributor,1,91143.5,67973.84,91143.5,67973.84,23169.66,25.4
101483,2026-02-13,Layer Eggs (Crate),Poultry,Oyo,Direct Farm Sale,1,2878.19,1810.99,2878.19,1810.99,1067.2,37.1
101484,2026-02-13,Turkey,Poultry,Ibadan Metro,Direct Farm Sale,10,4626.91,3317.54,46269.1,33175.4,13093.7,28.3
101485,2026-02-13,Goat Meat (kg),Livestock,Ibadan Metro,Distributor,1,3700.36,2371.91,3700.36,2371.91,1328.45,35.9
101486,2026-02-14,"Ram (Live, per head)",Livestock,Ibadan Metro,Retail Market,1,92647.79,59375.46,92647.79,59375.46,33272.33,35.9
101487,2026-02-14,"Cattle (Live, per head)",Livestock,Lagos,Distributor,1,274954.13,192342.09,274954.13,192342.09,82612.04,30.0
101488,2026-02-14,"Cattle (Live, per head)",Livestock,Ogun,Distributor,1,267863.91,198026.56,267863.91,198026.56,69837.35,26.1
101489,2026-02-14,Broiler Chicken,Poultry,Lagos,Distributor,3,3159.31,2448.72,9477.93,7346.16,2131.77,22.5
101490,2026-02-14,Broiler Chicken,Poultry,Lagos,Direct Farm Sale,7,3104.05,2318.71,21728.35,16230.97,5497.38,25.3
101491,2026-02-14,Goat Meat (kg),Livestock,Ibadan Metro,Direct Farm Sale,1,3755.86,2444.94,3755.86,2444.94,1310.92,34.9
101492,2026-02-14,"Cattle (Live, per head)",Livestock,Oyo,Direct Farm Sale,1,281224.81,199525.71,281224.81,199525.71,81699.1,29.1
101493,2026-02-15,"Cattle (Live, per head)",Livestock,Ibadan Metro,Retail Market,1,302035.29,219155.18,302035.29,219155.18,82880.11,27.4
101494,2026-02-15,Feed - Layer Mash (bag),Feed,Lagos,Distributor,1,13131.04,9598.77,13131.04,9598.77,3532.27,26.9
101495,2026-02-15,"Ram (Live, per head)",Livestock,Ogun,Direct Farm Sale,1,92152.1,61043.85,92152.1,61043.85,31108.25,33.8
101496,2026-02-15,Feed - Broiler Starter (bag),Feed,Lagos,Retail Market,5,16644.27,12543.04,83221.35,62715.2,20506.15,24.6
101497,2026-02-15,Broiler Chicken,Poultry,Lagos,Direct Farm Sale,4,3100.26,2210.62,12401.04,8842.48,3558.56,28.7
101498,2026-02-15,"Cattle (Live, per head)",Livestock,Ogun,Distributor,1,285119.12,221208.24,285119.12,221208.24,63910.88,22.4
101499,2026-02-15,Feed - Broiler Starter (bag),Feed,Ogun,Retail Market,17,16100.53,10519.08,273709.01,178824.36,94884.65,34.7
101500,2026-02-15,"Ram (Live, per head)",Livestock,Ogun,Direct Farm Sale,1,90867.73,63422.03,90867.73,63422.03,27445.7,30.2
101501,2026-02-15,Goat Meat (kg),Livestock,Oyo,Retail Market,1,3734.65,2563.28,3734.65,2563.28,1171.37,31.4
101502,2026-02-15,"Cattle (Live, per head)",Livestock,Lagos,Retail Market,1,266362.53,205082.63,266362.53,205082.63,61279.9,23.0
101503,2026-02-16,"Cattle (Live, per head)",Livestock,Oyo,Direct Farm Sale,1,284545.17,210434.77,284545.17,210434.77,74110.4,26.0
101504,2026-02-16,"Ram (Live, per head)",Livestock,Lagos,Direct Farm Sale,1,90710.09,56622.65,90710.09,56622.65,34087.44,37.6
101505,2026-02-16,Broiler Chicken,Poultry,Ogun,Direct Farm Sale,1,3339.19,2541.37,3339.19,2541.37,797.82,23.9
101506,2026-02-16,"Cattle (Live, per head)",Livestock,Oyo,Direct Farm Sale,1,270425.78,191723.54,270425.78,191723.54,78702.24,29.1
101507,2026-02-17,"Cattle (Live, per head)",Livestock,Ibadan Metro,Direct Farm Sale,1,286891.8,217049.97,286891.8,217049.97,69841.83,24.3
101508,2026-02-17,Layer Eggs (Crate),Poultry,Lagos,Distributor,1,2864.81,1995.76,2864.81,1995.76,869.05,30.3
101509,2026-02-17,"Ram (Live, per head)",Livestock,Oyo,Direct Farm Sale,1,92360.12,61860.9,92360.12,61860.9,30499.22,33.0
101510,2026-02-17,Layer Eggs (Crate),Poultry,Lagos,Online Order,2,2767.93,1786.66,5535.86,3573.32,1962.54,35.5
101511,2026-02-17,Feed - Broiler Starter (bag),Feed,Ogun,Distributor,6,15487.06,11361.38,92922.36,68168.28,24754.08,26.6
101512,2026-02-17,Broiler Chicken,Poultry,Lagos,Online Order,2,3438.63,2182.02,6877.26,4364.04,2513.22,36.5
101513,2026-02-17,"Ram (Live, per head)",Livestock,Ogun,Online Order,1,96731.49,68392.05,96731.49,68392.05,28339.44,29.3
101514,2026-02-17,"Cattle (Live, per head)",Livestock,Ibadan Metro,Distributor,1,288932.26,218221.02,288932.26,218221.02,70711.24,24.5
101515,2026-02-17,"Ram (Live, per head)",Livestock,Lagos,Direct Farm Sale,1,93603.58,64762.59,93603.58,64762.59,28840.99,30.8
101516,2026-02-17,Goat Meat (kg),Livestock,Ibadan Metro,Direct Farm Sale,1,4016.92,2753.9,4016.92,2753.9,1263.02,31.4
101517,2026-02-17,Feed - Broiler Starter (bag),Feed,Ibadan Metro,Direct Farm Sale,4,15371.86,10083.82,61487.44,40335.28,21152.16,34.4
101518,2026-02-17,Feed - Broiler Starter (bag),Feed,Lagos,Retail Market,17,15549.42,10272.62,264340.14,174634.54,89705.6,33.9
101519,2026-02-17,"Ram (Live, per head)",Livestock,Lagos,Direct Farm Sale,1,92520.83,67431.3,92520.83,67431.3,25089.53,27.1
101520,2026-02-17,Layer Eggs (Crate),Poultry,Ogun,Direct Farm Sale,7,2806.97,1833.62,19648.79,12835.34,6813.45,34.7
101521,2026-02-17,"Cattle (Live, per head)",Livestock,Ibadan Metro,Direct Farm Sale,1,277150.94,201375.34,277150.94,201375.34,75775.6,27.3
101522,2026-02-18,Layer Eggs (Crate),Poultry,Ogun,Online Order,1,2897.91,2185.33,2897.91,2185.33,712.58,24.6
101523,2026-02-18,"Ram (Live, per head)",Livestock,Lagos,Distributor,1,97402.06,70009.34,97402.06,70009.34,27392.72,28.1
101524,2026-02-18,Feed - Broiler Starter (bag),Feed,Lagos,Distributor,6,16246.51,12024.53,97479.06,72147.18,25331.88,26.0
101525,2026-02-18,Feed - Broiler Starter (bag),Feed,Lagos,Distributor,4,15241.43,10738.6,60965.72,42954.4,18011.32,29.5
101526,2026-02-18,"Ram (Live, per head)",Livestock,Lagos,Retail Market,1,100718.86,78441.3,100718.86,78441.3,22277.56,22.1
101527,2026-02-18,"Cattle (Live, per head)",Livestock,Lagos,Distributor,1,277597.2,211851.04,277597.2,211851.04,65746.16,23.7
101528,2026-02-18,Goat Meat (kg),Livestock,Lagos,Online Order,1,3823.47,2700.18,3823.47,2700.18,1123.29,29.4
101529,2026-02-18,Layer Eggs (Crate),Poultry,Oyo,Retail Market,9,2919.21,2007.34,26272.89,18066.06,8206.83,31.2
101530,2026-02-18,Feed - Broiler Starter (bag),Feed,Lagos,Direct Farm Sale,9,14924.88,11423.83,134323.92,102814.47,31509.45,23.5
101531,2026-02-18,Turkey,Poultry,Oyo,Direct Farm Sale,8,4687.59,3331.93,37500.72,26655.44,10845.28,28.9
101532,2026-02-19,Layer Eggs (Crate),Poultry,Ogun,Direct Farm Sale,2,2748.56,2023.12,5497.12,4046.24,1450.88,26.4
101533,2026-02-19,Layer Eggs (Crate),Poultry,Lagos,Direct Farm Sale,5,2671.82,1974.82,13359.1,9874.1,3485.0,26.1
101534,2026-02-19,"Ram (Live, per head)",Livestock,Lagos,Direct Farm Sale,1,95721.99,61886.17,95721.99,61886.17,33835.82,35.3
101535,2026-02-19,Feed - Broiler Starter (bag),Feed,Lagos,Distributor,5,15382.54,11328.52,76912.7,56642.6,20270.1,26.4
101536,2026-02-19,Feed - Layer Mash (bag),Feed,Lagos,Distributor,6,14208.83,8894.86,85252.98,53369.16,31883.82,37.4
101537,2026-02-19,"Ram (Live, per head)",Livestock,Ibadan Metro,Distributor,1,94767.28,73154.31,94767.28,73154.31,21612.97,22.8
101538,2026-02-20,Layer Eggs (Crate),Poultry,Oyo,Distributor,4,2736.42,2036.4,10945.68,8145.6,2800.08,25.6
101539,2026-02-20,Turkey,Poultry,Lagos,Distributor,13,4714.99,2982.99,61294.87,38778.87,22516.0,36.7
101540,2026-02-20,Feed - Layer Mash (bag),Feed,Ogun,Retail Market,1,13314.05,8287.44,13314.05,8287.44,5026.61,37.8
101541,2026-02-20,"Ram (Live, per head)",Livestock,Oyo,Direct Farm Sale,1,99198.92,66024.76,99198.92,66024.76,33174.16,33.4
101542,2026-02-20,Broiler Chicken,Poultry,Ogun,Direct Farm Sale,2,3059.91,2096.83,6119.82,4193.66,1926.16,31.5
101543,2026-02-20,Feed - Layer Mash (bag),Feed,Oyo,Direct Farm Sale,11,13648.18,8718.67,150129.98,95905.37,54224.61,36.1
101544,2026-02-20,"Ram (Live, per head)",Livestock,Ogun,Distributor,1,96084.91,70308.22,96084.91,70308.22,25776.69,26.8
101545,2026-02-20,"Cattle (Live, per head)",Livestock,Lagos,Retail Market,1,275828.07,200491.12,275828.07,200491.12,75336.95,27.3
101546,2026-02-20,"Cattle (Live, per head)",Livestock,Oyo,Retail Market,1,273369.82,211437.08,273369.82,211437.08,61932.74,22.7
101547,2026-02-20,Feed - Layer Mash (bag),Feed,Ogun,Direct Farm Sale,12,12938.57,9879.86,155262.84,118558.32,36704.52,23.6
101548,2026-02-21,"Cattle (Live, per head)",Livestock,Lagos,Distributor,1,296475.54,186983.43,296475.54,186983.43,109492.11,36.9
101549,2026-02-21,Layer Eggs (Crate),Poultry,Ogun,Retail Market,1,2720.42,1817.66,2720.42,1817.66,902.76,33.2
101550,2026-02-21,Turkey,Poultry,Ogun,Distributor,3,4687.79,3339.46,14063.37,10018.38,4044.99,28.8
101551,2026-02-21,Turkey,Poultry,Lagos,Retail Market,6,4664.89,2992.78,27989.34,17956.68,10032.66,35.8
101552,2026-02-21,Turkey,Poultry,Ibadan Metro,Direct Farm Sale,5,4815.98,3642.3,24079.9,18211.5,5868.4,24.4
101553,2026-02-21,"Cattle (Live, per head)",Livestock,Ibadan Metro,Direct Farm Sale,1,268179.44,207535.13,268179.44,207535.13,60644.31,22.6
101554,2026-02-21,Layer Eggs (Crate),Poultry,Ogun,Online Order,16,2983.93,2160.78,47742.88,34572.48,13170.4,27.6
101555,2026-02-21,Goat Meat (kg),Livestock,Lagos,Distributor,1,4004.74,2817.86,4004.74,2817.86,1186.88,29.6
101556,2026-02-21,"Cattle (Live, per head)",Livestock,Lagos,Retail Market,1,287381.91,219058.24,287381.91,219058.24,68323.67,23.8
101557,2026-02-22,Feed - Broiler Starter (bag),Feed,Ogun,Distributor,2,15596.38,11707.93,31192.76,23415.86,7776.9,24.9
101558,2026-02-22,Layer Eggs (Crate),Poultry,Lagos,Retail Market,4,2794.18,1761.83,11176.72,7047.32,4129.4,36.9
101559,2026-02-22,Feed - Layer Mash (bag),Feed,Ibadan Metro,Online Order,9,13970.35,9567.12,125733.15,86104.08,39629.07,31.5
101560,2026-02-22,"Ram (Live, per head)",Livestock,Ibadan Metro,Distributor,1,91247.62,62227.83,91247.62,62227.83,29019.79,31.8
101561,2026-02-22,Feed - Layer Mash (bag),Feed,Lagos,Distributor,9,13646.54,8972.76,122818.86,80754.84,42064.02,34.2
101562,2026-02-22,"Cattle (Live, per head)",Livestock,Lagos,Retail Market,1,269345.02,202954.89,269345.02,202954.89,66390.13,24.6
101563,2026-02-22,"Ram (Live, per head)",Livestock,Ogun,Distributor,1,93988.93,65711.32,93988.93,65711.32,28277.61,30.1
101564,2026-02-22,Layer Eggs (Crate),Poultry,Lagos,Direct Farm Sale,23,2898.87,2079.65,66674.01,47831.95,18842.06,28.3
101565,2026-02-22,"Cattle (Live, per head)",Livestock,Lagos,Distributor,1,299831.1,193264.82,299831.1,193264.82,106566.28,35.5
101566,2026-02-23,Goat Meat (kg),Livestock,Ogun,Direct Farm Sale,1,3964.1,2835.07,3964.1,2835.07,1129.03,28.5
101567,2026-02-23,Layer Eggs (Crate),Poultry,Lagos,Distributor,6,2698.84,2071.94,16193.04,12431.64,3761.4,23.2
101568,2026-02-23,Broiler Chicken,Poultry,Ogun,Retail Market,3,3362.46,2317.72,10087.38,6953.16,3134.22,31.1
101569,2026-02-23,Feed - Broiler Starter (bag),Feed,Lagos,Distributor,9,15693.69,9737.53,141243.21,87637.77,53605.44,38.0
101570,2026-02-23,"Cattle (Live, per head)",Livestock,Oyo,Direct Farm Sale,1,277648.4,187223.6,277648.4,187223.6,90424.8,32.6
101571,2026-02-23,Turkey,Poultry,Oyo,Distributor,1,4384.48,2741.26,4384.48,2741.26,1643.22,37.5
101572,2026-02-23,Turkey,Poultry,Ibadan Metro,Distributor,2,4600.88,3480.44,9201.76,6960.88,2240.88,24.4
101573,2026-02-24,Feed - Broiler Starter (bag),Feed,Lagos,Distributor,3,15234.41,11294.85,45703.23,33884.55,11818.68,25.9
101574,2026-02-24,"Cattle (Live, per head)",Livestock,Ibadan Metro,Distributor,1,276915.84,181162.28,276915.84,181162.28,95753.56,34.6
101575,2026-02-24,Goat Meat (kg),Livestock,Lagos,Distributor,1,3735.34,2794.85,3735.34,2794.85,940.49,25.2
101576,2026-02-24,Turkey,Poultry,Ogun,Retail Market,8,4784.19,3241.34,38273.52,25930.72,12342.8,32.2
101577,2026-02-24,Feed - Broiler Starter (bag),Feed,Oyo,Distributor,5,15826.24,11093.47,79131.2,55467.35,23663.85,29.9
101578,2026-02-24,Feed - Broiler Starter (bag),Feed,Lagos,Online Order,9,16491.99,12008.96,148427.91,108080.64,40347.27,27.2
101579,2026-02-24,Broiler Chicken,Poultry,Lagos,Direct Farm Sale,4,3398.03,2390.49,13592.12,9561.96,4030.16,29.7
101580,2026-02-24,"Cattle (Live, per head)",Livestock,Ibadan Metro,Distributor,1,300689.79,220238.81,300689.79,220238.81,80450.98,26.8
101581,2026-02-24,Feed - Broiler Starter (bag),Feed,Oyo,Direct Farm Sale,9,14793.45,11166.0,133141.05,100494.0,32647.05,24.5
101582,2026-02-25,Layer Eggs (Crate),Poultry,Oyo,Retail Market,5,2996.39,2229.47,14981.95,11147.35,3834.6,25.6
101583,2026-02-25,Turkey,Poultry,Ibadan Metro,Direct Farm Sale,7,4826.31,3348.41,33784.17,23438.87,10345.3,30.6
101584,2026-02-25,Broiler Chicken,Poultry,Lagos,Distributor,1,3095.49,2243.42,3095.49,2243.42,852.07,27.5
101585,2026-02-25,Layer Eggs (Crate),Poultry,Lagos,Distributor,3,2813.71,1858.2,8441.13,5574.6,2866.53,34.0
101586,2026-02-25,Layer Eggs (Crate),Poultry,Oyo,Retail Market,5,2757.43,2111.79,13787.15,10558.95,3228.2,23.4
101587,2026-02-26,Turkey,Poultry,Lagos,Direct Farm Sale,1,4571.23,3112.74,4571.23,3112.74,1458.49,31.9
101588,2026-02-26,"Ram (Live, per head)",Livestock,Lagos,Online Order,1,97166.05,67244.97,97166.05,67244.97,29921.08,30.8
101589,2026-02-26,Feed - Layer Mash (bag),Feed,Oyo,Retail Market,4,13460.86,10408.98,53843.44,41635.92,12207.52,22.7
101590,2026-02-26,"Ram (Live, per head)",Livestock,Oyo,Retail Market,1,102468.27,67998.73,102468.27,67998.73,34469.54,33.6
101591,2026-02-26,Goat Meat (kg),Livestock,Lagos,Distributor,1,4088.84,2743.56,4088.84,2743.56,1345.28,32.9
101592,2026-02-26,"Cattle (Live, per head)",Livestock,Oyo,Distributor,1,276639.36,200542.61,276639.36,200542.61,76096.75,27.5
101593,2026-02-27,Feed - Broiler Starter (bag),Feed,Lagos,Distributor,15,16516.1,11935.45,247741.5,179031.75,68709.75,27.7
101594,2026-02-27,Broiler Chicken,Poultry,Lagos,Distributor,6,3174.77,2313.2,19048.62,13879.2,5169.42,27.1
101595,2026-02-27,"Ram (Live, per head)",Livestock,Lagos,Distributor,1,93411.41,67789.0,93411.41,67789.0,25622.41,27.4
101596,2026-02-27,Feed - Layer Mash (bag),Feed,Ibadan Metro,Retail Market,7,12910.98,9598.51,90376.86,67189.57,23187.29,25.7
101597,2026-02-27,"Cattle (Live, per head)",Livestock,Ogun,Direct Farm Sale,1,271822.65,169148.85,271822.65,169148.85,102673.8,37.8
101598,2026-02-27,Feed - Broiler Starter (bag),Feed,Ibadan Metro,Direct Farm Sale,1,16401.56,10982.06,16401.56,10982.06,5419.5,33.0
101599,2026-02-27,Turkey,Poultry,Oyo,Direct Farm Sale,12,4317.05,3076.81,51804.6,36921.72,14882.88,28.7
101600,2026-02-27,"Ram (Live, per head)",Livestock,Oyo,Retail Market,1,94314.33,66532.45,94314.33,66532.45,27781.88,29.5
101601,2026-02-27,Feed - Broiler Starter (bag),Feed,Lagos,Direct Farm Sale,1,15149.24,10213.6,15149.24,10213.6,4935.64,32.6
101602,2026-02-27,"Ram (Live, per head)",Livestock,Ibadan Metro,Distributor,1,97662.7,75817.05,97662.7,75817.05,21845.65,22.4
101603,2026-02-28,Broiler Chicken,Poultry,Oyo,Retail Market,15,3066.16,2206.44,45992.4,33096.6,12895.8,28.0
101604,2026-02-28,Goat Meat (kg),Livestock,Lagos,Retail Market,1,3771.58,2632.9,3771.58,2632.9,1138.68,30.2
101605,2026-02-28,Feed - Broiler Starter (bag),Feed,Ogun,Distributor,7,14741.29,10171.47,103189.03,71200.29,31988.74,31.0
101606,2026-02-28,Feed - Layer Mash (bag),Feed,Lagos,Direct Farm Sale,8,12782.9,9378.33,102263.2,75026.64,27236.56,26.6
101607,2026-02-28,Layer Eggs (Crate),Poultry,Lagos,Retail Market,4,2815.58,2165.44,11262.32,8661.76,2600.56,23.1
101608,2026-02-28,Turkey,Poultry,Lagos,Distributor,4,4810.38,3300.69,19241.52,13202.76,6038.76,31.4
101609,2026-02-28,"Ram (Live, per head)",Livestock,Lagos,Retail Market,1,90377.99,65238.02,90377.99,65238.02,25139.97,27.8
101610,2026-02-28,Feed - Layer Mash (bag),Feed,Oyo,Distributor,6,13415.53,9453.34,80493.18,56720.04,23773.14,29.5
101611,2026-02-28,Turkey,Poultry,Ogun,Retail Market,2,4568.68,3262.63,9137.36,6525.26,2612.1,28.6
101612,2026-02-28,Feed - Layer Mash (bag),Feed,Ogun,Direct Farm Sale,4,13159.65,9953.36,52638.6,39813.44,12825.16,24.4
101613,2026-03-01,Broiler Chicken,Poultry,Ogun,Direct Farm Sale,13,3287.02,2147.37,42731.26,27915.81,14815.45,34.7
101614,2026-03-01,"Cattle (Live, per head)",Livestock,Lagos,Online Order,1,275627.54,177499.47,275627.54,177499.47,98128.07,35.6
101615,2026-03-01,Layer Eggs (Crate),Poultry,Oyo,Retail Market,7,2676.09,1763.91,18732.63,12347.37,6385.26,34.1
101616,2026-03-01,Feed - Broiler Starter (bag),Feed,Oyo,Direct Farm Sale,3,16671.07,10358.03,50013.21,31074.09,18939.12,37.9
101617,2026-03-01,Feed - Layer Mash (bag),Feed,Lagos,Direct Farm Sale,3,12927.1,9885.93,38781.3,29657.79,9123.51,23.5
101618,2026-03-01,Layer Eggs (Crate),Poultry,Ogun,Retail Market,5,2664.08,1846.98,13320.4,9234.9,4085.5,30.7
101619,2026-03-01,Broiler Chicken,Poultry,Lagos,Distributor,2,3341.41,2416.58,6682.82,4833.16,1849.66,27.7
101620,2026-03-01,"Ram (Live, per head)",Livestock,Lagos,Online Order,1,92007.23,67474.1,92007.23,67474.1,24533.13,26.7
101621,2026-03-01,"Cattle (Live, per head)",Livestock,Oyo,Retail Market,1,276822.36,174223.7,276822.36,174223.7,102598.66,37.1
101622,2026-03-01,Turkey,Poultry,Ibadan Metro,Retail Market,3,4541.15,3074.31,13623.45,9222.93,4400.52,32.3
101623,2026-03-02,"Ram (Live, per head)",Livestock,Lagos,Retail Market,1,93484.83,68264.15,93484.83,68264.15,25220.68,27.0
101624,2026-03-02,Goat Meat (kg),Livestock,Oyo,Direct Farm Sale,1,3889.51,2606.07,3889.51,2606.07,1283.44,33.0
101625,2026-03-02,Turkey,Poultry,Ogun,Retail Market,15,4563.69,2913.77,68455.35,43706.55,24748.8,36.2
101626,2026-03-02,Goat Meat (kg),Livestock,Lagos,Direct Farm Sale,1,4036.16,2756.06,4036.16,2756.06,1280.1,31.7
101627,2026-03-02,Broiler Chicken,Poultry,Ibadan Metro,Distributor,5,3047.85,1951.76,15239.25,9758.8,5480.45,36.0
101628,2026-03-02,Turkey,Poultry,Ibadan Metro,Retail Market,12,4718.7,3206.3,56624.4,38475.6,18148.8,32.1
101629,2026-03-02,Feed - Broiler Starter (bag),Feed,Ibadan Metro,Direct Farm Sale,7,15236.57,9785.68,106655.99,68499.76,38156.23,35.8
101630,2026-03-02,Feed - Layer Mash (bag),Feed,Ibadan Metro,Direct Farm Sale,3,13312.41,9839.05,39937.23,29517.15,10420.08,26.1
101631,2026-03-03,Goat Meat (kg),Livestock,Ogun,Online Order,1,3785.99,2719.19,3785.99,2719.19,1066.8,28.2
101632,2026-03-03,Layer Eggs (Crate),Poultry,Oyo,Distributor,12,2752.41,2042.79,33028.92,24513.48,8515.44,25.8
101633,2026-03-03,Turkey,Poultry,Lagos,Distributor,11,4770.83,3438.44,52479.13,37822.84,14656.29,27.9
101634,2026-03-03,Feed - Broiler Starter (bag),Feed,Ogun,Distributor,4,14966.06,10276.8,59864.24,41107.2,18757.04,31.3
101635,2026-03-03,Feed - Layer Mash (bag),Feed,Oyo,Retail Market,6,13560.25,9038.43,81361.5,54230.58,27130.92,33.3
101636,2026-03-03,Turkey,Poultry,Oyo,Direct Farm Sale,3,4585.1,3452.63,13755.3,10357.89,3397.41,24.7
101637,2026-03-03,Feed - Broiler Starter (bag),Feed,Ogun,Distributor,1,15389.89,11531.75,15389.89,11531.75,3858.14,25.1
101638,2026-03-03,"Cattle (Live, per head)",Livestock,Ogun,Retail Market,1,284483.34,198948.99,284483.34,198948.99,85534.35,30.1
101639,2026-03-03,Layer Eggs (Crate),Poultry,Lagos,Online Order,13,2702.63,1805.07,35134.19,23465.91,11668.28,33.2
101640,2026-03-04,Goat Meat (kg),Livestock,Lagos,Online Order,1,4039.45,2658.09,4039.45,2658.09,1381.36,34.2
101641,2026-03-04,Goat Meat (kg),Livestock,Lagos,Distributor,1,3747.98,2882.29,3747.98,2882.29,865.69,23.1
101642,2026-03-04,"Cattle (Live, per head)",Livestock,Lagos,Retail Market,1,273730.29,207272.42,273730.29,207272.42,66457.87,24.3
101643,2026-03-04,Layer Eggs (Crate),Poultry,Oyo,Direct Farm Sale,5,2808.2,2185.0,14041.0,10925.0,3116.0,22.2
101644,2026-03-04,Goat Meat (kg),Livestock,Lagos,Retail Market,1,3908.09,2666.33,3908.09,2666.33,1241.76,31.8
101645,2026-03-04,"Ram (Live, per head)",Livestock,Lagos,Distributor,1,101231.44,73706.2,101231.44,73706.2,27525.24,27.2
101646,2026-03-04,Turkey,Poultry,Lagos,Retail Market,11,4825.08,3218.27,53075.88,35400.97,17674.91,33.3
101647,2026-03-04,Layer Eggs (Crate),Poultry,Oyo,Direct Farm Sale,6,2700.64,1872.56,16203.84,11235.36,4968.48,30.7
101648,2026-03-04,"Cattle (Live, per head)",Livestock,Lagos,Retail Market,1,290614.91,196033.31,290614.91,196033.31,94581.6,32.5
101649,2026-03-04,"Ram (Live, per head)",Livestock,Lagos,Direct Farm Sale,1,101969.36,71189.96,101969.36,71189.96,30779.4,30.2
101650,2026-03-04,Turkey,Poultry,Lagos,Direct Farm Sale,4,4775.07,3252.07,19100.28,13008.28,6092.0,31.9
101651,2026-03-04,Goat Meat (kg),Livestock,Lagos,Distributor,1,4007.15,2997.34,4007.15,2997.34,1009.81,25.2
101652,2026-03-04,"Cattle (Live, per head)",Livestock,Ibadan Metro,Retail Market,1,266650.78,174548.87,266650.78,174548.87,92101.91,34.5
101653,2026-03-05,Feed - Layer Mash (bag),Feed,Oyo,Distributor,2,13478.29,9960.11,26956.58,19920.22,7036.36,26.1
101654,2026-03-05,Feed - Broiler Starter (bag),Feed,Oyo,Direct Farm Sale,1,15694.77,10862.35,15694.77,10862.35,4832.42,30.8
101655,2026-03-05,Layer Eggs (Crate),Poultry,Ogun,Direct Farm Sale,15,2828.84,2098.35,42432.6,31475.25,10957.35,25.8
101656,2026-03-05,Broiler Chicken,Poultry,Ogun,Retail Market,7,3090.87,2336.0,21636.09,16352.0,5284.09,24.4
101657,2026-03-05,Broiler Chicken,Poultry,Lagos,Direct Farm Sale,3,3118.27,2376.38,9354.81,7129.14,2225.67,23.8
101658,2026-03-05,"Ram (Live, per head)",Livestock,Lagos,Distributor,1,91324.86,60810.07,91324.86,60810.07,30514.79,33.4
101659,2026-03-05,Turkey,Poultry,Ibadan Metro,Direct Farm Sale,2,4609.55,3083.28,9219.1,6166.56,3052.54,33.1
101660,2026-03-05,Turkey,Poultry,Lagos,Direct Farm Sale,6,4663.3,3200.29,27979.8,19201.74,8778.06,31.4
101661,2026-03-06,Feed - Broiler Starter (bag),Feed,Lagos,Online Order,7,15366.41,9661.88,107564.87,67633.16,39931.71,37.1
101662,2026-03-06,Turkey,Poultry,Lagos,Retail Market,1,4500.64,3441.05,4500.64,3441.05,1059.59,23.5
101663,2026-03-06,Feed - Layer Mash (bag),Feed,Oyo,Retail Market,3,12913.16,9925.17,38739.48,29775.51,8963.97,23.1
101664,2026-03-06,"Ram (Live, per head)",Livestock,Lagos,Online Order,1,91974.58,65144.19,91974.58,65144.19,26830.39,29.2
101665,2026-03-06,Feed - Broiler Starter (bag),Feed,Lagos,Retail Market,12,15283.25,10610.42,183399.0,127325.04,56073.96,30.6
101666,2026-03-06,Goat Meat (kg),Livestock,Lagos,Online Order,1,4059.91,2982.04,4059.91,2982.04,1077.87,26.5
101667,2026-03-06,Turkey,Poultry,Oyo,Direct Farm Sale,16,4681.22,3477.65,74899.52,55642.4,19257.12,25.7
101668,2026-03-06,Layer Eggs (Crate),Poultry,Lagos,Online Order,4,2758.12,1754.24,11032.48,7016.96,4015.52,36.4
101669,2026-03-06,Feed - Broiler Starter (bag),Feed,Ogun,Retail Market,11,15233.07,10373.76,167563.77,114111.36,53452.41,31.9
101670,2026-03-06,"Cattle (Live, per head)",Livestock,Lagos,Direct Farm Sale,1,298384.85,214058.31,298384.85,214058.31,84326.54,28.3
101671,2026-03-07,Broiler Chicken,Poultry,Ibadan Metro,Retail Market,1,3280.75,2225.29,3280.75,2225.29,1055.46,32.2
101672,2026-03-07,"Cattle (Live, per head)",Livestock,Lagos,Direct Farm Sale,1,284292.08,188596.08,284292.08,188596.08,95696.0,33.7
101673,2026-03-07,"Cattle (Live, per head)",Livestock,Oyo,Direct Farm Sale,1,293521.01,186591.02,293521.01,186591.02,106929.99,36.4
101674,2026-03-07,"Ram (Live, per head)",Livestock,Oyo,Direct Farm Sale,1,97298.69,72345.9,97298.69,72345.9,24952.79,25.6
101675,2026-03-07,Layer Eggs (Crate),Poultry,Ibadan Metro,Direct Farm Sale,3,2702.76,1753.42,8108.28,5260.26,2848.02,35.1
101676,2026-03-07,Turkey,Poultry,Lagos,Direct Farm Sale,2,4361.81,3148.21,8723.62,6296.42,2427.2,27.8
101677,2026-03-07,Goat Meat (kg),Livestock,Ogun,Direct Farm Sale,1,3736.41,2434.23,3736.41,2434.23,1302.18,34.9
101678,2026-03-07,Turkey,Poultry,Lagos,Retail Market,4,4395.6,3008.53,17582.4,12034.12,5548.28,31.6
101679,2026-03-07,Feed - Broiler Starter (bag),Feed,Lagos,Distributor,2,16258.0,10235.85,32516.0,20471.7,12044.3,37.0
101680,2026-03-07,Goat Meat (kg),Livestock,Ogun,Distributor,1,3705.11,2738.9,3705.11,2738.9,966.21,26.1
101681,2026-03-07,Layer Eggs (Crate),Poultry,Lagos,Direct Farm Sale,7,2808.28,2055.16,19657.96,14386.12,5271.84,26.8
101682,2026-03-07,Layer Eggs (Crate),Poultry,Ogun,Retail Market,13,2766.51,1857.91,35964.63,24152.83,11811.8,32.8
101683,2026-03-07,Turkey,Poultry,Ogun,Direct Farm Sale,6,4526.15,3352.59,27156.9,20115.54,7041.36,25.9
101684,2026-03-08,Turkey,Poultry,Lagos,Direct Farm Sale,7,4287.96,2664.26,30015.72,18649.82,11365.9,37.9
101685,2026-03-08,Feed - Broiler Starter (bag),Feed,Ibadan Metro,Direct Farm Sale,3,15340.09,11904.63,46020.27,35713.89,10306.38,22.4
101686,2026-03-08,Feed - Layer Mash (bag),Feed,Oyo,Retail Market,1,14033.1,10000.41,14033.1,10000.41,4032.69,28.7
101687,2026-03-08,Feed - Layer Mash (bag),Feed,Lagos,Distributor,6,13547.93,9374.27,81287.58,56245.62,25041.96,30.8
101688,2026-03-08,Feed - Layer Mash (bag),Feed,Lagos,Distributor,9,13217.95,8569.75,118961.55,77127.75,41833.8,35.2
101689,2026-03-08,"Ram (Live, per head)",Livestock,Lagos,Retail Market,1,101313.8,72183.24,101313.8,72183.24,29130.56,28.8
101690,2026-03-08,"Cattle (Live, per head)",Livestock,Oyo,Direct Farm Sale,1,267098.99,170102.91,267098.99,170102.91,96996.08,36.3
101691,2026-03-08,Turkey,Poultry,Lagos,Retail Market,15,4404.87,2972.67,66073.05,44590.05,21483.0,32.5
101692,2026-03-08,Feed - Broiler Starter (bag),Feed,Oyo,Direct Farm Sale,2,16373.1,10912.3,32746.2,21824.6,10921.6,33.4
101693,2026-03-08,Layer Eggs (Crate),Poultry,Lagos,Direct Farm Sale,16,2732.44,2038.16,43719.04,32610.56,11108.48,25.4
101694,2026-03-08,"Ram (Live, per head)",Livestock,Oyo,Online Order,1,96835.03,61588.08,96835.03,61588.08,35246.95,36.4
101695,2026-03-09,Feed - Layer Mash (bag),Feed,Ogun,Distributor,1,12592.46,9761.46,12592.46,9761.46,2831.0,22.5
101696,2026-03-09,Broiler Chicken,Poultry,Ibadan Metro,Direct Farm Sale,6,3406.39,2524.9,20438.34,15149.4,5288.94,25.9
101697,2026-03-09,Feed - Broiler Starter (bag),Feed,Oyo,Distributor,12,15987.3,12029.96,191847.6,144359.52,47488.08,24.8
101698,2026-03-09,Layer Eggs (Crate),Poultry,Oyo,Online Order,6,2707.39,1713.79,16244.34,10282.74,5961.6,36.7
101699,2026-03-10,Broiler Chicken,Poultry,Lagos,Retail Market,4,3393.46,2624.34,13573.84,10497.36,3076.48,22.7
101700,2026-03-10,Goat Meat (kg),Livestock,Lagos,Distributor,1,3806.59,2771.0,3806.59,2771.0,1035.59,27.2
101701,2026-03-10,Feed - Broiler Starter (bag),Feed,Ogun,Direct Farm Sale,4,15210.22,10551.09,60840.88,42204.36,18636.52,30.6
101702,2026-03-10,Goat Meat (kg),Livestock,Ibadan Metro,Retail Market,1,3670.08,2313.65,3670.08,2313.65,1356.43,37.0
101703,2026-03-10,Layer Eggs (Crate),Poultry,Ogun,Direct Farm Sale,7,2925.9,1920.57,20481.3,13443.99,7037.31,34.4
101704,2026-03-10,Feed - Layer Mash (bag),Feed,Lagos,Online Order,4,12888.61,9887.32,51554.44,39549.28,12005.16,23.3
101705,2026-03-10,Layer Eggs (Crate),Poultry,Lagos,Direct Farm Sale,5,2927.32,2136.36,14636.6,10681.8,3954.8,27.0
101706,2026-03-10,"Cattle (Live, per head)",Livestock,Lagos,Online Order,1,276775.29,210167.29,276775.29,210167.29,66608.0,24.1
101707,2026-03-10,Broiler Chicken,Poultry,Lagos,Retail Market,3,3255.49,2405.61,9766.47,7216.83,2549.64,26.1
101708,2026-03-10,Feed - Layer Mash (bag),Feed,Lagos,Direct Farm Sale,1,13253.98,8415.6,13253.98,8415.6,4838.38,36.5
101709,2026-03-10,"Ram (Live, per head)",Livestock,Ibadan Metro,Direct Farm Sale,1,92570.44,61263.67,92570.44,61263.67,31306.77,33.8
101710,2026-03-11,Feed - Layer Mash (bag),Feed,Lagos,Direct Farm Sale,3,13968.1,10551.72,41904.3,31655.16,10249.14,24.5
101711,2026-03-11,"Cattle (Live, per head)",Livestock,Lagos,Retail Market,1,279108.79,175077.78,279108.79,175077.78,104031.01,37.3
101712,2026-03-11,"Cattle (Live, per head)",Livestock,Oyo,Direct Farm Sale,1,273142.25,193302.55,273142.25,193302.55,79839.7,29.2
101713,2026-03-11,Feed - Layer Mash (bag),Feed,Ogun,Distributor,2,13705.5,10412.33,27411.0,20824.66,6586.34,24.0
101714,2026-03-11,Broiler Chicken,Poultry,Ogun,Direct Farm Sale,18,3226.18,2473.59,58071.24,44524.62,13546.62,23.3
101715,2026-03-11,"Cattle (Live, per head)",Livestock,Oyo,Retail Market,1,271509.54,172823.14,271509.54,172823.14,98686.4,36.3
101716,2026-03-12,Turkey,Poultry,Lagos,Online Order,6,4657.77,2947.46,27946.62,17684.76,10261.86,36.7
101717,2026-03-12,"Cattle (Live, per head)",Livestock,Oyo,Direct Farm Sale,1,269877.02,172822.71,269877.02,172822.71,97054.31,36.0
101718,2026-03-12,Layer Eggs (Crate),Poultry,Ibadan Metro,Distributor,4,3009.38,2024.3,12037.52,8097.2,3940.32,32.7
101719,2026-03-12,Feed - Broiler Starter (bag),Feed,Lagos,Retail Market,2,16558.56,12692.05,33117.12,25384.1,7733.02,23.4
101720,2026-03-12,"Ram (Live, per head)",Livestock,Lagos,Distributor,1,100808.22,78214.96,100808.22,78214.96,22593.26,22.4
101721,2026-03-12,Turkey,Poultry,Ogun,Retail Market,2,4495.39,3287.67,8990.78,6575.34,2415.44,26.9
101722,2026-03-12,Layer Eggs (Crate),Poultry,Ogun,Direct Farm Sale,6,2857.85,1880.81,17147.1,11284.86,5862.24,34.2
101723,2026-03-13,Feed - Broiler Starter (bag),Feed,Ogun,Distributor,14,16189.12,11357.62,226647.68,159006.68,67641.0,29.8
101724,2026-03-13,"Ram (Live, per head)",Livestock,Oyo,Distributor,1,91779.92,65192.26,91779.92,65192.26,26587.66,29.0
101725,2026-03-13,Layer Eggs (Crate),Poultry,Lagos,Direct Farm Sale,4,2905.42,1987.96,11621.68,7951.84,3669.84,31.6
101726,2026-03-13,Feed - Layer Mash (bag),Feed,Ibadan Metro,Direct Farm Sale,4,13252.27,8532.54,53009.08,34130.16,18878.92,35.6
101727,2026-03-13,Turkey,Poultry,Ogun,Online Order,9,4667.6,2918.09,42008.4,26262.81,15745.59,37.5
101728,2026-03-13,Broiler Chicken,Poultry,Ogun,Direct Farm Sale,11,3070.92,2045.93,33780.12,22505.23,11274.89,33.4
101729,2026-03-13,Turkey,Poultry,Lagos,Distributor,9,4726.93,3176.25,42542.37,28586.25,13956.12,32.8
101730,2026-03-13,Turkey,Poultry,Ogun,Direct Farm Sale,2,4785.73,3535.87,9571.46,7071.74,2499.72,26.1
101731,2026-03-13,Feed - Broiler Starter (bag),Feed,Lagos,Direct Farm Sale,15,16437.1,11341.9,246556.5,170128.5,76428.0,31.0
101732,2026-03-13,Layer Eggs (Crate),Poultry,Lagos,Direct Farm Sale,2,2757.37,2071.36,5514.74,4142.72,1372.02,24.9
101733,2026-03-13,Broiler Chicken,Poultry,Lagos,Direct Farm Sale,3,3405.1,2274.46,10215.3,6823.38,3391.92,33.2
101734,2026-03-13,"Cattle (Live, per head)",Livestock,Ogun,Online Order,1,277922.72,213362.11,277922.72,213362.11,64560.61,23.2
101735,2026-03-14,Turkey,Poultry,Lagos,Direct Farm Sale,13,4635.07,2948.56,60255.91,38331.28,21924.63,36.4
101736,2026-03-14,Layer Eggs (Crate),Poultry,Ibadan Metro,Retail Market,4,2670.29,1661.95,10681.16,6647.8,4033.36,37.8
101737,2026-03-14,Broiler Chicken,Poultry,Oyo,Retail Market,1,3424.09,2162.88,3424.09,2162.88,1261.21,36.8
101738,2026-03-14,"Ram (Live, per head)",Livestock,Ogun,Direct Farm Sale,1,90418.7,57182.93,90418.7,57182.93,33235.77,36.8
101739,2026-03-14,Layer Eggs (Crate),Poultry,Oyo,Distributor,7,2952.33,2119.56,20666.31,14836.92,5829.39,28.2
101740,2026-03-14,Feed - Layer Mash (bag),Feed,Ibadan Metro,Retail Market,4,13161.69,8929.0,52646.76,35716.0,16930.76,32.2
101741,2026-03-14,Feed - Layer Mash (bag),Feed,Lagos,Distributor,3,13212.6,9277.14,39637.8,27831.42,11806.38,29.8
101742,2026-03-14,Broiler Chicken,Poultry,Lagos,Direct Farm Sale,6,3268.8,2242.88,19612.8,13457.28,6155.52,31.4
101743,2026-03-15,"Ram (Live, per head)",Livestock,Ibadan Metro,Retail Market,1,96172.2,73846.12,96172.2,73846.12,22326.08,23.2
101744,2026-03-15,Turkey,Poultry,Lagos,Retail Market,6,4282.37,3270.51,25694.22,19623.06,6071.16,23.6
101745,2026-03-15,Layer Eggs (Crate),Poultry,Ibadan Metro,Retail Market,3,2756.38,1982.98,8269.14,5948.94,2320.2,28.1
101746,2026-03-15,Turkey,Poultry,Ibadan Metro,Distributor,3,4334.42,2915.05,13003.26,8745.15,4258.11,32.7
101747,2026-03-15,"Ram (Live, per head)",Livestock,Lagos,Distributor,1,91488.54,61642.91,91488.54,61642.91,29845.63,32.6
101748,2026-03-15,Broiler Chicken,Poultry,Ogun,Direct Farm Sale,1,3268.92,2168.61,3268.92,2168.61,1100.31,33.7
101749,2026-03-15,Goat Meat (kg),Livestock,Lagos,Direct Farm Sale,1,3769.35,2377.74,3769.35,2377.74,1391.61,36.9
101750,2026-03-15,Turkey,Poultry,Ibadan Metro,Retail Market,3,4335.16,2724.54,13005.48,8173.62,4831.86,37.2
101751,2026-03-15,"Ram (Live, per head)",Livestock,Oyo,Direct Farm Sale,1,101116.83,70955.11,101116.83,70955.11,30161.72,29.8
101752,2026-03-15,Broiler Chicken,Poultry,Lagos,Direct Farm Sale,8,3317.83,2470.35,26542.64,19762.8,6779.84,25.5
101753,2026-03-16,Layer Eggs (Crate),Poultry,Oyo,Distributor,1,3009.71,1885.71,3009.71,1885.71,1124.0,37.3
101754,2026-03-16,"Ram (Live, per head)",Livestock,Lagos,Retail Market,1,97678.17,71057.24,97678.17,71057.24,26620.93,27.3
101755,2026-03-16,Feed - Broiler Starter (bag),Feed,Ogun,Direct Farm Sale,6,16026.11,12463.81,96156.66,74782.86,21373.8,22.2
101756,2026-03-16,Goat Meat (kg),Livestock,Oyo,Retail Market,1,3754.47,2376.66,3754.47,2376.66,1377.81,36.7
101757,2026-03-16,Turkey,Poultry,Ibadan Metro,Distributor,9,4849.4,3551.28,43644.6,31961.52,11683.08,26.8
101758,2026-03-16,Turkey,Poultry,Ogun,Direct Farm Sale,6,4827.37,3448.29,28964.22,20689.74,8274.48,28.6
101759,2026-03-16,Feed - Broiler Starter (bag),Feed,Lagos,Distributor,2,14759.56,11087.74,29519.12,22175.48,7343.64,24.9
101760,2026-03-16,Feed - Broiler Starter (bag),Feed,Lagos,Direct Farm Sale,1,15159.32,10416.65,15159.32,10416.65,4742.67,31.3
101761,2026-03-16,"Cattle (Live, per head)",Livestock,Ogun,Online Order,1,298541.15,231242.67,298541.15,231242.67,67298.48,22.5
101762,2026-03-16,"Cattle (Live, per head)",Livestock,Lagos,Distributor,1,273315.45,204005.89,273315.45,204005.89,69309.56,25.4
101763,2026-03-16,"Ram (Live, per head)",Livestock,Ogun,Retail Market,1,98334.71,61739.38,98334.71,61739.38,36595.33,37.2
101764,2026-03-16,Broiler Chicken,Poultry,Ibadan Metro,Retail Market,4,3118.35,2183.09,12473.4,8732.36,3741.04,30.0
101765,2026-03-16,Feed - Broiler Starter (bag),Feed,Lagos,Online Order,6,16429.42,12671.33,98576.52,76027.98,22548.54,22.9
101766,2026-03-16,Feed - Broiler Starter (bag),Feed,Ogun,Retail Market,6,15116.02,10958.87,90696.12,65753.22,24942.9,27.5
101767,2026-03-17,Goat Meat (kg),Livestock,Lagos,Direct Farm Sale,1,3855.71,2481.91,3855.71,2481.91,1373.8,35.6
101768,2026-03-17,Broiler Chicken,Poultry,Lagos,Direct Farm Sale,3,3060.86,2091.97,9182.58,6275.91,2906.67,31.7
101769,2026-03-17,"Cattle (Live, per head)",Livestock,Ogun,Direct Farm Sale,1,300048.41,227724.95,300048.41,227724.95,72323.46,24.1
101770,2026-03-17,Goat Meat (kg),Livestock,Oyo,Distributor,1,4055.03,2717.16,4055.03,2717.16,1337.87,33.0
101771,2026-03-17,Layer Eggs (Crate),Poultry,Lagos,Direct Farm Sale,1,2959.93,2251.35,2959.93,2251.35,708.58,23.9
101772,2026-03-17,Feed - Layer Mash (bag),Feed,Lagos,Retail Market,8,13157.96,9421.36,105263.68,75370.88,29892.8,28.4
101773,2026-03-17,Broiler Chicken,Poultry,Lagos,Direct Farm Sale,6,3261.68,2355.0,19570.08,14130.0,5440.08,27.8
101774,2026-03-17,Turkey,Poultry,Lagos,Online Order,4,4358.53,2772.81,17434.12,11091.24,6342.88,36.4
101775,2026-03-17,Turkey,Poultry,Ibadan Metro,Retail Market,6,4594.71,3364.04,27568.26,20184.24,7384.02,26.8
101776,2026-03-17,"Cattle (Live, per head)",Livestock,Lagos,Distributor,1,290716.95,218955.25,290716.95,218955.25,71761.7,24.7
101777,2026-03-18,Layer Eggs (Crate),Poultry,Lagos,Direct Farm Sale,5,2884.33,1859.89,14421.65,9299.45,5122.2,35.5
101778,2026-03-18,Goat Meat (kg),Livestock,Ogun,Online Order,1,3953.31,2646.12,3953.31,2646.12,1307.19,33.1
101779,2026-03-18,Layer Eggs (Crate),Poultry,Oyo,Distributor,1,2948.0,2091.79,2948.0,2091.79,856.21,29.0
101780,2026-03-18,Goat Meat (kg),Livestock,Lagos,Distributor,1,3819.88,2544.89,3819.88,2544.89,1274.99,33.4
101781,2026-03-18,Feed - Broiler Starter (bag),Feed,Ibadan Metro,Retail Market,11,15923.47,10760.95,175158.17,118370.45,56787.72,32.4
101782,2026-03-18,Feed - Broiler Starter (bag),Feed,Ogun,Distributor,7,16095.63,10732.14,112669.41,75124.98,37544.43,33.3
101783,2026-03-18,Layer Eggs (Crate),Poultry,Oyo,Distributor,1,2825.59,2111.49,2825.59,2111.49,714.1,25.3
101784,2026-03-18,Feed - Broiler Starter (bag),Feed,Ibadan Metro,Direct Farm Sale,1,16213.74,10601.27,16213.74,10601.27,5612.47,34.6
101785,2026-03-18,Feed - Broiler Starter (bag),Feed,Ogun,Retail Market,1,16134.91,10246.22,16134.91,10246.22,5888.69,36.5
101786,2026-03-18,Feed - Layer Mash (bag),Feed,Lagos,Online Order,8,13470.24,10001.38,107761.92,80011.04,27750.88,25.8
101787,2026-03-18,Goat Meat (kg),Livestock,Oyo,Direct Farm Sale,1,3761.19,2733.68,3761.19,2733.68,1027.51,27.3
101788,2026-03-19,Turkey,Poultry,Ogun,Retail Market,1,4628.38,2909.98,4628.38,2909.98,1718.4,37.1
101789,2026-03-19,Feed - Broiler Starter (bag),Feed,Ogun,Retail Market,6,16700.82,11220.97,100204.92,67325.82,32879.1,32.8
101790,2026-03-19,"Ram (Live, per head)",Livestock,Lagos,Direct Farm Sale,1,98317.9,61801.8,98317.9,61801.8,36516.1,37.1
101791,2026-03-19,Feed - Layer Mash (bag),Feed,Lagos,Distributor,4,13461.63,10175.71,53846.52,40702.84,13143.68,24.4
101792,2026-03-19,Goat Meat (kg),Livestock,Lagos,Direct Farm Sale,1,3820.52,2946.9,3820.52,2946.9,873.62,22.9
101793,2026-03-19,Feed - Layer Mash (bag),Feed,Lagos,Distributor,2,12573.69,9271.45,25147.38,18542.9,6604.48,26.3
101794,2026-03-19,Goat Meat (kg),Livestock,Lagos,Direct Farm Sale,1,3937.24,2827.33,3937.24,2827.33,1109.91,28.2
101795,2026-03-19,"Ram (Live, per head)",Livestock,Ogun,Distributor,1,99945.89,66665.3,99945.89,66665.3,33280.59,33.3
101796,2026-03-20,Feed - Layer Mash (bag),Feed,Ogun,Direct Farm Sale,9,13469.46,9186.92,121225.14,82682.28,38542.86,31.8
101797,2026-03-20,"Cattle (Live, per head)",Livestock,Lagos,Direct Farm Sale,1,279879.71,211228.95,279879.71,211228.95,68650.76,24.5
101798,2026-03-20,"Ram (Live, per head)",Livestock,Lagos,Direct Farm Sale,1,92825.32,68914.46,92825.32,68914.46,23910.86,25.8
101799,2026-03-20,Feed - Layer Mash (bag),Feed,Oyo,Direct Farm Sale,1,13613.45,9518.99,13613.45,9518.99,4094.46,30.1
101800,2026-03-20,Feed - Broiler Starter (bag),Feed,Oyo,Distributor,4,15848.69,10529.55,63394.76,42118.2,21276.56,33.6
101801,2026-03-20,Feed - Layer Mash (bag),Feed,Ogun,Distributor,3,13567.6,10443.36,40702.8,31330.08,9372.72,23.0
101802,2026-03-20,"Ram (Live, per head)",Livestock,Ibadan Metro,Direct Farm Sale,1,90682.03,60010.71,90682.03,60010.71,30671.32,33.8
101803,2026-03-20,Broiler Chicken,Poultry,Oyo,Online Order,2,3383.79,2410.04,6767.58,4820.08,1947.5,28.8
101804,2026-03-20,Feed - Layer Mash (bag),Feed,Ogun,Retail Market,2,13155.63,10081.77,26311.26,20163.54,6147.72,23.4
101805,2026-03-20,Broiler Chicken,Poultry,Lagos,Direct Farm Sale,2,3274.12,2175.84,6548.24,4351.68,2196.56,33.5
101806,2026-03-20,Turkey,Poultry,Oyo,Direct Farm Sale,9,4711.66,3225.81,42404.94,29032.29,13372.65,31.5
101807,2026-03-20,Layer Eggs (Crate),Poultry,Lagos,Direct Farm Sale,7,2747.71,2004.32,19233.97,14030.24,5203.73,27.1
101808,2026-03-20,Layer Eggs (Crate),Poultry,Lagos,Retail Market,4,2763.78,1914.77,11055.12,7659.08,3396.04,30.7
101809,2026-03-21,"Ram (Live, per head)",Livestock,Ibadan Metro,Distributor,1,96861.95,74495.1,96861.95,74495.1,22366.85,23.1
101810,2026-03-21,"Ram (Live, per head)",Livestock,Oyo,Retail Market,1,94217.5,59967.84,94217.5,59967.84,34249.66,36.4
101811,2026-03-21,"Cattle (Live, per head)",Livestock,Ogun,Distributor,1,279832.27,212148.84,279832.27,212148.84,67683.43,24.2
101812,2026-03-21,Layer Eggs (Crate),Poultry,Oyo,Direct Farm Sale,8,2931.35,1932.73,23450.8,15461.84,7988.96,34.1
101813,2026-03-21,"Cattle (Live, per head)",Livestock,Lagos,Distributor,1,298312.62,197003.15,298312.62,197003.15,101309.47,34.0
101814,2026-03-21,Broiler Chicken,Poultry,Ibadan Metro,Distributor,7,3286.08,2423.32,23002.56,16963.24,6039.32,26.3
101815,2026-03-22,"Ram (Live, per head)",Livestock,Oyo,Distributor,1,90867.29,65204.82,90867.29,65204.82,25662.47,28.2
101816,2026-03-22,Feed - Layer Mash (bag),Feed,Lagos,Direct Farm Sale,2,13484.54,8623.82,26969.08,17247.64,9721.44,36.0
101817,2026-03-22,Broiler Chicken,Poultry,Oyo,Direct Farm Sale,2,3295.01,2133.82,6590.02,4267.64,2322.38,35.2
101818,2026-03-22,Goat Meat (kg),Livestock,Ibadan Metro,Retail Market,1,4067.54,3049.97,4067.54,3049.97,1017.57,25.0
101819,2026-03-22,Layer Eggs (Crate),Poultry,Lagos,Direct Farm Sale,5,2802.45,1988.45,14012.25,9942.25,4070.0,29.0
101820,2026-03-22,Feed - Broiler Starter (bag),Feed,Lagos,Direct Farm Sale,1,16585.2,12267.98,16585.2,12267.98,4317.22,26.0
101821,2026-03-22,Feed - Layer Mash (bag),Feed,Lagos,Distributor,4,13169.9,9314.26,52679.6,37257.04,15422.56,29.3
101822,2026-03-22,"Ram (Live, per head)",Livestock,Lagos,Retail Market,1,92418.85,62798.92,92418.85,62798.92,29619.93,32.0
101823,2026-03-22,Feed - Broiler Starter (bag),Feed,Oyo,Retail Market,7,16077.03,11690.79,112539.21,81835.53,30703.68,27.3
101824,2026-03-22,"Cattle (Live, per head)",Livestock,Lagos,Direct Farm Sale,1,271486.83,195277.62,271486.83,195277.62,76209.21,28.1
101825,2026-03-22,"Cattle (Live, per head)",Livestock,Ogun,Distributor,1,276069.05,214215.89,276069.05,214215.89,61853.16,22.4
101826,2026-03-22,Goat Meat (kg),Livestock,Ibadan Metro,Direct Farm Sale,1,3787.43,2783.13,3787.43,2783.13,1004.3,26.5
101827,2026-03-23,Goat Meat (kg),Livestock,Lagos,Distributor,1,3951.53,2889.38,3951.53,2889.38,1062.15,26.9
101828,2026-03-23,Turkey,Poultry,Ogun,Distributor,9,4377.0,3268.1,39393.0,29412.9,9980.1,25.3
101829,2026-03-23,"Cattle (Live, per head)",Livestock,Ogun,Direct Farm Sale,1,293299.65,194774.81,293299.65,194774.81,98524.84,33.6
101830,2026-03-23,Turkey,Poultry,Oyo,Distributor,2,4305.9,3232.58,8611.8,6465.16,2146.64,24.9
101831,2026-03-23,Feed - Broiler Starter (bag),Feed,Ogun,Retail Market,5,15677.92,11602.55,78389.6,58012.75,20376.85,26.0
101832,2026-03-23,"Cattle (Live, per head)",Livestock,Ogun,Direct Farm Sale,1,268019.86,166280.7,268019.86,166280.7,101739.16,38.0
101833,2026-03-23,Goat Meat (kg),Livestock,Lagos,Online Order,1,3795.82,2475.07,3795.82,2475.07,1320.75,34.8
101834,2026-03-23,Layer Eggs (Crate),Poultry,Lagos,Distributor,6,2731.23,2027.47,16387.38,12164.82,4222.56,25.8
101835,2026-03-23,Layer Eggs (Crate),Poultry,Oyo,Distributor,1,3004.62,1900.39,3004.62,1900.39,1104.23,36.8
101836,2026-03-23,"Cattle (Live, per head)",Livestock,Lagos,Direct Farm Sale,1,289901.04,222358.83,289901.04,222358.83,67542.21,23.3
101837,2026-03-23,Layer Eggs (Crate),Poultry,Ibadan Metro,Distributor,1,3013.51,2247.5,3013.51,2247.5,766.01,25.4
101838,2026-03-24,"Ram (Live, per head)",Livestock,Oyo,Distributor,1,96030.61,62880.6,96030.61,62880.6,33150.01,34.5
101839,2026-03-24,"Ram (Live, per head)",Livestock,Ibadan Metro,Online Order,1,99896.79,64168.94,99896.79,64168.94,35727.85,35.8
101840,2026-03-24,Feed - Layer Mash (bag),Feed,Oyo,Direct Farm Sale,5,13543.75,9838.62,67718.75,49193.1,18525.65,27.4
101841,2026-03-24,"Ram (Live, per head)",Livestock,Lagos,Distributor,1,92365.44,71535.45,92365.44,71535.45,20829.99,22.6
101842,2026-03-24,Turkey,Poultry,Ogun,Distributor,7,4716.76,3530.97,33017.32,24716.79,8300.53,25.1
101843,2026-03-24,Broiler Chicken,Poultry,Oyo,Online Order,17,3151.62,1994.45,53577.54,33905.65,19671.89,36.7
101844,2026-03-24,Layer Eggs (Crate),Poultry,Ibadan Metro,Retail Market,5,3016.16,2051.01,15080.8,10255.05,4825.75,32.0
101845,2026-03-24,Layer Eggs (Crate),Poultry,Ogun,Retail Market,18,2781.36,1875.1,50064.48,33751.8,16312.68,32.6
101846,2026-03-24,Feed - Broiler Starter (bag),Feed,Lagos,Direct Farm Sale,13,16309.41,12434.57,212022.33,161649.41,50372.92,23.8
101847,2026-03-24,Broiler Chicken,Poultry,Ogun,Direct Farm Sale,16,3358.1,2213.09,53729.6,35409.44,18320.16,34.1
101848,2026-03-25,Feed - Broiler Starter (bag),Feed,Ogun,Retail Market,12,15407.04,11174.3,184884.48,134091.6,50792.88,27.5
101849,2026-03-25,"Ram (Live, per head)",Livestock,Lagos,Distributor,1,91051.81,64176.14,91051.81,64176.14,26875.67,29.5
101850,2026-03-25,"Ram (Live, per head)",Livestock,Lagos,Retail Market,1,90476.61,67034.94,90476.61,67034.94,23441.67,25.9
101851,2026-03-25,Feed - Broiler Starter (bag),Feed,Lagos,Retail Market,4,15883.75,10328.97,63535.0,41315.88,22219.12,35.0
101852,2026-03-25,"Cattle (Live, per head)",Livestock,Ogun,Retail Market,1,288416.72,192308.4,288416.72,192308.4,96108.32,33.3
101853,2026-03-25,Turkey,Poultry,Lagos,Direct Farm Sale,7,4539.67,3523.9,31777.69,24667.3,7110.39,22.4
101854,2026-03-25,Feed - Layer Mash (bag),Feed,Oyo,Direct Farm Sale,14,12946.95,8909.78,181257.3,124736.92,56520.38,31.2
101855,2026-03-25,Turkey,Poultry,Ibadan Metro,Retail Market,12,4645.11,2918.96,55741.32,35027.52,20713.8,37.2
101856,2026-03-25,Broiler Chicken,Poultry,Oyo,Direct Farm Sale,9,3078.8,2362.49,27709.2,21262.41,6446.79,23.3
101857,2026-03-25,Broiler Chicken,Poultry,Lagos,Distributor,10,3386.25,2159.94,33862.5,21599.4,12263.1,36.2
101858,2026-03-25,Broiler Chicken,Poultry,Lagos,Online Order,2,3400.93,2307.98,6801.86,4615.96,2185.9,32.1
101859,2026-03-26,Layer Eggs (Crate),Poultry,Ibadan Metro,Retail Market,2,2810.96,1759.05,5621.92,3518.1,2103.82,37.4
101860,2026-03-26,Broiler Chicken,Poultry,Ogun,Retail Market,8,3212.34,2493.9,25698.72,19951.2,5747.52,22.4
101861,2026-03-26,"Ram (Live, per head)",Livestock,Oyo,Retail Market,1,97165.49,70058.49,97165.49,70058.49,27107.0,27.9
101862,2026-03-26,Turkey,Poultry,Lagos,Direct Farm Sale,3,4453.39,3017.66,13360.17,9052.98,4307.19,32.2
101863,2026-03-26,"Ram (Live, per head)",Livestock,Lagos,Direct Farm Sale,1,93465.85,69206.5,93465.85,69206.5,24259.35,26.0
101864,2026-03-27,Feed - Layer Mash (bag),Feed,Ogun,Online Order,3,14254.02,10158.49,42762.06,30475.47,12286.59,28.7
101865,2026-03-27,Layer Eggs (Crate),Poultry,Lagos,Retail Market,1,2812.09,1818.1,2812.09,1818.1,993.99,35.3
101866,2026-03-27,"Cattle (Live, per head)",Livestock,Lagos,Online Order,1,279163.89,199942.82,279163.89,199942.82,79221.07,28.4
101867,2026-03-27,Feed - Broiler Starter (bag),Feed,Lagos,Distributor,2,15266.53,10758.82,30533.06,21517.64,9015.42,29.5
101868,2026-03-27,Broiler Chicken,Poultry,Lagos,Distributor,5,3311.88,2498.15,16559.4,12490.75,4068.65,24.6
101869,2026-03-27,Goat Meat (kg),Livestock,Lagos,Direct Farm Sale,1,4033.01,3070.02,4033.01,3070.02,962.99,23.9
101870,2026-03-27,"Ram (Live, per head)",Livestock,Lagos,Direct Farm Sale,1,94485.25,73227.72,94485.25,73227.72,21257.53,22.5
101871,2026-03-27,"Ram (Live, per head)",Livestock,Ogun,Direct Farm Sale,1,93374.55,72467.96,93374.55,72467.96,20906.59,22.4
101872,2026-03-27,Turkey,Poultry,Lagos,Online Order,7,4371.01,2748.16,30597.07,19237.12,11359.95,37.1
101873,2026-03-27,Feed - Layer Mash (bag),Feed,Lagos,Distributor,11,13183.49,9366.73,145018.39,103034.03,41984.36,29.0
101874,2026-03-27,Broiler Chicken,Poultry,Lagos,Online Order,4,3112.23,2040.63,12448.92,8162.52,4286.4,34.4
101875,2026-03-28,Layer Eggs (Crate),Poultry,Ibadan Metro,Distributor,1,2803.51,2153.04,2803.51,2153.04,650.47,23.2
101876,2026-03-28,"Cattle (Live, per head)",Livestock,Oyo,Direct Farm Sale,1,288329.85,197769.35,288329.85,197769.35,90560.5,31.4
101877,2026-03-28,Feed - Broiler Starter (bag),Feed,Oyo,Retail Market,3,16354.35,10756.81,49063.05,32270.43,16792.62,34.2
101878,2026-03-28,Feed - Layer Mash (bag),Feed,Ibadan Metro,Direct Farm Sale,2,13787.09,10631.13,27574.18,21262.26,6311.92,22.9
101879,2026-03-28,Broiler Chicken,Poultry,Lagos,Retail Market,4,3379.65,2257.82,13518.6,9031.28,4487.32,33.2
101880,2026-03-28,Broiler Chicken,Poultry,Lagos,Direct Farm Sale,5,3266.09,2076.74,16330.45,10383.7,5946.75,36.4
101881,2026-03-28,"Cattle (Live, per head)",Livestock,Oyo,Distributor,1,299049.84,188210.07,299049.84,188210.07,110839.77,37.1
101882,2026-03-28,Layer Eggs (Crate),Poultry,Oyo,Distributor,1,2800.99,2113.83,2800.99,2113.83,687.16,24.5
101883,2026-03-28,"Ram (Live, per head)",Livestock,Lagos,Distributor,1,97990.7,69431.69,97990.7,69431.69,28559.01,29.1
101884,2026-03-28,"Cattle (Live, per head)",Livestock,Ogun,Direct Farm Sale,1,267671.85,170736.23,267671.85,170736.23,96935.62,36.2
101885,2026-03-29,Broiler Chicken,Poultry,Lagos,Online Order,7,3282.02,2087.13,22974.14,14609.91,8364.23,36.4
101886,2026-03-29,Feed - Broiler Starter (bag),Feed,Oyo,Distributor,2,15990.59,12064.16,31981.18,24128.32,7852.86,24.6
101887,2026-03-29,Feed - Broiler Starter (bag),Feed,Ibadan Metro,Direct Farm Sale,7,14883.6,10386.01,104185.2,72702.07,31483.13,30.2
101888,2026-03-29,Turkey,Poultry,Lagos,Retail Market,3,4485.82,3087.61,13457.46,9262.83,4194.63,31.2
101889,2026-03-29,Feed - Layer Mash (bag),Feed,Lagos,Retail Market,7,13074.03,9884.05,91518.21,69188.35,22329.86,24.4
101890,2026-03-29,"Cattle (Live, per head)",Livestock,Ogun,Retail Market,1,266897.76,194315.39,266897.76,194315.39,72582.37,27.2
101891,2026-03-29,Feed - Layer Mash (bag),Feed,Ogun,Direct Farm Sale,1,13799.8,10626.75,13799.8,10626.75,3173.05,23.0
101892,2026-03-29,"Cattle (Live, per head)",Livestock,Lagos,Direct Farm Sale,1,291554.1,214619.22,291554.1,214619.22,76934.88,26.4
101893,2026-03-29,Turkey,Poultry,Ogun,Distributor,3,4459.61,3472.13,13378.83,10416.39,2962.44,22.1
101894,2026-03-29,Turkey,Poultry,Lagos,Direct Farm Sale,3,4330.48,2925.23,12991.44,8775.69,4215.75,32.5
101895,2026-03-29,Feed - Layer Mash (bag),Feed,Lagos,Direct Farm Sale,1,13033.9,8599.05,13033.9,8599.05,4434.85,34.0
101896,2026-03-30,"Ram (Live, per head)",Livestock,Ibadan Metro,Retail Market,1,91048.62,65498.56,91048.62,65498.56,25550.06,28.1
101897,2026-03-30,"Cattle (Live, per head)",Livestock,Oyo,Retail Market,1,292195.44,182195.72,292195.44,182195.72,109999.72,37.6
101898,2026-03-30,Feed - Broiler Starter (bag),Feed,Lagos,Direct Farm Sale,3,14955.21,10586.55,44865.63,31759.65,13105.98,29.2
101899,2026-03-30,Layer Eggs (Crate),Poultry,Lagos,Retail Market,4,2773.99,1972.91,11095.96,7891.64,3204.32,28.9
101900,2026-03-30,Broiler Chicken,Poultry,Lagos,Distributor,8,3296.17,2377.88,26369.36,19023.04,7346.32,27.9
101901,2026-03-30,Goat Meat (kg),Livestock,Lagos,Distributor,1,3619.9,2325.99,3619.9,2325.99,1293.91,35.7
101902,2026-03-30,Goat Meat (kg),Livestock,Ogun,Direct Farm Sale,1,3924.35,2747.1,3924.35,2747.1,1177.25,30.0
101903,2026-03-30,Feed - Layer Mash (bag),Feed,Ogun,Direct Farm Sale,14,13021.27,9476.91,182297.78,132676.74,49621.04,27.2
101904,2026-03-30,Layer Eggs (Crate),Poultry,Ogun,Retail Market,3,2839.56,1895.01,8518.68,5685.03,2833.65,33.3
101905,2026-03-30,Layer Eggs (Crate),Poultry,Oyo,Distributor,10,2726.76,2080.42,27267.6,20804.2,6463.4,23.7
101906,2026-03-30,"Cattle (Live, per head)",Livestock,Ibadan Metro,Direct Farm Sale,1,280296.11,189774.2,280296.11,189774.2,90521.91,32.3
101907,2026-03-30,Turkey,Poultry,Lagos,Direct Farm Sale,12,4850.74,3647.0,58208.88,43764.0,14444.88,24.8
101908,2026-03-31,"Ram (Live, per head)",Livestock,Lagos,Online Order,1,101027.06,67443.14,101027.06,67443.14,33583.92,33.2
101909,2026-03-31,Turkey,Poultry,Ogun,Distributor,6,4276.53,3081.32,25659.18,18487.92,7171.26,27.9
101910,2026-03-31,Feed - Broiler Starter (bag),Feed,Ibadan Metro,Direct Farm Sale,8,15972.7,11073.32,127781.6,88586.56,39195.04,30.7
101911,2026-03-31,Feed - Broiler Starter (bag),Feed,Oyo,Direct Farm Sale,6,14885.14,10405.5,89310.84,62433.0,26877.84,30.1
101912,2026-03-31,Broiler Chicken,Poultry,Lagos,Distributor,1,3300.8,2138.28,3300.8,2138.28,1162.52,35.2
101913,2026-03-31,Layer Eggs (Crate),Poultry,Lagos,Distributor,8,2860.56,2126.16,22884.48,17009.28,5875.2,25.7
101914,2026-03-31,Feed - Layer Mash (bag),Feed,Lagos,Direct Farm Sale,5,13670.56,9275.0,68352.8,46375.0,21977.8,32.2
101915,2026-03-31,Feed - Broiler Starter (bag),Feed,Ogun,Distributor,10,15439.41,11922.87,154394.1,119228.7,35165.4,22.8
101916,2026-03-31,Layer Eggs (Crate),Poultry,Lagos,Direct Farm Sale,8,2993.9,2076.3,23951.2,16610.4,7340.8,30.6
101917,2026-04-01,"Ram (Live, per head)",Livestock,Lagos,Online Order,1,93657.91,64377.77,93657.91,64377.77,29280.14,31.3
101918,2026-04-01,"Ram (Live, per head)",Livestock,Ibadan Metro,Direct Farm Sale,1,99865.04,75584.51,99865.04,75584.51,24280.53,24.3
101919,2026-04-01,Broiler Chicken,Poultry,Lagos,Retail Market,3,3355.59,2416.5,10066.77,7249.5,2817.27,28.0
101920,2026-04-01,Layer Eggs (Crate),Poultry,Ogun,Retail Market,1,2945.56,2107.21,2945.56,2107.21,838.35,28.5
101921,2026-04-01,Feed - Broiler Starter (bag),Feed,Ogun,Distributor,5,15784.45,10523.92,78922.25,52619.6,26302.65,33.3
101922,2026-04-01,Feed - Layer Mash (bag),Feed,Ibadan Metro,Direct Farm Sale,3,13831.92,10031.52,41495.76,30094.56,11401.2,27.5
101923,2026-04-01,Broiler Chicken,Poultry,Lagos,Distributor,4,3233.7,2522.12,12934.8,10088.48,2846.32,22.0
101924,2026-04-01,Broiler Chicken,Poultry,Lagos,Distributor,4,3078.25,2246.35,12313.0,8985.4,3327.6,27.0
101925,2026-04-01,"Ram (Live, per head)",Livestock,Lagos,Retail Market,1,90674.0,70472.76,90674.0,70472.76,20201.24,22.3
101926,2026-04-01,"Ram (Live, per head)",Livestock,Lagos,Retail Market,1,102495.12,72258.22,102495.12,72258.22,30236.9,29.5
101927,2026-04-01,"Ram (Live, per head)",Livestock,Lagos,Distributor,1,101915.32,70430.38,101915.32,70430.38,31484.94,30.9
101928,2026-04-01,Layer Eggs (Crate),Poultry,Lagos,Distributor,2,2694.38,1830.37,5388.76,3660.74,1728.02,32.1
101929,2026-04-01,Feed - Layer Mash (bag),Feed,Oyo,Direct Farm Sale,13,12595.5,9112.95,163741.5,118468.35,45273.15,27.6
101930,2026-04-02,Broiler Chicken,Poultry,Ogun,Distributor,4,3211.12,2115.93,12844.48,8463.72,4380.76,34.1
101931,2026-04-02,"Ram (Live, per head)",Livestock,Ibadan Metro,Retail Market,1,98910.19,63259.05,98910.19,63259.05,35651.14,36.0
101932,2026-04-02,Goat Meat (kg),Livestock,Lagos,Distributor,1,3651.11,2798.36,3651.11,2798.36,852.75,23.4
101933,2026-04-02,Goat Meat (kg),Livestock,Lagos,Online Order,1,4096.16,2662.2,4096.16,2662.2,1433.96,35.0
101934,2026-04-02,Broiler Chicken,Poultry,Lagos,Retail Market,5,3166.54,2200.88,15832.7,11004.4,4828.3,30.5
101935,2026-04-02,Layer Eggs (Crate),Poultry,Lagos,Online Order,8,2707.79,2086.33,21662.32,16690.64,4971.68,23.0
101936,2026-04-02,"Ram (Live, per head)",Livestock,Lagos,Direct Farm Sale,1,96897.42,72654.29,96897.42,72654.29,24243.13,25.0
101937,2026-04-02,Feed - Broiler Starter (bag),Feed,Ibadan Metro,Direct Farm Sale,6,15930.47,11454.98,95582.82,68729.88,26852.94,28.1
101938,2026-04-02,Goat Meat (kg),Livestock,Ogun,Direct Farm Sale,1,3786.07,2711.48,3786.07,2711.48,1074.59,28.4
101939,2026-04-03,Turkey,Poultry,Lagos,Retail Market,10,4857.18,3322.63,48571.8,33226.3,15345.5,31.6
101940,2026-04-03,Goat Meat (kg),Livestock,Lagos,Direct Farm Sale,1,3710.91,2756.0,3710.91,2756.0,954.91,25.7
101941,2026-04-03,Layer Eggs (Crate),Poultry,Lagos,Distributor,15,2718.11,1697.66,40771.65,25464.9,15306.75,37.5
101942,2026-04-03,"Ram (Live, per head)",Livestock,Lagos,Distributor,1,101616.81,77296.82,101616.81,77296.82,24319.99,23.9
101943,2026-04-03,Broiler Chicken,Poultry,Lagos,Retail Market,1,3306.1,2351.36,3306.1,2351.36,954.74,28.9
101944,2026-04-03,Feed - Layer Mash (bag),Feed,Ogun,Distributor,11,12793.89,8706.3,140732.79,95769.3,44963.49,31.9
101945,2026-04-03,Turkey,Poultry,Lagos,Direct Farm Sale,3,4854.25,3786.17,14562.75,11358.51,3204.24,22.0
101946,2026-04-03,"Cattle (Live, per head)",Livestock,Oyo,Direct Farm Sale,1,281458.48,175305.18,281458.48,175305.18,106153.3,37.7
101947,2026-04-04,Feed - Layer Mash (bag),Feed,Ibadan Metro,Distributor,8,12577.67,9681.94,100621.36,77455.52,23165.84,23.0
101948,2026-04-04,Feed - Broiler Starter (bag),Feed,Oyo,Retail Market,3,16111.89,11311.16,48335.67,33933.48,14402.19,29.8
101949,2026-04-04,Feed - Broiler Starter (bag),Feed,Ogun,Distributor,14,15098.32,10219.31,211376.48,143070.34,68306.14,32.3
101950,2026-04-04,Goat Meat (kg),Livestock,Ogun,Distributor,1,3946.81,2730.87,3946.81,2730.87,1215.94,30.8
101951,2026-04-04,Feed - Layer Mash (bag),Feed,Ibadan Metro,Direct Farm Sale,10,13781.28,9386.02,137812.8,93860.2,43952.6,31.9
101952,2026-04-04,Feed - Broiler Starter (bag),Feed,Lagos,Retail Market,19,15951.94,11645.61,303086.86,221266.59,81820.27,27.0
101953,2026-04-04,Layer Eggs (Crate),Poultry,Ogun,Distributor,4,2935.9,2288.99,11743.6,9155.96,2587.64,22.0
101954,2026-04-04,Broiler Chicken,Poultry,Lagos,Direct Farm Sale,4,3272.34,2224.28,13089.36,8897.12,4192.24,32.0
101955,2026-04-05,"Ram (Live, per head)",Livestock,Ibadan Metro,Distributor,1,96086.77,67198.26,96086.77,67198.26,28888.51,30.1
101956,2026-04-05,"Ram (Live, per head)",Livestock,Lagos,Direct Farm Sale,1,91844.83,70845.46,91844.83,70845.46,20999.37,22.9
101957,2026-04-05,"Cattle (Live, per head)",Livestock,Ibadan Metro,Distributor,1,287159.06,212841.2,287159.06,212841.2,74317.86,25.9
101958,2026-04-05,Layer Eggs (Crate),Poultry,Ogun,Direct Farm Sale,1,2704.43,1758.67,2704.43,1758.67,945.76,35.0
101959,2026-04-05,"Ram (Live, per head)",Livestock,Lagos,Direct Farm Sale,1,101437.48,77482.39,101437.48,77482.39,23955.09,23.6
101960,2026-04-05,Feed - Layer Mash (bag),Feed,Ogun,Retail Market,3,12917.39,9966.49,38752.17,29899.47,8852.7,22.8
101961,2026-04-05,"Ram (Live, per head)",Livestock,Lagos,Direct Farm Sale,1,99151.29,71488.7,99151.29,71488.7,27662.59,27.9
101962,2026-04-05,Broiler Chicken,Poultry,Lagos,Direct Farm Sale,2,3384.39,2186.93,6768.78,4373.86,2394.92,35.4
101963,2026-04-05,Layer Eggs (Crate),Poultry,Oyo,Retail Market,7,2907.54,2239.21,20352.78,15674.47,4678.31,23.0
101964,2026-04-05,Feed - Broiler Starter (bag),Feed,Lagos,Online Order,10,14883.75,9887.34,148837.5,98873.4,49964.1,33.6
101965,2026-04-05,Turkey,Poultry,Oyo,Direct Farm Sale,9,4833.58,3055.9,43502.22,27503.1,15999.12,36.8
101966,2026-04-05,Turkey,Poultry,Lagos,Distributor,4,4846.97,3618.24,19387.88,14472.96,4914.92,25.4
101967,2026-04-05,"Ram (Live, per head)",Livestock,Ibadan Metro,Distributor,1,90581.57,66421.14,90581.57,66421.14,24160.43,26.7
101968,2026-04-05,"Cattle (Live, per head)",Livestock,Ogun,Retail Market,1,293964.22,220025.96,293964.22,220025.96,73938.26,25.2
101969,2026-04-06,Broiler Chicken,Poultry,Oyo,Retail Market,3,3354.75,2107.81,10064.25,6323.43,3740.82,37.2
101970,2026-04-06,Feed - Broiler Starter (bag),Feed,Lagos,Distributor,7,16669.24,11885.53,116684.68,83198.71,33485.97,28.7
101971,2026-04-06,"Ram (Live, per head)",Livestock,Ibadan Metro,Distributor,1,100754.72,62611.14,100754.72,62611.14,38143.58,37.9
101972,2026-04-06,Feed - Broiler Starter (bag),Feed,Ogun,Retail Market,6,15522.82,10298.36,93136.92,61790.16,31346.76,33.7
101973,2026-04-06,Turkey,Poultry,Ogun,Direct Farm Sale,4,4772.11,3196.92,19088.44,12787.68,6300.76,33.0
101974,2026-04-06,Layer Eggs (Crate),Poultry,Lagos,Distributor,9,2704.15,1752.51,24337.35,15772.59,8564.76,35.2
101975,2026-04-06,Broiler Chicken,Poultry,Ogun,Online Order,1,3410.88,2118.79,3410.88,2118.79,1292.09,37.9
101976,2026-04-06,Feed - Broiler Starter (bag),Feed,Lagos,Retail Market,5,15522.23,11174.91,77611.15,55874.55,21736.6,28.0
101977,2026-04-06,Feed - Layer Mash (bag),Feed,Lagos,Retail Market,4,13966.02,8938.28,55864.08,35753.12,20110.96,36.0
101978,2026-04-06,Feed - Layer Mash (bag),Feed,Ogun,Direct Farm Sale,4,13541.14,10529.61,54164.56,42118.44,12046.12,22.2
101979,2026-04-07,Feed - Broiler Starter (bag),Feed,Ibadan Metro,Retail Market,2,14753.76,11281.08,29507.52,22562.16,6945.36,23.5
101980,2026-04-07,Feed - Layer Mash (bag),Feed,Ogun,Retail Market,1,13643.69,10384.95,13643.69,10384.95,3258.74,23.9
101981,2026-04-07,Turkey,Poultry,Lagos,Direct Farm Sale,4,4516.58,2901.05,18066.32,11604.2,6462.12,35.8
101982,2026-04-07,"Ram (Live, per head)",Livestock,Oyo,Direct Farm Sale,1,93380.8,71626.5,93380.8,71626.5,21754.3,23.3
101983,2026-04-07,Goat Meat (kg),Livestock,Ogun,Direct Farm Sale,1,3618.79,2498.49,3618.79,2498.49,1120.3,31.0
101984,2026-04-07,"Cattle (Live, per head)",Livestock,Oyo,Direct Farm Sale,1,299889.44,212463.12,299889.44,212463.12,87426.32,29.2
101985,2026-04-07,Broiler Chicken,Poultry,Lagos,Distributor,6,3200.63,2066.37,19203.78,12398.22,6805.56,35.4
101986,2026-04-08,Broiler Chicken,Poultry,Oyo,Direct Farm Sale,9,3350.57,2508.73,30155.13,22578.57,7576.56,25.1
101987,2026-04-08,"Ram (Live, per head)",Livestock,Lagos,Online Order,1,92880.71,59127.85,92880.71,59127.85,33752.86,36.3
101988,2026-04-08,Layer Eggs (Crate),Poultry,Lagos,Direct Farm Sale,5,2727.32,1707.93,13636.6,8539.65,5096.95,37.4
101989,2026-04-08,"Cattle (Live, per head)",Livestock,Lagos,Retail Market,1,266875.0,193231.31,266875.0,193231.31,73643.69,27.6
101990,2026-04-08,Broiler Chicken,Poultry,Lagos,Online Order,1,3357.57,2312.34,3357.57,2312.34,1045.23,31.1
101991,2026-04-08,Layer Eggs (Crate),Poultry,Oyo,Direct Farm Sale,6,2790.01,2020.8,16740.06,12124.8,4615.26,27.6
101992,2026-04-08,Layer Eggs (Crate),Poultry,Ibadan Metro,Direct Farm Sale,10,3023.16,2238.78,30231.6,22387.8,7843.8,25.9
101993,2026-04-08,Goat Meat (kg),Livestock,Lagos,Retail Market,1,3646.94,2796.28,3646.94,2796.28,850.66,23.3
101994,2026-04-09,Turkey,Poultry,Ogun,Retail Market,3,4469.32,2777.56,13407.96,8332.68,5075.28,37.9
101995,2026-04-09,Feed - Broiler Starter (bag),Feed,Lagos,Distributor,7,16411.71,11620.28,114881.97,81341.96,33540.01,29.2
101996,2026-04-09,Feed - Broiler Starter (bag),Feed,Lagos,Direct Farm Sale,2,14881.14,10638.85,29762.28,21277.7,8484.58,28.5
101997,2026-04-09,Turkey,Poultry,Lagos,Direct Farm Sale,3,4290.91,3040.15,12872.73,9120.45,3752.28,29.1
101998,2026-04-09,Broiler Chicken,Poultry,Lagos,Retail Market,4,3421.17,2333.71,13684.68,9334.84,4349.84,31.8
101999,2026-04-09,Feed - Broiler Starter (bag),Feed,Oyo,Retail Market,5,15403.75,9806.69,77018.75,49033.45,27985.3,36.3
102000,2026-04-09,Feed - Broiler Starter (bag),Feed,Ibadan Metro,Direct Farm Sale,5,15025.76,11286.0,75128.8,56430.0,18698.8,24.9
102001,2026-04-09,"Cattle (Live, per head)",Livestock,Lagos,Distributor,1,285660.25,199683.64,285660.25,199683.64,85976.61,30.1
102002,2026-04-09,Layer Eggs (Crate),Poultry,Oyo,Direct Farm Sale,11,2749.11,1957.09,30240.21,21527.99,8712.22,28.8
102003,2026-04-09,"Ram (Live, per head)",Livestock,Ogun,Retail Market,1,92215.68,57396.34,92215.68,57396.34,34819.34,37.8
102004,2026-04-09,Broiler Chicken,Poultry,Lagos,Direct Farm Sale,3,3070.63,1996.99,9211.89,5990.97,3220.92,35.0
102005,2026-04-09,Feed - Broiler Starter (bag),Feed,Ibadan Metro,Direct Farm Sale,12,15259.68,10267.56,183116.16,123210.72,59905.44,32.7
102006,2026-04-09,Broiler Chicken,Poultry,Ogun,Direct Farm Sale,10,3244.65,2438.7,32446.5,24387.0,8059.5,24.8
102007,2026-04-10,"Cattle (Live, per head)",Livestock,Lagos,Retail Market,1,278019.73,186616.09,278019.73,186616.09,91403.64,32.9
102008,2026-04-10,Goat Meat (kg),Livestock,Lagos,Distributor,1,3702.47,2769.82,3702.47,2769.82,932.65,25.2
102009,2026-04-10,Feed - Broiler Starter (bag),Feed,Ibadan Metro,Retail Market,9,14945.02,9692.02,134505.18,87228.18,47277.0,35.1
102010,2026-04-10,"Cattle (Live, per head)",Livestock,Ibadan Metro,Distributor,1,281292.9,218008.83,281292.9,218008.83,63284.07,22.5
102011,2026-04-10,Goat Meat (kg),Livestock,Ogun,Distributor,1,3956.76,3067.24,3956.76,3067.24,889.52,22.5
102012,2026-04-10,Broiler Chicken,Poultry,Ibadan Metro,Retail Market,2,3160.81,2113.18,6321.62,4226.36,2095.26,33.1
102013,2026-04-10,Turkey,Poultry,Oyo,Direct Farm Sale,9,4452.09,3106.52,40068.81,27958.68,12110.13,30.2
102014,2026-04-10,"Cattle (Live, per head)",Livestock,Lagos,Distributor,1,276282.96,185594.4,276282.96,185594.4,90688.56,32.8
102015,2026-04-10,"Ram (Live, per head)",Livestock,Lagos,Distributor,1,92416.33,59384.48,92416.33,59384.48,33031.85,35.7
102016,2026-04-10,Feed - Broiler Starter (bag),Feed,Lagos,Distributor,1,16082.61,11847.7,16082.61,11847.7,4234.91,26.3
102017,2026-04-10,Layer Eggs (Crate),Poultry,Ogun,Direct Farm Sale,14,2763.98,1823.52,38695.72,25529.28,13166.44,34.0
102018,2026-04-10,Layer Eggs (Crate),Poultry,Oyo,Direct Farm Sale,4,2682.04,1957.6,10728.16,7830.4,2897.76,27.0
102019,2026-04-10,Goat Meat (kg),Livestock,Ibadan Metro,Retail Market,1,3887.1,2549.58,3887.1,2549.58,1337.52,34.4
102020,2026-04-10,Broiler Chicken,Poultry,Ogun,Distributor,1,3105.16,2242.86,3105.16,2242.86,862.3,27.8
102021,2026-04-11,Feed - Layer Mash (bag),Feed,Lagos,Retail Market,9,13110.7,10110.74,117996.3,90996.66,26999.64,22.9
102022,2026-04-11,Broiler Chicken,Poultry,Ibadan Metro,Direct Farm Sale,11,3319.95,2492.03,36519.45,27412.33,9107.12,24.9
102023,2026-04-11,Goat Meat (kg),Livestock,Lagos,Direct Farm Sale,1,3867.23,2910.66,3867.23,2910.66,956.57,24.7
102024,2026-04-11,Feed - Broiler Starter (bag),Feed,Lagos,Direct Farm Sale,2,16488.5,11138.75,32977.0,22277.5,10699.5,32.4
102025,2026-04-11,"Ram (Live, per head)",Livestock,Oyo,Retail Market,1,93127.96,71593.81,93127.96,71593.81,21534.15,23.1
102026,2026-04-11,Goat Meat (kg),Livestock,Ogun,Distributor,1,3640.21,2541.93,3640.21,2541.93,1098.28,30.2
102027,2026-04-11,Turkey,Poultry,Oyo,Direct Farm Sale,11,4592.3,3010.5,50515.3,33115.5,17399.8,34.4
102028,2026-04-11,Feed - Broiler Starter (bag),Feed,Ibadan Metro,Retail Market,13,16363.72,11828.27,212728.36,153767.51,58960.85,27.7
102029,2026-04-11,Goat Meat (kg),Livestock,Lagos,Distributor,1,3956.72,2477.73,3956.72,2477.73,1478.99,37.4
102030,2026-04-12,Feed - Broiler Starter (bag),Feed,Ogun,Distributor,2,16596.14,12880.98,33192.28,25761.96,7430.32,22.4
102031,2026-04-12,Feed - Layer Mash (bag),Feed,Lagos,Retail Market,7,13339.9,8716.63,93379.3,61016.41,32362.89,34.7
102032,2026-04-12,Goat Meat (kg),Livestock,Ibadan Metro,Distributor,1,3984.78,2532.78,3984.78,2532.78,1452.0,36.4
102033,2026-04-12,Layer Eggs (Crate),Poultry,Oyo,Direct Farm Sale,7,2854.29,2205.93,19980.03,15441.51,4538.52,22.7
102034,2026-04-12,Feed - Broiler Starter (bag),Feed,Ibadan Metro,Direct Farm Sale,4,15678.94,11801.32,62715.76,47205.28,15510.48,24.7
102035,2026-04-12,Feed - Layer Mash (bag),Feed,Lagos,Direct Farm Sale,2,13155.4,9114.13,26310.8,18228.26,8082.54,30.7
102036,2026-04-12,Layer Eggs (Crate),Poultry,Ogun,Distributor,3,2734.21,1777.04,8202.63,5331.12,2871.51,35.0
102037,2026-04-12,Feed - Layer Mash (bag),Feed,Oyo,Direct Farm Sale,1,14170.07,8848.22,14170.07,8848.22,5321.85,37.6
102038,2026-04-12,Broiler Chicken,Poultry,Oyo,Distributor,3,3363.57,2217.39,10090.71,6652.17,3438.54,34.1
102039,2026-04-12,Turkey,Poultry,Lagos,Direct Farm Sale,5,4381.82,2767.84,21909.1,13839.2,8069.9,36.8
102040,2026-04-12,Feed - Layer Mash (bag),Feed,Oyo,Direct Farm Sale,16,13655.04,8649.89,218480.64,138398.24,80082.4,36.7
102041,2026-04-12,Feed - Layer Mash (bag),Feed,Ogun,Distributor,5,13921.54,10049.62,69607.7,50248.1,19359.6,27.8
102042,2026-04-12,Feed - Broiler Starter (bag),Feed,Lagos,Direct Farm Sale,14,16288.59,11973.46,228040.26,167628.44,60411.82,26.5
102043,2026-04-13,"Ram (Live, per head)",Livestock,Ibadan Metro,Distributor,1,100638.75,76305.26,100638.75,76305.26,24333.49,24.2
102044,2026-04-13,Broiler Chicken,Poultry,Lagos,Distributor,1,3103.4,1992.67,3103.4,1992.67,1110.73,35.8
102045,2026-04-13,"Cattle (Live, per head)",Livestock,Oyo,Distributor,1,298334.51,223607.61,298334.51,223607.61,74726.9,25.0
102046,2026-04-13,"Ram (Live, per head)",Livestock,Ogun,Online Order,1,94849.97,65751.92,94849.97,65751.92,29098.05,30.7
102047,2026-04-14,Layer Eggs (Crate),Poultry,Ogun,Retail Market,10,2693.51,1693.96,26935.1,16939.6,9995.5,37.1
102048,2026-04-14,Feed - Layer Mash (bag),Feed,Ogun,Online Order,8,14043.95,10601.94,112351.6,84815.52,27536.08,24.5
102049,2026-04-14,Feed - Broiler Starter (bag),Feed,Oyo,Distributor,8,15244.81,11297.6,121958.48,90380.8,31577.68,25.9
102050,2026-04-14,Feed - Broiler Starter (bag),Feed,Ibadan Metro,Retail Market,5,16148.66,11977.14,80743.3,59885.7,20857.6,25.8
102051,2026-04-14,Feed - Broiler Starter (bag),Feed,Oyo,Direct Farm Sale,5,15717.21,10213.34,78586.05,51066.7,27519.35,35.0
102052,2026-04-14,Turkey,Poultry,Ogun,Direct Farm Sale,4,4760.27,3588.5,19041.08,14354.0,4687.08,24.6
102053,2026-04-15,Feed - Broiler Starter (bag),Feed,Oyo,Direct Farm Sale,6,15213.72,11004.54,91282.32,66027.24,25255.08,27.7
102054,2026-04-15,Broiler Chicken,Poultry,Ogun,Direct Farm Sale,2,3260.3,2036.53,6520.6,4073.06,2447.54,37.5
102055,2026-04-15,Layer Eggs (Crate),Poultry,Lagos,Direct Farm Sale,2,2700.06,1937.5,5400.12,3875.0,1525.12,28.2
102056,2026-04-15,"Cattle (Live, per head)",Livestock,Ogun,Distributor,1,292721.49,210566.24,292721.49,210566.24,82155.25,28.1
102057,2026-04-15,"Ram (Live, per head)",Livestock,Ogun,Distributor,1,91898.34,61203.66,91898.34,61203.66,30694.68,33.4
102058,2026-04-15,Layer Eggs (Crate),Poultry,Lagos,Distributor,14,2917.32,1827.47,40842.48,25584.58,15257.9,37.4
102059,2026-04-16,Layer Eggs (Crate),Poultry,Lagos,Retail Market,3,2827.0,1876.59,8481.0,5629.77,2851.23,33.6
102060,2026-04-16,Turkey,Poultry,Ibadan Metro,Distributor,7,4834.55,3683.33,33841.85,25783.31,8058.54,23.8
102061,2026-04-16,"Cattle (Live, per head)",Livestock,Ogun,Direct Farm Sale,1,297319.68,209646.69,297319.68,209646.69,87672.99,29.5
102062,2026-04-16,Goat Meat (kg),Livestock,Lagos,Direct Farm Sale,1,3975.71,2954.77,3975.71,2954.77,1020.94,25.7
102063,2026-04-16,"Ram (Live, per head)",Livestock,Lagos,Direct Farm Sale,1,100776.19,78492.86,100776.19,78492.86,22283.33,22.1
102064,2026-04-16,Feed - Layer Mash (bag),Feed,Lagos,Direct Farm Sale,5,14065.69,10956.3,70328.45,54781.5,15546.95,22.1
102065,2026-04-16,Layer Eggs (Crate),Poultry,Ogun,Distributor,9,2688.22,2013.06,24193.98,18117.54,6076.44,25.1
102066,2026-04-16,"Cattle (Live, per head)",Livestock,Lagos,Direct Farm Sale,1,268930.8,190910.66,268930.8,190910.66,78020.14,29.0
102067,2026-04-16,Layer Eggs (Crate),Poultry,Lagos,Retail Market,3,2728.01,1846.52,8184.03,5539.56,2644.47,32.3
102068,2026-04-17,Broiler Chicken,Poultry,Ogun,Direct Farm Sale,6,3408.28,2310.32,20449.68,13861.92,6587.76,32.2
102069,2026-04-17,Turkey,Poultry,Ibadan Metro,Direct Farm Sale,3,4496.34,3405.65,13489.02,10216.95,3272.07,24.3
102070,2026-04-17,Goat Meat (kg),Livestock,Ogun,Distributor,1,4082.39,2814.39,4082.39,2814.39,1268.0,31.1
102071,2026-04-17,"Ram (Live, per head)",Livestock,Oyo,Direct Farm Sale,1,94877.6,65945.29,94877.6,65945.29,28932.31,30.5
102072,2026-04-17,"Cattle (Live, per head)",Livestock,Lagos,Distributor,1,279133.37,209969.0,279133.37,209969.0,69164.37,24.8
102073,2026-04-17,Turkey,Poultry,Oyo,Distributor,6,4649.77,3457.91,27898.62,20747.46,7151.16,25.6
102074,2026-04-17,Turkey,Poultry,Lagos,Distributor,7,4467.5,3197.44,31272.5,22382.08,8890.42,28.4
102075,2026-04-17,"Ram (Live, per head)",Livestock,Ogun,Retail Market,1,94392.98,66459.31,94392.98,66459.31,27933.67,29.6
102076,2026-04-17,Goat Meat (kg),Livestock,Ogun,Distributor,1,3933.16,2632.23,3933.16,2632.23,1300.93,33.1
102077,2026-04-17,Broiler Chicken,Poultry,Ibadan Metro,Retail Market,3,3277.43,2264.1,9832.29,6792.3,3039.99,30.9
102078,2026-04-18,Turkey,Poultry,Ibadan Metro,Retail Market,1,4586.43,3469.07,4586.43,3469.07,1117.36,24.4
102079,2026-04-18,Goat Meat (kg),Livestock,Ogun,Direct Farm Sale,1,3693.04,2386.76,3693.04,2386.76,1306.28,35.4
102080,2026-04-18,Turkey,Poultry,Lagos,Distributor,3,4545.58,3122.95,13636.74,9368.85,4267.89,31.3
102081,2026-04-18,"Ram (Live, per head)",Livestock,Ibadan Metro,Direct Farm Sale,1,95474.78,72321.16,95474.78,72321.16,23153.62,24.3
102082,2026-04-18,"Ram (Live, per head)",Livestock,Lagos,Retail Market,1,102535.21,77010.32,102535.21,77010.32,25524.89,24.9
102083,2026-04-18,Goat Meat (kg),Livestock,Oyo,Retail Market,1,3715.3,2372.89,3715.3,2372.89,1342.41,36.1
102084,2026-04-18,Broiler Chicken,Poultry,Lagos,Online Order,3,3153.04,2342.3,9459.12,7026.9,2432.22,25.7
102085,2026-04-18,Feed - Layer Mash (bag),Feed,Ogun,Direct Farm Sale,2,13533.35,9521.22,27066.7,19042.44,8024.26,29.6
102086,2026-04-18,Layer Eggs (Crate),Poultry,Oyo,Retail Market,6,2751.73,1873.88,16510.38,11243.28,5267.1,31.9
102087,2026-04-19,Feed - Layer Mash (bag),Feed,Lagos,Retail Market,16,13080.98,9183.81,209295.68,146940.96,62354.72,29.8
102088,2026-04-19,"Cattle (Live, per head)",Livestock,Lagos,Distributor,1,291452.44,210485.71,291452.44,210485.71,80966.73,27.8
102089,2026-04-19,Feed - Layer Mash (bag),Feed,Lagos,Direct Farm Sale,9,13769.48,9622.18,123925.32,86599.62,37325.7,30.1
102090,2026-04-19,"Cattle (Live, per head)",Livestock,Oyo,Distributor,1,273951.15,193624.73,273951.15,193624.73,80326.42,29.3
102091,2026-04-19,"Ram (Live, per head)",Livestock,Lagos,Retail Market,1,99180.8,61953.9,99180.8,61953.9,37226.9,37.5
102092,2026-04-19,Turkey,Poultry,Oyo,Direct Farm Sale,3,4767.38,3557.61,14302.14,10672.83,3629.31,25.4
102093,2026-04-19,Goat Meat (kg),Livestock,Lagos,Distributor,1,3810.02,2466.0,3810.02,2466.0,1344.02,35.3
102094,2026-04-19,Broiler Chicken,Poultry,Ogun,Distributor,4,3085.16,2303.62,12340.64,9214.48,3126.16,25.3
102095,2026-04-19,Layer Eggs (Crate),Poultry,Ibadan Metro,Direct Farm Sale,1,2943.81,1880.19,2943.81,1880.19,1063.62,36.1
102096,2026-04-19,Feed - Broiler Starter (bag),Feed,Ogun,Direct Farm Sale,3,15063.73,10172.11,45191.19,30516.33,14674.86,32.5
102097,2026-04-19,Goat Meat (kg),Livestock,Oyo,Retail Market,1,4083.19,2634.67,4083.19,2634.67,1448.52,35.5
102098,2026-04-20,Broiler Chicken,Poultry,Ogun,Online Order,6,3266.18,2271.51,19597.08,13629.06,5968.02,30.5
102099,2026-04-20,Layer Eggs (Crate),Poultry,Oyo,Online Order,11,2887.44,2246.7,31761.84,24713.7,7048.14,22.2
102100,2026-04-20,"Cattle (Live, per head)",Livestock,Ibadan Metro,Retail Market,1,272915.87,184204.86,272915.87,184204.86,88711.01,32.5
102101,2026-04-20,Feed - Broiler Starter (bag),Feed,Ibadan Metro,Direct Farm Sale,7,15953.61,10591.53,111675.27,74140.71,37534.56,33.6
102102,2026-04-20,Goat Meat (kg),Livestock,Ogun,Distributor,1,4069.78,3130.43,4069.78,3130.43,939.35,23.1
102103,2026-04-20,"Cattle (Live, per head)",Livestock,Lagos,Online Order,1,286867.63,184790.26,286867.63,184790.26,102077.37,35.6
102104,2026-04-20,Feed - Broiler Starter (bag),Feed,Lagos,Direct Farm Sale,8,16348.9,11254.4,130791.2,90035.2,40756.0,31.2
102105,2026-04-20,Goat Meat (kg),Livestock,Ibadan Metro,Online Order,1,4055.59,3132.26,4055.59,3132.26,923.33,22.8
102106,2026-04-20,Feed - Layer Mash (bag),Feed,Ibadan Metro,Direct Farm Sale,3,13443.99,9490.83,40331.97,28472.49,11859.48,29.4
102107,2026-04-20,Feed - Broiler Starter (bag),Feed,Lagos,Direct Farm Sale,7,15278.87,11129.41,106952.09,77905.87,29046.22,27.2
102108,2026-04-21,Broiler Chicken,Poultry,Ogun,Distributor,8,3347.24,2217.29,26777.92,17738.32,9039.6,33.8
102109,2026-04-21,Feed - Broiler Starter (bag),Feed,Oyo,Online Order,1,15501.88,11949.98,15501.88,11949.98,3551.9,22.9
102110,2026-04-21,"Cattle (Live, per head)",Livestock,Ogun,Direct Farm Sale,1,299709.36,207667.54,299709.36,207667.54,92041.82,30.7
102111,2026-04-21,"Cattle (Live, per head)",Livestock,Oyo,Distributor,1,272842.61,192773.54,272842.61,192773.54,80069.07,29.3
102112,2026-04-21,"Cattle (Live, per head)",Livestock,Lagos,Direct Farm Sale,1,280792.95,206913.41,280792.95,206913.41,73879.54,26.3
102113,2026-04-21,Broiler Chicken,Poultry,Lagos,Distributor,13,3275.77,2151.42,42585.01,27968.46,14616.55,34.3
102114,2026-04-21,Broiler Chicken,Poultry,Lagos,Retail Market,4,3139.5,2242.91,12558.0,8971.64,3586.36,28.6
102115,2026-04-21,Feed - Broiler Starter (bag),Feed,Ibadan Metro,Direct Farm Sale,1,15166.42,10612.43,15166.42,10612.43,4553.99,30.0
102116,2026-04-21,Broiler Chicken,Poultry,Lagos,Direct Farm Sale,2,3251.2,2375.95,6502.4,4751.9,1750.5,26.9
102117,2026-04-22,Broiler Chicken,Poultry,Ogun,Direct Farm Sale,1,3324.25,2535.36,3324.25,2535.36,788.89,23.7
102118,2026-04-22,Feed - Layer Mash (bag),Feed,Ibadan Metro,Distributor,10,13825.76,9005.86,138257.6,90058.6,48199.0,34.9
102119,2026-04-22,"Ram (Live, per head)",Livestock,Ogun,Distributor,1,92838.29,63758.97,92838.29,63758.97,29079.32,31.3
102120,2026-04-22,Goat Meat (kg),Livestock,Oyo,Direct Farm Sale,1,3894.28,2491.24,3894.28,2491.24,1403.04,36.0
102121,2026-04-22,"Cattle (Live, per head)",Livestock,Lagos,Direct Farm Sale,1,299618.81,221290.25,299618.81,221290.25,78328.56,26.1
102122,2026-04-22,"Ram (Live, per head)",Livestock,Lagos,Distributor,1,92648.78,63602.42,92648.78,63602.42,29046.36,31.4
102123,2026-04-22,Broiler Chicken,Poultry,Lagos,Retail Market,3,3382.11,2320.52,10146.33,6961.56,3184.77,31.4
102124,2026-04-22,Layer Eggs (Crate),Poultry,Oyo,Direct Farm Sale,3,2829.85,1944.6,8489.55,5833.8,2655.75,31.3
102125,2026-04-22,Feed - Broiler Starter (bag),Feed,Lagos,Retail Market,7,15135.26,10064.19,105946.82,70449.33,35497.49,33.5
102126,2026-04-22,"Ram (Live, per head)",Livestock,Ogun,Direct Farm Sale,1,100015.74,63217.6,100015.74,63217.6,36798.14,36.8
102127,2026-04-22,Feed - Layer Mash (bag),Feed,Lagos,Distributor,8,12658.67,8553.11,101269.36,68424.88,32844.48,32.4
102128,2026-04-22,Broiler Chicken,Poultry,Lagos,Retail Market,5,3228.25,2263.16,16141.25,11315.8,4825.45,29.9
102129,2026-04-23,Feed - Broiler Starter (bag),Feed,Lagos,Retail Market,5,15911.6,11332.32,79558.0,56661.6,22896.4,28.8
102130,2026-04-23,Feed - Broiler Starter (bag),Feed,Ogun,Distributor,1,16610.64,11515.61,16610.64,11515.61,5095.03,30.7
102131,2026-04-23,"Ram (Live, per head)",Livestock,Lagos,Distributor,1,97437.21,74582.31,97437.21,74582.31,22854.9,23.5
102132,2026-04-23,"Ram (Live, per head)",Livestock,Lagos,Direct Farm Sale,1,101902.27,75788.44,101902.27,75788.44,26113.83,25.6
102133,2026-04-23,"Cattle (Live, per head)",Livestock,Oyo,Distributor,1,274776.42,180138.65,274776.42,180138.65,94637.77,34.4
102134,2026-04-23,Feed - Layer Mash (bag),Feed,Lagos,Direct Farm Sale,4,13055.88,9288.17,52223.52,37152.68,15070.84,28.9
102135,2026-04-24,Broiler Chicken,Poultry,Lagos,Distributor,2,3319.34,2505.41,6638.68,5010.82,1627.86,24.5
102136,2026-04-24,Goat Meat (kg),Livestock,Ibadan Metro,Distributor,1,3713.0,2398.8,3713.0,2398.8,1314.2,35.4
102137,2026-04-24,Layer Eggs (Crate),Poultry,Ibadan Metro,Distributor,3,2780.97,1926.77,8342.91,5780.31,2562.6,30.7
102138,2026-04-24,"Ram (Live, per head)",Livestock,Ibadan Metro,Distributor,1,99645.9,68998.42,99645.9,68998.42,30647.48,30.8
102139,2026-04-24,Feed - Layer Mash (bag),Feed,Lagos,Retail Market,9,13541.1,9431.24,121869.9,84881.16,36988.74,30.4
102140,2026-04-24,Goat Meat (kg),Livestock,Lagos,Distributor,1,3984.6,2885.41,3984.6,2885.41,1099.19,27.6
102141,2026-04-24,Turkey,Poultry,Lagos,Retail Market,1,4390.81,3369.17,4390.81,3369.17,1021.64,23.3
102142,2026-04-24,"Ram (Live, per head)",Livestock,Lagos,Direct Farm Sale,1,93434.62,66381.98,93434.62,66381.98,27052.64,29.0
102143,2026-04-24,Broiler Chicken,Poultry,Ibadan Metro,Retail Market,3,3452.1,2286.85,10356.3,6860.55,3495.75,33.8
102144,2026-04-24,Feed - Broiler Starter (bag),Feed,Ibadan Metro,Retail Market,16,16112.12,10691.71,257793.92,171067.36,86726.56,33.6
102145,2026-04-24,"Cattle (Live, per head)",Livestock,Lagos,Online Order,1,269770.94,190695.18,269770.94,190695.18,79075.76,29.3
102146,2026-04-24,Broiler Chicken,Poultry,Lagos,Retail Market,5,3192.38,2308.95,15961.9,11544.75,4417.15,27.7
102147,2026-04-25,Broiler Chicken,Poultry,Lagos,Direct Farm Sale,3,3315.63,2462.03,9946.89,7386.09,2560.8,25.7
102148,2026-04-25,"Ram (Live, per head)",Livestock,Ibadan Metro,Retail Market,1,91287.27,69601.93,91287.27,69601.93,21685.34,23.8
102149,2026-04-25,Goat Meat (kg),Livestock,Lagos,Direct Farm Sale,1,3832.88,2907.25,3832.88,2907.25,925.63,24.1
102150,2026-04-25,Layer Eggs (Crate),Poultry,Ogun,Direct Farm Sale,5,2693.52,1773.3,13467.6,8866.5,4601.1,34.2
102151,2026-04-25,Layer Eggs (Crate),Poultry,Oyo,Retail Market,4,2796.71,1959.07,11186.84,7836.28,3350.56,30.0
102152,2026-04-25,"Cattle (Live, per head)",Livestock,Ogun,Direct Farm Sale,1,299917.1,211045.06,299917.1,211045.06,88872.04,29.6
102153,2026-04-25,Goat Meat (kg),Livestock,Lagos,Online Order,1,3693.5,2811.74,3693.5,2811.74,881.76,23.9
102154,2026-04-25,Broiler Chicken,Poultry,Ogun,Distributor,16,3141.89,1998.31,50270.24,31972.96,18297.28,36.4
102155,2026-04-25,Feed - Layer Mash (bag),Feed,Lagos,Distributor,17,12670.99,9184.59,215406.83,156138.03,59268.8,27.5
102156,2026-04-25,"Cattle (Live, per head)",Livestock,Ogun,Distributor,1,277046.83,196550.82,277046.83,196550.82,80496.01,29.1
102157,2026-04-26,Layer Eggs (Crate),Poultry,Oyo,Direct Farm Sale,11,2706.6,1883.64,29772.6,20720.04,9052.56,30.4
102158,2026-04-26,Broiler Chicken,Poultry,Lagos,Retail Market,6,3130.14,2354.96,18780.84,14129.76,4651.08,24.8
102159,2026-04-26,"Cattle (Live, per head)",Livestock,Ibadan Metro,Direct Farm Sale,1,277607.13,179948.53,277607.13,179948.53,97658.6,35.2
102160,2026-04-26,Layer Eggs (Crate),Poultry,Lagos,Distributor,6,2729.63,1811.74,16377.78,10870.44,5507.34,33.6
102161,2026-04-27,"Cattle (Live, per head)",Livestock,Lagos,Direct Farm Sale,1,299988.29,223910.37,299988.29,223910.37,76077.92,25.4
102162,2026-04-27,"Cattle (Live, per head)",Livestock,Ibadan Metro,Retail Market,1,281224.5,205808.08,281224.5,205808.08,75416.42,26.8
102163,2026-04-27,Feed - Layer Mash (bag),Feed,Lagos,Direct Farm Sale,4,13563.83,9814.25,54255.32,39257.0,14998.32,27.6
102164,2026-04-27,"Cattle (Live, per head)",Livestock,Lagos,Distributor,1,290772.2,191791.84,290772.2,191791.84,98980.36,34.0
102165,2026-04-27,Broiler Chicken,Poultry,Ogun,Online Order,3,3171.13,2338.45,9513.39,7015.35,2498.04,26.3
102166,2026-04-27,Feed - Layer Mash (bag),Feed,Ogun,Direct Farm Sale,6,12830.43,8177.72,76982.58,49066.32,27916.26,36.3
102167,2026-04-27,Feed - Layer Mash (bag),Feed,Oyo,Retail Market,1,12685.68,8415.62,12685.68,8415.62,4270.06,33.7
102168,2026-04-27,"Cattle (Live, per head)",Livestock,Ogun,Direct Farm Sale,1,270283.43,175180.76,270283.43,175180.76,95102.67,35.2
102169,2026-04-27,Turkey,Poultry,Ogun,Direct Farm Sale,6,4301.81,2807.04,25810.86,16842.24,8968.62,34.7
102170,2026-04-28,Layer Eggs (Crate),Poultry,Ogun,Direct Farm Sale,3,2806.04,2096.93,8418.12,6290.79,2127.33,25.3
102171,2026-04-28,"Cattle (Live, per head)",Livestock,Lagos,Distributor,1,270358.08,208034.55,270358.08,208034.55,62323.53,23.1
102172,2026-04-28,Goat Meat (kg),Livestock,Ibadan Metro,Direct Farm Sale,1,3870.1,2733.48,3870.1,2733.48,1136.62,29.4
102173,2026-04-28,Feed - Layer Mash (bag),Feed,Lagos,Direct Farm Sale,8,13236.49,10264.15,105891.92,82113.2,23778.72,22.5
102174,2026-04-28,Layer Eggs (Crate),Poultry,Lagos,Direct Farm Sale,3,2786.99,2098.01,8360.97,6294.03,2066.94,24.7
102175,2026-04-28,Turkey,Poultry,Ogun,Distributor,10,4837.62,3757.16,48376.2,37571.6,10804.6,22.3
102176,2026-04-28,"Ram (Live, per head)",Livestock,Ogun,Direct Farm Sale,1,102525.87,72482.35,102525.87,72482.35,30043.52,29.3
102177,2026-04-28,Turkey,Poultry,Ibadan Metro,Retail Market,2,4832.35,3276.3,9664.7,6552.6,3112.1,32.2
102178,2026-04-28,Goat Meat (kg),Livestock,Lagos,Distributor,1,3707.16,2747.95,3707.16,2747.95,959.21,25.9
102179,2026-04-29,Turkey,Poultry,Lagos,Distributor,4,4811.26,3162.55,19245.04,12650.2,6594.84,34.3
102180,2026-04-29,Feed - Layer Mash (bag),Feed,Ogun,Distributor,1,14146.43,10690.24,14146.43,10690.24,3456.19,24.4
102181,2026-04-29,Turkey,Poultry,Lagos,Distributor,12,4707.2,3221.01,56486.4,38652.12,17834.28,31.6
102182,2026-04-29,Feed - Layer Mash (bag),Feed,Oyo,Online Order,10,13726.42,9225.99,137264.2,92259.9,45004.3,32.8
102183,2026-04-29,Goat Meat (kg),Livestock,Oyo,Direct Farm Sale,1,4085.81,2761.35,4085.81,2761.35,1324.46,32.4
102184,2026-04-29,Turkey,Poultry,Ibadan Metro,Distributor,3,4498.39,3259.6,13495.17,9778.8,3716.37,27.5
102185,2026-04-29,"Cattle (Live, per head)",Livestock,Ogun,Direct Farm Sale,1,281809.93,189835.43,281809.93,189835.43,91974.5,32.6
102186,2026-04-29,Feed - Layer Mash (bag),Feed,Ibadan Metro,Retail Market,6,12940.08,9590.78,77640.48,57544.68,20095.8,25.9
102187,2026-04-29,Broiler Chicken,Poultry,Ogun,Retail Market,3,3128.67,2382.73,9386.01,7148.19,2237.82,23.8
102188,2026-04-29,Broiler Chicken,Poultry,Ogun,Distributor,2,3283.89,2403.38,6567.78,4806.76,1761.02,26.8
102189,2026-04-29,"Ram (Live, per head)",Livestock,Lagos,Retail Market,1,90451.88,62330.07,90451.88,62330.07,28121.81,31.1
102190,2026-04-29,"Cattle (Live, per head)",Livestock,Lagos,Retail Market,1,280329.35,186034.09,280329.35,186034.09,94295.26,33.6
102191,2026-04-29,Turkey,Poultry,Lagos,Online Order,4,4372.74,3392.67,17490.96,13570.68,3920.28,22.4
102192,2026-04-29,Turkey,Poultry,Ogun,Direct Farm Sale,4,4722.64,3379.66,18890.56,13518.64,5371.92,28.4
102193,2026-04-30,Feed - Layer Mash (bag),Feed,Oyo,Direct Farm Sale,2,12793.21,8901.11,25586.42,17802.22,7784.2,30.4
102194,2026-04-30,Feed - Layer Mash (bag),Feed,Oyo,Distributor,8,13665.92,10314.03,109327.36,82512.24,26815.12,24.5
102195,2026-04-30,"Cattle (Live, per head)",Livestock,Ibadan Metro,Direct Farm Sale,1,291238.4,213526.41,291238.4,213526.41,77711.99,26.7
102196,2026-04-30,Feed - Layer Mash (bag),Feed,Lagos,Retail Market,5,12971.99,9011.06,64859.95,45055.3,19804.65,30.5
102197,2026-04-30,"Cattle (Live, per head)",Livestock,Ogun,Distributor,1,277623.19,178541.65,277623.19,178541.65,99081.54,35.7
102198,2026-04-30,Layer Eggs (Crate),Poultry,Ibadan Metro,Distributor,7,2952.01,2080.33,20664.07,14562.31,6101.76,29.5
102199,2026-05-01,Feed - Broiler Starter (bag),Feed,Lagos,Direct Farm Sale,3,15425.34,9671.12,46276.02,29013.36,17262.66,37.3
102200,2026-05-01,"Ram (Live, per head)",Livestock,Ogun,Distributor,1,94228.09,68770.22,94228.09,68770.22,25457.87,27.0
102201,2026-05-01,Layer Eggs (Crate),Poultry,Ogun,Direct Farm Sale,5,2719.59,1719.47,13597.95,8597.35,5000.6,36.8
102202,2026-05-01,Goat Meat (kg),Livestock,Ibadan Metro,Direct Farm Sale,1,3913.84,3039.71,3913.84,3039.71,874.13,22.3
102203,2026-05-01,Feed - Broiler Starter (bag),Feed,Lagos,Retail Market,1,16653.53,12719.94,16653.53,12719.94,3933.59,23.6
102204,2026-05-01,"Ram (Live, per head)",Livestock,Ibadan Metro,Direct Farm Sale,1,96601.25,69122.46,96601.25,69122.46,27478.79,28.4
102205,2026-05-01,Feed - Layer Mash (bag),Feed,Lagos,Direct Farm Sale,1,14169.06,8810.26,14169.06,8810.26,5358.8,37.8
102206,2026-05-01,Turkey,Poultry,Ogun,Direct Farm Sale,5,4554.08,3454.85,22770.4,17274.25,5496.15,24.1
102207,2026-05-01,Broiler Chicken,Poultry,Lagos,Online Order,6,3359.74,2285.72,20158.44,13714.32,6444.12,32.0
102208,2026-05-01,Goat Meat (kg),Livestock,Lagos,Retail Market,1,3925.43,2997.94,3925.43,2997.94,927.49,23.6
102209,2026-05-02,Goat Meat (kg),Livestock,Lagos,Distributor,1,3942.17,2752.45,3942.17,2752.45,1189.72,30.2
102210,2026-05-02,Feed - Layer Mash (bag),Feed,Lagos,Distributor,9,14004.69,8856.05,126042.21,79704.45,46337.76,36.8
102211,2026-05-02,Feed - Broiler Starter (bag),Feed,Ibadan Metro,Distributor,9,15445.72,11433.86,139011.48,102904.74,36106.74,26.0
102212,2026-05-02,"Ram (Live, per head)",Livestock,Lagos,Retail Market,1,95283.84,59479.29,95283.84,59479.29,35804.55,37.6
102213,2026-05-02,"Cattle (Live, per head)",Livestock,Ogun,Retail Market,1,274548.19,173429.79,274548.19,173429.79,101118.4,36.8
102214,2026-05-02,Turkey,Poultry,Ibadan Metro,Retail Market,6,4555.04,2959.78,27330.24,17758.68,9571.56,35.0
102215,2026-05-02,Feed - Layer Mash (bag),Feed,Lagos,Distributor,7,12599.58,9203.97,88197.06,64427.79,23769.27,27.0
102216,2026-05-02,Goat Meat (kg),Livestock,Lagos,Distributor,1,3839.13,2754.42,3839.13,2754.42,1084.71,28.3
102217,2026-05-03,Feed - Broiler Starter (bag),Feed,Lagos,Online Order,4,15144.28,9756.99,60577.12,39027.96,21549.16,35.6
102218,2026-05-03,"Cattle (Live, per head)",Livestock,Oyo,Distributor,1,287706.32,197517.93,287706.32,197517.93,90188.39,31.3
102219,2026-05-03,"Cattle (Live, per head)",Livestock,Ogun,Distributor,1,290233.98,197190.21,290233.98,197190.21,93043.77,32.1
102220,2026-05-03,Broiler Chicken,Poultry,Ogun,Direct Farm Sale,12,3376.43,2358.71,40517.16,28304.52,12212.64,30.1
102221,2026-05-03,"Cattle (Live, per head)",Livestock,Oyo,Online Order,1,281554.81,209438.79,281554.81,209438.79,72116.02,25.6
102222,2026-05-03,Turkey,Poultry,Ibadan Metro,Retail Market,1,4400.02,2916.13,4400.02,2916.13,1483.89,33.7
102223,2026-05-04,Broiler Chicken,Poultry,Lagos,Distributor,5,3247.81,2144.73,16239.05,10723.65,5515.4,34.0
102224,2026-05-04,Broiler Chicken,Poultry,Lagos,Direct Farm Sale,2,3126.48,2136.79,6252.96,4273.58,1979.38,31.7
102225,2026-05-04,Broiler Chicken,Poultry,Lagos,Distributor,5,3198.24,1984.75,15991.2,9923.75,6067.45,37.9
102226,2026-05-04,Broiler Chicken,Poultry,Lagos,Direct Farm Sale,2,3442.11,2461.33,6884.22,4922.66,1961.56,28.5
102227,2026-05-04,"Cattle (Live, per head)",Livestock,Lagos,Distributor,1,291706.83,186950.07,291706.83,186950.07,104756.76,35.9
102228,2026-05-04,"Cattle (Live, per head)",Livestock,Oyo,Distributor,1,286514.25,211364.89,286514.25,211364.89,75149.36,26.2
102229,2026-05-04,Layer Eggs (Crate),Poultry,Ogun,Online Order,7,2855.87,1978.63,19991.09,13850.41,6140.68,30.7
102230,2026-05-04,Feed - Broiler Starter (bag),Feed,Ibadan Metro,Distributor,11,16198.12,11243.39,178179.32,123677.29,54502.03,30.6
102231,2026-05-04,Goat Meat (kg),Livestock,Oyo,Direct Farm Sale,1,3918.65,2742.03,3918.65,2742.03,1176.62,30.0
102232,2026-05-05,Broiler Chicken,Poultry,Oyo,Distributor,4,3413.29,2273.77,13653.16,9095.08,4558.08,33.4
102233,2026-05-05,"Cattle (Live, per head)",Livestock,Ogun,Distributor,1,287931.41,208007.7,287931.41,208007.7,79923.71,27.8
102234,2026-05-05,"Cattle (Live, per head)",Livestock,Lagos,Direct Farm Sale,1,274628.31,204287.89,274628.31,204287.89,70340.42,25.6
102235,2026-05-05,Feed - Broiler Starter (bag),Feed,Lagos,Direct Farm Sale,3,15313.31,10957.58,45939.93,32872.74,13067.19,28.4
102236,2026-05-05,Feed - Layer Mash (bag),Feed,Lagos,Retail Market,10,13473.93,8423.25,134739.3,84232.5,50506.8,37.5
102237,2026-05-05,Layer Eggs (Crate),Poultry,Ogun,Online Order,1,2851.82,1938.99,2851.82,1938.99,912.83,32.0
102238,2026-05-05,Feed - Broiler Starter (bag),Feed,Lagos,Distributor,1,15371.14,11546.87,15371.14,11546.87,3824.27,24.9
102239,2026-05-05,Turkey,Poultry,Ogun,Direct Farm Sale,4,4368.82,2910.95,17475.28,11643.8,5831.48,33.4
102240,2026-05-06,"Cattle (Live, per head)",Livestock,Lagos,Direct Farm Sale,1,280890.37,175433.72,280890.37,175433.72,105456.65,37.5
102241,2026-05-06,"Ram (Live, per head)",Livestock,Ibadan Metro,Direct Farm Sale,1,101981.3,65010.18,101981.3,65010.18,36971.12,36.3
102242,2026-05-06,Turkey,Poultry,Ogun,Direct Farm Sale,6,4333.14,3279.21,25998.84,19675.26,6323.58,24.3
102243,2026-05-06,Feed - Layer Mash (bag),Feed,Ogun,Direct Farm Sale,1,13716.71,10056.07,13716.71,10056.07,3660.64,26.7
102244,2026-05-06,Turkey,Poultry,Oyo,Direct Farm Sale,7,4304.82,2999.13,30133.74,20993.91,9139.83,30.3
102245,2026-05-06,Broiler Chicken,Poultry,Ogun,Direct Farm Sale,1,3199.47,2226.79,3199.47,2226.79,972.68,30.4
102246,2026-05-06,Layer Eggs (Crate),Poultry,Lagos,Direct Farm Sale,3,2783.63,1916.54,8350.89,5749.62,2601.27,31.1
102247,2026-05-06,"Ram (Live, per head)",Livestock,Lagos,Distributor,1,98955.67,72101.55,98955.67,72101.55,26854.12,27.1
102248,2026-05-06,Feed - Broiler Starter (bag),Feed,Oyo,Distributor,4,15355.86,10464.49,61423.44,41857.96,19565.48,31.9
102249,2026-05-06,"Ram (Live, per head)",Livestock,Lagos,Online Order,1,98335.25,68114.53,98335.25,68114.53,30220.72,30.7
102250,2026-05-07,Broiler Chicken,Poultry,Ibadan Metro,Online Order,3,3421.4,2473.12,10264.2,7419.36,2844.84,27.7
102251,2026-05-07,"Ram (Live, per head)",Livestock,Ibadan Metro,Distributor,1,91642.31,66023.27,91642.31,66023.27,25619.04,28.0
102252,2026-05-07,Feed - Broiler Starter (bag),Feed,Lagos,Distributor,1,15413.22,11922.0,15413.22,11922.0,3491.22,22.7
102253,2026-05-07,Feed - Layer Mash (bag),Feed,Ogun,Direct Farm Sale,3,13725.5,8994.49,41176.5,26983.47,14193.03,34.5
102254,2026-05-07,Feed - Layer Mash (bag),Feed,Lagos,Retail Market,1,13315.01,9181.94,13315.01,9181.94,4133.07,31.0
102255,2026-05-07,"Ram (Live, per head)",Livestock,Oyo,Online Order,1,92403.7,61892.73,92403.7,61892.73,30510.97,33.0
102256,2026-05-07,Feed - Layer Mash (bag),Feed,Lagos,Direct Farm Sale,4,13767.55,9357.11,55070.2,37428.44,17641.76,32.0
102257,2026-05-07,"Ram (Live, per head)",Livestock,Oyo,Distributor,1,101506.15,67437.81,101506.15,67437.81,34068.34,33.6
102258,2026-05-07,Feed - Layer Mash (bag),Feed,Lagos,Retail Market,6,13009.0,8685.27,78054.0,52111.62,25942.38,33.2
102259,2026-05-07,Goat Meat (kg),Livestock,Oyo,Direct Farm Sale,1,3693.78,2800.06,3693.78,2800.06,893.72,24.2
102260,2026-05-07,Goat Meat (kg),Livestock,Ogun,Direct Farm Sale,1,4006.46,2846.53,4006.46,2846.53,1159.93,29.0
102261,2026-05-07,Turkey,Poultry,Lagos,Distributor,12,4314.49,2824.9,51773.88,33898.8,17875.08,34.5
102262,2026-05-07,"Cattle (Live, per head)",Livestock,Lagos,Distributor,1,267655.4,191178.8,267655.4,191178.8,76476.6,28.6
102263,2026-05-08,"Cattle (Live, per head)",Livestock,Lagos,Online Order,1,277884.49,213924.66,277884.49,213924.66,63959.83,23.0
102264,2026-05-08,Turkey,Poultry,Ibadan Metro,Distributor,6,4742.94,3642.83,28457.64,21856.98,6600.66,23.2
102265,2026-05-08,Layer Eggs (Crate),Poultry,Lagos,Online Order,1,2826.86,1826.48,2826.86,1826.48,1000.38,35.4
102266,2026-05-08,"Ram (Live, per head)",Livestock,Ogun,Online Order,1,92323.3,57383.23,92323.3,57383.23,34940.07,37.8
102267,2026-05-08,Broiler Chicken,Poultry,Ogun,Retail Market,3,3158.77,2134.62,9476.31,6403.86,3072.45,32.4
102268,2026-05-08,"Cattle (Live, per head)",Livestock,Oyo,Direct Farm Sale,1,284630.53,219000.06,284630.53,219000.06,65630.47,23.1
102269,2026-05-08,Feed - Broiler Starter (bag),Feed,Ogun,Distributor,11,16213.63,11965.01,178349.93,131615.11,46734.82,26.2
102270,2026-05-08,Layer Eggs (Crate),Poultry,Oyo,Retail Market,1,2740.54,1785.0,2740.54,1785.0,955.54,34.9
102271,2026-05-08,Feed - Layer Mash (bag),Feed,Lagos,Distributor,2,12958.11,10018.12,25916.22,20036.24,5879.98,22.7
102272,2026-05-09,Feed - Broiler Starter (bag),Feed,Ogun,Retail Market,6,15204.82,10458.14,91228.92,62748.84,28480.08,31.2
102273,2026-05-09,Feed - Broiler Starter (bag),Feed,Lagos,Direct Farm Sale,5,14809.35,11525.34,74046.75,57626.7,16420.05,22.2
102274,2026-05-09,"Cattle (Live, per head)",Livestock,Lagos,Direct Farm Sale,1,298336.44,186188.07,298336.44,186188.07,112148.37,37.6
102275,2026-05-09,Broiler Chicken,Poultry,Lagos,Online Order,10,3348.76,2444.88,33487.6,24448.8,9038.8,27.0
102276,2026-05-09,"Cattle (Live, per head)",Livestock,Ogun,Direct Farm Sale,1,275441.85,194847.48,275441.85,194847.48,80594.37,29.3
102277,2026-05-10,Layer Eggs (Crate),Poultry,Lagos,Direct Farm Sale,1,3016.86,2313.77,3016.86,2313.77,703.09,23.3
102278,2026-05-10,"Cattle (Live, per head)",Livestock,Oyo,Distributor,1,275657.15,200349.75,275657.15,200349.75,75307.4,27.3
102279,2026-05-10,"Cattle (Live, per head)",Livestock,Oyo,Direct Farm Sale,1,277312.83,198553.51,277312.83,198553.51,78759.32,28.4
102280,2026-05-10,"Ram (Live, per head)",Livestock,Ibadan Metro,Direct Farm Sale,1,101780.16,71433.63,101780.16,71433.63,30346.53,29.8
102281,2026-05-10,Feed - Broiler Starter (bag),Feed,Ibadan Metro,Direct Farm Sale,3,16436.22,11118.57,49308.66,33355.71,15952.95,32.4
102282,2026-05-10,Feed - Broiler Starter (bag),Feed,Ibadan Metro,Distributor,4,15392.76,11957.1,61571.04,47828.4,13742.64,22.3
102283,2026-05-10,"Ram (Live, per head)",Livestock,Oyo,Distributor,1,96679.41,61081.43,96679.41,61081.43,35597.98,36.8
102284,2026-05-10,"Cattle (Live, per head)",Livestock,Ibadan Metro,Distributor,1,300135.47,186448.54,300135.47,186448.54,113686.93,37.9
102285,2026-05-11,Feed - Broiler Starter (bag),Feed,Oyo,Distributor,2,16328.02,10971.14,32656.04,21942.28,10713.76,32.8
102286,2026-05-11,"Ram (Live, per head)",Livestock,Lagos,Direct Farm Sale,1,95084.23,74012.37,95084.23,74012.37,21071.86,22.2
102287,2026-05-11,"Ram (Live, per head)",Livestock,Lagos,Direct Farm Sale,1,100531.53,72335.81,100531.53,72335.81,28195.72,28.0
102288,2026-05-11,"Cattle (Live, per head)",Livestock,Ibadan Metro,Distributor,1,291348.08,185784.19,291348.08,185784.19,105563.89,36.2
102289,2026-05-11,Feed - Layer Mash (bag),Feed,Lagos,Retail Market,3,13659.74,8826.31,40979.22,26478.93,14500.29,35.4
102290,2026-05-12,Feed - Broiler Starter (bag),Feed,Lagos,Retail Market,12,15030.69,10682.49,180368.28,128189.88,52178.4,28.9
102291,2026-05-12,Goat Meat (kg),Livestock,Ibadan Metro,Retail Market,1,3778.87,2887.41,3778.87,2887.41,891.46,23.6
102292,2026-05-12,Feed - Layer Mash (bag),Feed,Oyo,Retail Market,1,14250.38,9825.93,14250.38,9825.93,4424.45,31.0
102293,2026-05-12,Goat Meat (kg),Livestock,Oyo,Distributor,1,4024.97,3117.22,4024.97,3117.22,907.75,22.6
102294,2026-05-12,Layer Eggs (Crate),Poultry,Lagos,Retail Market,7,2978.7,2264.26,20850.9,15849.82,5001.08,24.0
102295,2026-05-12,Turkey,Poultry,Ogun,Distributor,1,4803.46,3256.94,4803.46,3256.94,1546.52,32.2
102296,2026-05-12,Goat Meat (kg),Livestock,Lagos,Direct Farm Sale,1,4099.42,3038.02,4099.42,3038.02,1061.4,25.9
102297,2026-05-12,"Cattle (Live, per head)",Livestock,Lagos,Distributor,1,291826.82,209527.12,291826.82,209527.12,82299.7,28.2
102298,2026-05-12,Goat Meat (kg),Livestock,Lagos,Distributor,1,3950.92,2697.96,3950.92,2697.96,1252.96,31.7
102299,2026-05-12,Goat Meat (kg),Livestock,Oyo,Distributor,1,3752.15,2417.75,3752.15,2417.75,1334.4,35.6
102300,2026-05-13,Turkey,Poultry,Lagos,Online Order,4,4411.93,3321.38,17647.72,13285.52,4362.2,24.7
102301,2026-05-13,Broiler Chicken,Poultry,Lagos,Online Order,7,3333.67,2361.88,23335.69,16533.16,6802.53,29.2
102302,2026-05-13,Broiler Chicken,Poultry,Lagos,Online Order,14,3417.55,2150.02,47845.7,30100.28,17745.42,37.1
102303,2026-05-13,"Ram (Live, per head)",Livestock,Lagos,Retail Market,1,94031.07,60534.76,94031.07,60534.76,33496.31,35.6
102304,2026-05-13,Broiler Chicken,Poultry,Lagos,Distributor,3,3411.95,2641.98,10235.85,7925.94,2309.91,22.6
102305,2026-05-13,Feed - Layer Mash (bag),Feed,Lagos,Retail Market,7,12859.71,9879.99,90017.97,69159.93,20858.04,23.2
102306,2026-05-13,Goat Meat (kg),Livestock,Ogun,Distributor,1,3759.28,2371.16,3759.28,2371.16,1388.12,36.9
102307,2026-05-13,Feed - Broiler Starter (bag),Feed,Oyo,Distributor,5,15383.54,9935.05,76917.7,49675.25,27242.45,35.4
102308,2026-05-13,Layer Eggs (Crate),Poultry,Ogun,Retail Market,6,2896.45,1819.14,17378.7,10914.84,6463.86,37.2
102309,2026-05-13,"Cattle (Live, per head)",Livestock,Lagos,Direct Farm Sale,1,295983.77,211065.33,295983.77,211065.33,84918.44,28.7
102310,2026-05-13,Feed - Broiler Starter (bag),Feed,Ogun,Distributor,4,15042.27,11386.76,60169.08,45547.04,14622.04,24.3
102311,2026-05-13,Goat Meat (kg),Livestock,Lagos,Retail Market,1,4046.58,2953.06,4046.58,2953.06,1093.52,27.0
102312,2026-05-14,Turkey,Poultry,Ogun,Online Order,15,4644.57,3447.87,69668.55,51718.05,17950.5,25.8
102313,2026-05-14,"Cattle (Live, per head)",Livestock,Ibadan Metro,Direct Farm Sale,1,270412.66,191834.3,270412.66,191834.3,78578.36,29.1
102314,2026-05-14,Feed - Broiler Starter (bag),Feed,Lagos,Online Order,6,16113.91,10862.35,96683.46,65174.1,31509.36,32.6
102315,2026-05-14,"Cattle (Live, per head)",Livestock,Ogun,Direct Farm Sale,1,298436.65,190277.57,298436.65,190277.57,108159.08,36.2
102316,2026-05-14,Layer Eggs (Crate),Poultry,Ogun,Direct Farm Sale,6,2778.26,1952.36,16669.56,11714.16,4955.4,29.7
102317,2026-05-14,"Ram (Live, per head)",Livestock,Lagos,Online Order,1,93242.65,64844.91,93242.65,64844.91,28397.74,30.5
102318,2026-05-15,Broiler Chicken,Poultry,Lagos,Distributor,6,3202.29,2330.02,19213.74,13980.12,5233.62,27.2
102319,2026-05-15,"Cattle (Live, per head)",Livestock,Lagos,Distributor,1,280192.17,191755.73,280192.17,191755.73,88436.44,31.6
102320,2026-05-15,Broiler Chicken,Poultry,Lagos,Direct Farm Sale,3,3424.17,2451.32,10272.51,7353.96,2918.55,28.4
102321,2026-05-15,Feed - Broiler Starter (bag),Feed,Lagos,Distributor,14,14853.36,11290.5,207947.04,158067.0,49880.04,24.0
102322,2026-05-15,Layer Eggs (Crate),Poultry,Lagos,Retail Market,5,2722.48,1780.27,13612.4,8901.35,4711.05,34.6
102323,2026-05-15,Turkey,Poultry,Ibadan Metro,Distributor,7,4805.97,3529.78,33641.79,24708.46,8933.33,26.6
102324,2026-05-15,Feed - Broiler Starter (bag),Feed,Ogun,Direct Farm Sale,3,15370.53,10011.22,46111.59,30033.66,16077.93,34.9
102325,2026-05-15,"Cattle (Live, per head)",Livestock,Oyo,Direct Farm Sale,1,298885.35,189961.07,298885.35,189961.07,108924.28,36.4
102326,2026-05-15,Broiler Chicken,Poultry,Ibadan Metro,Distributor,5,3212.84,2316.34,16064.2,11581.7,4482.5,27.9
102327,2026-05-15,Goat Meat (kg),Livestock,Lagos,Direct Farm Sale,1,4046.01,2652.69,4046.01,2652.69,1393.32,34.4
102328,2026-05-15,Layer Eggs (Crate),Poultry,Lagos,Distributor,15,2673.17,1761.58,40097.55,26423.7,13673.85,34.1
102329,2026-05-15,"Ram (Live, per head)",Livestock,Oyo,Direct Farm Sale,1,90757.58,63467.35,90757.58,63467.35,27290.23,30.1
102330,2026-05-15,Feed - Broiler Starter (bag),Feed,Ogun,Retail Market,1,16656.95,12388.14,16656.95,12388.14,4268.81,25.6
102331,2026-05-16,Broiler Chicken,Poultry,Ogun,Online Order,5,3409.96,2531.65,17049.8,12658.25,4391.55,25.8
102332,2026-05-16,Feed - Layer Mash (bag),Feed,Lagos,Direct Farm Sale,2,13829.95,10227.47,27659.9,20454.94,7204.96,26.0
102333,2026-05-16,"Ram (Live, per head)",Livestock,Ibadan Metro,Distributor,1,99510.52,64521.23,99510.52,64521.23,34989.29,35.2
102334,2026-05-16,Layer Eggs (Crate),Poultry,Lagos,Direct Farm Sale,5,2681.11,1912.61,13405.55,9563.05,3842.5,28.7
102335,2026-05-16,Layer Eggs (Crate),Poultry,Lagos,Retail Market,7,2672.12,1810.05,18704.84,12670.35,6034.49,32.3
102336,2026-05-16,Layer Eggs (Crate),Poultry,Lagos,Distributor,1,2680.64,1914.23,2680.64,1914.23,766.41,28.6
102337,2026-05-17,"Cattle (Live, per head)",Livestock,Ogun,Direct Farm Sale,1,282628.81,181259.69,282628.81,181259.69,101369.12,35.9
102338,2026-05-17,Feed - Layer Mash (bag),Feed,Ibadan Metro,Direct Farm Sale,8,13693.62,9246.28,109548.96,73970.24,35578.72,32.5
102339,2026-05-17,Turkey,Poultry,Ogun,Direct Farm Sale,4,4346.85,3366.58,17387.4,13466.32,3921.08,22.6
102340,2026-05-17,"Ram (Live, per head)",Livestock,Ibadan Metro,Direct Farm Sale,1,101994.46,72733.26,101994.46,72733.26,29261.2,28.7
102341,2026-05-17,Goat Meat (kg),Livestock,Lagos,Direct Farm Sale,1,3759.51,2853.08,3759.51,2853.08,906.43,24.1
102342,2026-05-17,Turkey,Poultry,Lagos,Direct Farm Sale,11,4801.66,3224.68,52818.26,35471.48,17346.78,32.8
102343,2026-05-17,"Cattle (Live, per head)",Livestock,Lagos,Distributor,1,279586.48,195969.25,279586.48,195969.25,83617.23,29.9
102344,2026-05-18,"Cattle (Live, per head)",Livestock,Ogun,Distributor,1,276588.02,203146.2,276588.02,203146.2,73441.82,26.6
102345,2026-05-18,Broiler Chicken,Poultry,Ogun,Distributor,8,3424.94,2244.03,27399.52,17952.24,9447.28,34.5
102346,2026-05-18,"Cattle (Live, per head)",Livestock,Lagos,Direct Farm Sale,1,271708.75,198568.12,271708.75,198568.12,73140.63,26.9
102347,2026-05-18,Feed - Layer Mash (bag),Feed,Lagos,Direct Farm Sale,5,12821.46,8659.31,64107.3,43296.55,20810.75,32.5
102348,2026-05-18,Turkey,Poultry,Oyo,Direct Farm Sale,10,4669.21,2927.2,46692.1,29272.0,17420.1,37.3
102349,2026-05-18,Turkey,Poultry,Ogun,Distributor,8,4775.62,3629.29,38204.96,29034.32,9170.64,24.0
102350,2026-05-18,Feed - Layer Mash (bag),Feed,Lagos,Retail Market,2,13029.01,8865.96,26058.02,17731.92,8326.1,32.0
102351,2026-05-18,Layer Eggs (Crate),Poultry,Lagos,Retail Market,1,2984.57,2081.84,2984.57,2081.84,902.73,30.2
102352,2026-05-18,"Ram (Live, per head)",Livestock,Lagos,Retail Market,1,90735.6,62524.34,90735.6,62524.34,28211.26,31.1
102353,2026-05-18,Layer Eggs (Crate),Poultry,Lagos,Retail Market,5,2687.16,1931.51,13435.8,9657.55,3778.25,28.1
102354,2026-05-18,Layer Eggs (Crate),Poultry,Lagos,Direct Farm Sale,1,2817.49,1899.27,2817.49,1899.27,918.22,32.6
102355,2026-05-19,Layer Eggs (Crate),Poultry,Ogun,Direct Farm Sale,18,2831.45,1963.64,50966.1,35345.52,15620.58,30.6
102356,2026-05-19,Feed - Broiler Starter (bag),Feed,Ogun,Distributor,13,16175.17,10317.3,210277.21,134124.9,76152.31,36.2
102357,2026-05-19,Feed - Broiler Starter (bag),Feed,Lagos,Direct Farm Sale,2,15777.29,11178.34,31554.58,22356.68,9197.9,29.1
102358,2026-05-19,"Ram (Live, per head)",Livestock,Lagos,Online Order,1,99514.41,71748.68,99514.41,71748.68,27765.73,27.9
102359,2026-05-19,Feed - Layer Mash (bag),Feed,Oyo,Retail Market,1,12570.02,9751.75,12570.02,9751.75,2818.27,22.4
102360,2026-05-19,Layer Eggs (Crate),Poultry,Ogun,Retail Market,4,2858.8,2070.45,11435.2,8281.8,3153.4,27.6
102361,2026-05-19,"Ram (Live, per head)",Livestock,Ogun,Retail Market,1,96763.73,65016.76,96763.73,65016.76,31746.97,32.8
102362,2026-05-19,"Ram (Live, per head)",Livestock,Lagos,Distributor,1,92170.92,71357.8,92170.92,71357.8,20813.12,22.6
102363,2026-05-19,"Cattle (Live, per head)",Livestock,Oyo,Direct Farm Sale,1,280665.4,174127.22,280665.4,174127.22,106538.18,38.0
102364,2026-05-20,Feed - Broiler Starter (bag),Feed,Ibadan Metro,Online Order,3,15950.1,12432.2,47850.3,37296.6,10553.7,22.1
102365,2026-05-20,Layer Eggs (Crate),Poultry,Ibadan Metro,Retail Market,3,2923.68,1889.84,8771.04,5669.52,3101.52,35.4
102366,2026-05-20,"Ram (Live, per head)",Livestock,Ogun,Retail Market,1,96955.39,70453.95,96955.39,70453.95,26501.44,27.3
102367,2026-05-20,"Ram (Live, per head)",Livestock,Ogun,Direct Farm Sale,1,96008.96,66226.32,96008.96,66226.32,29782.64,31.0
102368,2026-05-21,"Ram (Live, per head)",Livestock,Oyo,Online Order,1,92906.86,65803.02,92906.86,65803.02,27103.84,29.2
102369,2026-05-21,Broiler Chicken,Poultry,Lagos,Direct Farm Sale,3,3409.69,2369.49,10229.07,7108.47,3120.6,30.5
102370,2026-05-21,Broiler Chicken,Poultry,Lagos,Direct Farm Sale,1,3174.76,1993.38,3174.76,1993.38,1181.38,37.2
102371,2026-05-21,Goat Meat (kg),Livestock,Lagos,Retail Market,1,3736.44,2406.45,3736.44,2406.45,1329.99,35.6
102372,2026-05-21,Turkey,Poultry,Ogun,Distributor,8,4703.97,3342.95,37631.76,26743.6,10888.16,28.9
102373,2026-05-21,Turkey,Poultry,Ogun,Direct Farm Sale,4,4518.3,3371.64,18073.2,13486.56,4586.64,25.4
102374,2026-05-21,Broiler Chicken,Poultry,Lagos,Direct Farm Sale,4,3309.74,2205.59,13238.96,8822.36,4416.6,33.4
102375,2026-05-21,"Cattle (Live, per head)",Livestock,Ogun,Distributor,1,287701.42,218010.51,287701.42,218010.51,69690.91,24.2
102376,2026-05-21,Goat Meat (kg),Livestock,Lagos,Direct Farm Sale,1,3770.88,2356.34,3770.88,2356.34,1414.54,37.5
102377,2026-05-21,Feed - Broiler Starter (bag),Feed,Ogun,Distributor,14,16108.12,11152.88,225513.68,156140.32,69373.36,30.8
102378,2026-05-21,Goat Meat (kg),Livestock,Lagos,Retail Market,1,3681.95,2794.78,3681.95,2794.78,887.17,24.1
102379,2026-05-21,"Ram (Live, per head)",Livestock,Oyo,Distributor,1,97886.66,66869.46,97886.66,66869.46,31017.2,31.7
102380,2026-05-21,Layer Eggs (Crate),Poultry,Oyo,Direct Farm Sale,12,2773.12,2162.66,33277.44,25951.92,7325.52,22.0
102381,2026-05-22,Layer Eggs (Crate),Poultry,Lagos,Distributor,11,2794.45,2024.72,30738.95,22271.92,8467.03,27.5
102382,2026-05-22,Layer Eggs (Crate),Poultry,Lagos,Retail Market,5,2944.87,2138.59,14724.35,10692.95,4031.4,27.4
102383,2026-05-22,Broiler Chicken,Poultry,Lagos,Retail Market,2,3237.77,2273.82,6475.54,4547.64,1927.9,29.8
102384,2026-05-22,Broiler Chicken,Poultry,Oyo,Direct Farm Sale,1,3445.02,2469.91,3445.02,2469.91,975.11,28.3
102385,2026-05-22,Feed - Layer Mash (bag),Feed,Lagos,Retail Market,7,14130.38,9790.34,98912.66,68532.38,30380.28,30.7
102386,2026-05-22,Goat Meat (kg),Livestock,Lagos,Direct Farm Sale,1,3828.01,2565.79,3828.01,2565.79,1262.22,33.0
102387,2026-05-22,Layer Eggs (Crate),Poultry,Lagos,Distributor,10,2726.72,2040.9,27267.2,20409.0,6858.2,25.2
102388,2026-05-22,"Ram (Live, per head)",Livestock,Lagos,Retail Market,1,96833.52,68994.13,96833.52,68994.13,27839.39,28.7
102389,2026-05-22,"Cattle (Live, per head)",Livestock,Ibadan Metro,Direct Farm Sale,1,282771.23,185697.03,282771.23,185697.03,97074.2,34.3
102390,2026-05-23,Broiler Chicken,Poultry,Ogun,Retail Market,5,3376.18,2423.83,16880.9,12119.15,4761.75,28.2
102391,2026-05-23,Turkey,Poultry,Oyo,Distributor,4,4417.04,3425.92,17668.16,13703.68,3964.48,22.4
102392,2026-05-23,Feed - Broiler Starter (bag),Feed,Ogun,Distributor,5,15159.14,10677.79,75795.7,53388.95,22406.75,29.6
102393,2026-05-23,Layer Eggs (Crate),Poultry,Oyo,Distributor,1,2734.65,2006.32,2734.65,2006.32,728.33,26.6
102394,2026-05-23,Broiler Chicken,Poultry,Oyo,Distributor,13,3213.34,2153.92,41773.42,28000.96,13772.46,33.0
102395,2026-05-23,Turkey,Poultry,Lagos,Retail Market,1,4487.54,2991.44,4487.54,2991.44,1496.1,33.3
102396,2026-05-23,"Ram (Live, per head)",Livestock,Lagos,Distributor,1,101095.97,78134.58,101095.97,78134.58,22961.39,22.7
102397,2026-05-23,Feed - Broiler Starter (bag),Feed,Oyo,Direct Farm Sale,2,15291.32,10183.45,30582.64,20366.9,10215.74,33.4
102398,2026-05-24,Goat Meat (kg),Livestock,Ogun,Online Order,1,3967.31,2504.59,3967.31,2504.59,1462.72,36.9
102399,2026-05-24,Turkey,Poultry,Ogun,Retail Market,4,4578.22,3312.84,18312.88,13251.36,5061.52,27.6
102400,2026-05-24,Turkey,Poultry,Lagos,Direct Farm Sale,12,4583.55,2991.41,55002.6,35896.92,19105.68,34.7
102401,2026-05-24,"Ram (Live, per head)",Livestock,Ibadan Metro,Distributor,1,91215.84,58328.79,91215.84,58328.79,32887.05,36.1
102402,2026-05-24,Layer Eggs (Crate),Poultry,Lagos,Distributor,5,2670.55,1900.74,13352.75,9503.7,3849.05,28.8
102403,2026-05-24,Feed - Broiler Starter (bag),Feed,Ibadan Metro,Direct Farm Sale,2,15349.45,11336.03,30698.9,22672.06,8026.84,26.1
102404,2026-05-24,"Cattle (Live, per head)",Livestock,Ibadan Metro,Retail Market,1,293116.73,211439.5,293116.73,211439.5,81677.23,27.9
102405,2026-05-25,Turkey,Poultry,Lagos,Direct Farm Sale,5,4789.93,3721.23,23949.65,18606.15,5343.5,22.3
102406,2026-05-25,Layer Eggs (Crate),Poultry,Lagos,Distributor,3,2902.75,2111.03,8708.25,6333.09,2375.16,27.3
102407,2026-05-25,Feed - Layer Mash (bag),Feed,Ogun,Retail Market,9,14146.5,10604.97,127318.5,95444.73,31873.77,25.0
102408,2026-05-25,Broiler Chicken,Poultry,Ogun,Direct Farm Sale,5,3349.41,2393.35,16747.05,11966.75,4780.3,28.5
102409,2026-05-25,Turkey,Poultry,Lagos,Direct Farm Sale,1,4785.02,3709.2,4785.02,3709.2,1075.82,22.5
102410,2026-05-25,Layer Eggs (Crate),Poultry,Ogun,Distributor,9,2791.79,2148.73,25126.11,19338.57,5787.54,23.0
102411,2026-05-25,Goat Meat (kg),Livestock,Lagos,Distributor,1,3899.48,2594.45,3899.48,2594.45,1305.03,33.5
102412,2026-05-25,Layer Eggs (Crate),Poultry,Oyo,Online Order,11,2682.65,2048.52,29509.15,22533.72,6975.43,23.6
102413,2026-05-25,Feed - Broiler Starter (bag),Feed,Ogun,Direct Farm Sale,2,16512.72,12261.22,33025.44,24522.44,8503.0,25.7
102414,2026-05-25,Turkey,Poultry,Oyo,Retail Market,5,4704.58,3464.09,23522.9,17320.45,6202.45,26.4
102415,2026-05-25,Layer Eggs (Crate),Poultry,Ogun,Retail Market,3,2763.44,2041.84,8290.32,6125.52,2164.8,26.1
102416,2026-05-25,Feed - Broiler Starter (bag),Feed,Lagos,Distributor,2,15246.85,11589.01,30493.7,23178.02,7315.68,24.0
102417,2026-05-26,Feed - Layer Mash (bag),Feed,Oyo,Distributor,5,14045.93,10314.39,70229.65,51571.95,18657.7,26.6
102418,2026-05-26,Goat Meat (kg),Livestock,Ibadan Metro,Distributor,1,3690.4,2407.37,3690.4,2407.37,1283.03,34.8
102419,2026-05-26,"Ram (Live, per head)",Livestock,Lagos,Distributor,1,98872.25,70540.56,98872.25,70540.56,28331.69,28.7
102420,2026-05-26,Turkey,Poultry,Oyo,Retail Market,6,4587.39,3018.1,27524.34,18108.6,9415.74,34.2
102421,2026-05-26,Feed - Layer Mash (bag),Feed,Ogun,Online Order,31,13957.17,9758.24,432672.27,302505.44,130166.83,30.1
102422,2026-05-26,"Ram (Live, per head)",Livestock,Lagos,Retail Market,1,100019.91,67692.16,100019.91,67692.16,32327.75,32.3
102423,2026-05-27,Turkey,Poultry,Lagos,Direct Farm Sale,8,4769.7,3454.2,38157.6,27633.6,10524.0,27.6
102424,2026-05-27,Layer Eggs (Crate),Poultry,Oyo,Retail Market,6,2983.62,2064.35,17901.72,12386.1,5515.62,30.8
102425,2026-05-27,Feed - Broiler Starter (bag),Feed,Lagos,Retail Market,3,16379.34,10942.47,49138.02,32827.41,16310.61,33.2
102426,2026-05-27,Turkey,Poultry,Ibadan Metro,Retail Market,2,4841.77,3249.35,9683.54,6498.7,3184.84,32.9
102427,2026-05-27,Goat Meat (kg),Livestock,Oyo,Retail Market,1,3801.27,2756.38,3801.27,2756.38,1044.89,27.5
102428,2026-05-27,"Cattle (Live, per head)",Livestock,Ogun,Direct Farm Sale,1,294731.36,197686.4,294731.36,197686.4,97044.96,32.9
102429,2026-05-27,"Cattle (Live, per head)",Livestock,Oyo,Distributor,1,272544.13,192802.88,272544.13,192802.88,79741.25,29.3
102430,2026-05-27,Feed - Broiler Starter (bag),Feed,Ogun,Direct Farm Sale,6,15699.27,11825.25,94195.62,70951.5,23244.12,24.7
102431,2026-05-28,Turkey,Poultry,Lagos,Direct Farm Sale,2,4369.12,3359.19,8738.24,6718.38,2019.86,23.1
102432,2026-05-28,Goat Meat (kg),Livestock,Lagos,Distributor,1,3651.76,2538.35,3651.76,2538.35,1113.41,30.5
102433,2026-05-28,Broiler Chicken,Poultry,Ibadan Metro,Distributor,2,3285.43,2266.73,6570.86,4533.46,2037.4,31.0
102434,2026-05-28,Goat Meat (kg),Livestock,Lagos,Retail Market,1,3887.54,2749.95,3887.54,2749.95,1137.59,29.3
102435,2026-05-28,"Cattle (Live, per head)",Livestock,Lagos,Direct Farm Sale,1,266015.4,167753.62,266015.4,167753.62,98261.78,36.9
102436,2026-05-28,Feed - Broiler Starter (bag),Feed,Ogun,Direct Farm Sale,1,15478.55,11427.6,15478.55,11427.6,4050.95,26.2
102437,2026-05-28,Goat Meat (kg),Livestock,Ogun,Direct Farm Sale,1,4076.78,2931.44,4076.78,2931.44,1145.34,28.1
102438,2026-05-28,Feed - Layer Mash (bag),Feed,Ogun,Retail Market,6,12980.12,9146.67,77880.72,54880.02,23000.7,29.5
102439,2026-05-29,Broiler Chicken,Poultry,Lagos,Direct Farm Sale,2,3229.65,2022.44,6459.3,4044.88,2414.42,37.4
102440,2026-05-29,Goat Meat (kg),Livestock,Oyo,Retail Market,1,3978.5,2868.14,3978.5,2868.14,1110.36,27.9
102441,2026-05-29,Turkey,Poultry,Lagos,Distributor,2,4421.82,2852.66,8843.64,5705.32,3138.32,35.5
102442,2026-05-29,Layer Eggs (Crate),Poultry,Ogun,Direct Farm Sale,5,2951.35,2058.56,14756.75,10292.8,4463.95,30.3
102443,2026-05-29,Layer Eggs (Crate),Poultry,Oyo,Direct Farm Sale,1,2865.13,2167.13,2865.13,2167.13,698.0,24.4
102444,2026-05-29,"Cattle (Live, per head)",Livestock,Lagos,Distributor,1,274861.81,213875.35,274861.81,213875.35,60986.46,22.2
102445,2026-05-29,Broiler Chicken,Poultry,Oyo,Direct Farm Sale,4,3417.02,2179.94,13668.08,8719.76,4948.32,36.2
102446,2026-05-29,Goat Meat (kg),Livestock,Ogun,Retail Market,1,3940.93,2905.53,3940.93,2905.53,1035.4,26.3
102447,2026-05-29,Broiler Chicken,Poultry,Lagos,Direct Farm Sale,4,3277.57,2192.9,13110.28,8771.6,4338.68,33.1
102448,2026-05-29,Turkey,Poultry,Ogun,Retail Market,9,4682.74,3123.9,42144.66,28115.1,14029.56,33.3
102449,2026-05-30,"Ram (Live, per head)",Livestock,Lagos,Retail Market,1,100247.06,72197.37,100247.06,72197.37,28049.69,28.0
102450,2026-05-30,Turkey,Poultry,Oyo,Retail Market,3,4650.58,3226.78,13951.74,9680.34,4271.4,30.6
102451,2026-05-30,"Ram (Live, per head)",Livestock,Lagos,Online Order,1,94029.29,61256.43,94029.29,61256.43,32772.86,34.9
102452,2026-05-30,Layer Eggs (Crate),Poultry,Lagos,Direct Farm Sale,7,2826.44,1819.61,19785.08,12737.27,7047.81,35.6
102453,2026-05-30,"Cattle (Live, per head)",Livestock,Lagos,Direct Farm Sale,1,266948.42,203338.7,266948.42,203338.7,63609.72,23.8
102454,2026-05-30,Layer Eggs (Crate),Poultry,Ogun,Retail Market,2,2798.86,1779.27,5597.72,3558.54,2039.18,36.4
102455,2026-05-30,Feed - Broiler Starter (bag),Feed,Lagos,Distributor,4,15485.56,9939.42,61942.24,39757.68,22184.56,35.8
102456,2026-05-30,Feed - Broiler Starter (bag),Feed,Lagos,Retail Market,10,14991.99,11362.85,149919.9,113628.5,36291.4,24.2
102457,2026-05-30,Layer Eggs (Crate),Poultry,Lagos,Direct Farm Sale,2,2722.0,1932.34,5444.0,3864.68,1579.32,29.0
102458,2026-05-30,Layer Eggs (Crate),Poultry,Ogun,Retail Market,2,2693.15,1920.92,5386.3,3841.84,1544.46,28.7
102459,2026-05-30,Feed - Layer Mash (bag),Feed,Ibadan Metro,Retail Market,6,12973.92,8364.77,77843.52,50188.62,27654.9,35.5
102460,2026-05-30,"Ram (Live, per head)",Livestock,Lagos,Distributor,1,97735.2,60748.64,97735.2,60748.64,36986.56,37.8
102461,2026-05-31,Feed - Layer Mash (bag),Feed,Ogun,Distributor,14,13974.81,9780.32,195647.34,136924.48,58722.86,30.0
102462,2026-05-31,Layer Eggs (Crate),Poultry,Lagos,Retail Market,3,2776.19,1909.68,8328.57,5729.04,2599.53,31.2
102463,2026-05-31,Feed - Layer Mash (bag),Feed,Ogun,Retail Market,2,13178.82,8340.04,26357.64,16680.08,9677.56,36.7
102464,2026-05-31,Feed - Layer Mash (bag),Feed,Ogun,Retail Market,3,13158.44,8983.0,39475.32,26949.0,12526.32,31.7
102465,2026-05-31,Feed - Broiler Starter (bag),Feed,Lagos,Distributor,3,15598.32,10908.78,46794.96,32726.34,14068.62,30.1
102466,2026-05-31,Feed - Layer Mash (bag),Feed,Ogun,Distributor,3,13502.76,9687.8,40508.28,29063.4,11444.88,28.3
102467,2026-05-31,Goat Meat (kg),Livestock,Lagos,Retail Market,1,3673.36,2493.79,3673.36,2493.79,1179.57,32.1
102468,2026-05-31,"Cattle (Live, per head)",Livestock,Ogun,Direct Farm Sale,1,269270.83,202682.33,269270.83,202682.33,66588.5,24.7
102469,2026-05-31,"Ram (Live, per head)",Livestock,Lagos,Retail Market,1,94603.71,72121.7,94603.71,72121.7,22482.01,23.8
102470,2026-06-01,Turkey,Poultry,Ogun,Direct Farm Sale,8,4365.84,3090.96,34926.72,24727.68,10199.04,29.2
102471,2026-06-01,Feed - Layer Mash (bag),Feed,Ogun,Distributor,1,12670.21,8296.3,12670.21,8296.3,4373.91,34.5
102472,2026-06-01,Feed - Broiler Starter (bag),Feed,Ibadan Metro,Direct Farm Sale,4,13917.5,8660.01,55670.0,34640.04,21029.96,37.8
102473,2026-06-01,Broiler Chicken,Poultry,Ogun,Retail Market,8,2936.92,2026.63,23495.36,16213.04,7282.32,31.0
102474,2026-06-01,Turkey,Poultry,Ogun,Direct Farm Sale,1,4320.87,3132.34,4320.87,3132.34,1188.53,27.5
102475,2026-06-01,Feed - Layer Mash (bag),Feed,Ogun,Distributor,5,12667.93,7940.87,63339.65,39704.35,23635.3,37.3
102476,2026-06-01,Layer Eggs (Crate),Poultry,Lagos,Online Order,5,2713.41,2101.99,13567.05,10509.95,3057.1,22.5
102477,2026-06-01,Layer Eggs (Crate),Poultry,Lagos,Direct Farm Sale,2,2722.71,1738.03,5445.42,3476.06,1969.36,36.2
102478,2026-06-01,"Ram (Live, per head)",Livestock,Lagos,Retail Market,1,87110.92,60698.28,87110.92,60698.28,26412.64,30.3
102479,2026-06-01,"Ram (Live, per head)",Livestock,Lagos,Direct Farm Sale,1,86071.72,54093.75,86071.72,54093.75,31977.97,37.2
102480,2026-06-01,Broiler Chicken,Poultry,Ogun,Distributor,8,3035.04,2112.87,24280.32,16902.96,7377.36,30.4
102481,2026-06-02,Feed - Layer Mash (bag),Feed,Ogun,Distributor,4,12370.73,8419.78,49482.92,33679.12,15803.8,31.9
102482,2026-06-02,Turkey,Poultry,Lagos,Direct Farm Sale,9,4218.47,2883.23,37966.23,25949.07,12017.16,31.7
102483,2026-06-02,"Cattle (Live, per head)",Livestock,Lagos,Distributor,1,249321.77,157191.65,249321.77,157191.65,92130.12,37.0
102484,2026-06-02,Goat Meat (kg),Livestock,Ibadan Metro,Distributor,1,3331.45,2144.2,3331.45,2144.2,1187.25,35.6
102485,2026-06-02,Broiler Chicken,Poultry,Oyo,Direct Farm Sale,6,3126.92,2432.03,18761.52,14592.18,4169.34,22.2
102486,2026-06-02,Goat Meat (kg),Livestock,Ogun,Distributor,1,3596.7,2482.5,3596.7,2482.5,1114.2,31.0
102487,2026-06-02,Feed - Layer Mash (bag),Feed,Ogun,Retail Market,13,12293.85,8569.17,159820.05,111399.21,48420.84,30.3
102488,2026-06-02,Feed - Layer Mash (bag),Feed,Lagos,Direct Farm Sale,1,13087.88,8442.63,13087.88,8442.63,4645.25,35.5
102489,2026-06-02,Broiler Chicken,Poultry,Lagos,Retail Market,5,3155.3,2055.31,15776.5,10276.55,5499.95,34.9
102490,2026-06-02,"Cattle (Live, per head)",Livestock,Lagos,Distributor,1,249600.58,163937.25,249600.58,163937.25,85663.33,34.3
102491,2026-06-02,Feed - Layer Mash (bag),Feed,Lagos,Direct Farm Sale,2,12050.91,9367.94,24101.82,18735.88,5365.94,22.3
102492,2026-06-02,"Ram (Live, per head)",Livestock,Oyo,Direct Farm Sale,1,88427.14,60320.94,88427.14,60320.94,28106.2,31.8
102493,2026-06-02,Broiler Chicken,Poultry,Lagos,Direct Farm Sale,13,3022.67,2034.8,39294.71,26452.4,12842.31,32.7
102494,2026-06-02,"Ram (Live, per head)",Livestock,Ogun,Retail Market,1,90983.79,58574.41,90983.79,58574.41,32409.38,35.6
102495,2026-06-03,Turkey,Poultry,Lagos,Retail Market,15,4374.21,3328.16,65613.15,49922.4,15690.75,23.9
102496,2026-06-03,Layer Eggs (Crate),Poultry,Ibadan Metro,Direct Farm Sale,10,2675.5,1875.22,26755.0,18752.2,8002.8,29.9
102497,2026-06-03,Goat Meat (kg),Livestock,Ogun,Direct Farm Sale,1,3367.63,2574.1,3367.63,2574.1,793.53,23.6
102498,2026-06-03,"Cattle (Live, per head)",Livestock,Lagos,Distributor,1,267148.45,205863.38,267148.45,205863.38,61285.07,22.9
102499,2026-06-03,"Cattle (Live, per head)",Livestock,Ogun,Direct Farm Sale,1,249366.1,170301.1,249366.1,170301.1,79065.0,31.7
102500,2026-06-03,"Ram (Live, per head)",Livestock,Ogun,Distributor,1,92556.84,60127.53,92556.84,60127.53,32429.31,35.0
102501,2026-06-03,Layer Eggs (Crate),Poultry,Lagos,Retail Market,8,2659.48,1922.6,21275.84,15380.8,5895.04,27.7
102502,2026-06-03,Goat Meat (kg),Livestock,Ibadan Metro,Direct Farm Sale,1,3707.55,2861.26,3707.55,2861.26,846.29,22.8
102503,2026-06-03,Broiler Chicken,Poultry,Lagos,Distributor,9,3019.75,1915.17,27177.75,17236.53,9941.22,36.6
102504,2026-06-04,"Cattle (Live, per head)",Livestock,Ibadan Metro,Direct Farm Sale,1,256616.13,165423.42,256616.13,165423.42,91192.71,35.5
102505,2026-06-04,Feed - Layer Mash (bag),Feed,Ogun,Distributor,8,12394.63,7983.45,99157.04,63867.6,35289.44,35.6
102506,2026-06-04,Feed - Layer Mash (bag),Feed,Oyo,Retail Market,6,12769.65,9811.55,76617.9,58869.3,17748.6,23.2
102507,2026-06-04,Goat Meat (kg),Livestock,Lagos,Distributor,1,3377.86,2136.68,3377.86,2136.68,1241.18,36.7
102508,2026-06-04,Layer Eggs (Crate),Poultry,Lagos,Direct Farm Sale,5,2570.74,1637.3,12853.7,8186.5,4667.2,36.3
102509,2026-06-04,"Cattle (Live, per head)",Livestock,Oyo,Distributor,1,273780.63,176896.97,273780.63,176896.97,96883.66,35.4
102510,2026-06-04,Feed - Broiler Starter (bag),Feed,Lagos,Distributor,4,15020.46,9863.8,60081.84,39455.2,20626.64,34.3
102511,2026-06-04,Broiler Chicken,Poultry,Ogun,Retail Market,4,3108.32,2349.24,12433.28,9396.96,3036.32,24.4
102512,2026-06-05,Broiler Chicken,Poultry,Lagos,Retail Market,4,2958.78,2101.39,11835.12,8405.56,3429.56,29.0
102513,2026-06-05,Layer Eggs (Crate),Poultry,Ogun,Retail Market,5,2514.36,1665.02,12571.8,8325.1,4246.7,33.8
102514,2026-06-05,Broiler Chicken,Poultry,Ogun,Distributor,4,3131.3,2315.31,12525.2,9261.24,3263.96,26.1
102515,2026-06-05,"Ram (Live, per head)",Livestock,Ogun,Direct Farm Sale,1,88827.55,56923.74,88827.55,56923.74,31903.81,35.9
102516,2026-06-05,Turkey,Poultry,Lagos,Direct Farm Sale,12,4214.29,2845.46,50571.48,34145.52,16425.96,32.5
102517,2026-06-05,"Cattle (Live, per head)",Livestock,Lagos,Direct Farm Sale,1,246259.19,187242.08,246259.19,187242.08,59017.11,24.0
102518,2026-06-05,Turkey,Poultry,Lagos,Online Order,4,4061.49,2887.16,16245.96,11548.64,4697.32,28.9
102519,2026-06-05,Layer Eggs (Crate),Poultry,Lagos,Distributor,3,2751.09,1748.14,8253.27,5244.42,3008.85,36.5
102520,2026-06-05,Broiler Chicken,Poultry,Ibadan Metro,Retail Market,4,2990.52,2107.32,11962.08,8429.28,3532.8,29.5
102521,2026-06-05,"Cattle (Live, per head)",Livestock,Oyo,Retail Market,1,262901.75,197095.86,262901.75,197095.86,65805.89,25.0
102522,2026-06-05,"Cattle (Live, per head)",Livestock,Lagos,Distributor,1,263753.28,192326.8,263753.28,192326.8,71426.48,27.1
102523,2026-06-06,Feed - Broiler Starter (bag),Feed,Ogun,Direct Farm Sale,6,15313.77,11099.69,91882.62,66598.14,25284.48,27.5
102524,2026-06-06,Feed - Layer Mash (bag),Feed,Ibadan Metro,Retail Market,12,12138.4,9030.12,145660.8,108361.44,37299.36,25.6
102525,2026-06-06,Feed - Broiler Starter (bag),Feed,Lagos,Direct Farm Sale,15,13911.43,10827.66,208671.45,162414.9,46256.55,22.2
102526,2026-06-06,Feed - Broiler Starter (bag),Feed,Ibadan Metro,Distributor,12,14198.27,9581.88,170379.24,114982.56,55396.68,32.5
102527,2026-06-06,Broiler Chicken,Poultry,Ibadan Metro,Direct Farm Sale,3,2927.04,2055.59,8781.12,6166.77,2614.35,29.8
102528,2026-06-06,"Ram (Live, per head)",Livestock,Lagos,Distributor,1,90011.2,62722.3,90011.2,62722.3,27288.9,30.3
102529,2026-06-06,Feed - Broiler Starter (bag),Feed,Lagos,Retail Market,12,14182.9,9948.7,170194.8,119384.4,50810.4,29.9
102530,2026-06-06,Feed - Layer Mash (bag),Feed,Ogun,Direct Farm Sale,2,12592.21,9509.85,25184.42,19019.7,6164.72,24.5
102531,2026-06-06,Broiler Chicken,Poultry,Ibadan Metro,Online Order,1,3073.97,2038.73,3073.97,2038.73,1035.24,33.7
102532,2026-06-07,Goat Meat (kg),Livestock,Ogun,Retail Market,1,3480.03,2489.09,3480.03,2489.09,990.94,28.5
102533,2026-06-07,Goat Meat (kg),Livestock,Oyo,Distributor,1,3753.65,2441.79,3753.65,2441.79,1311.86,34.9
102534,2026-06-07,"Ram (Live, per head)",Livestock,Oyo,Retail Market,1,92446.19,61541.93,92446.19,61541.93,30904.26,33.4
102535,2026-06-07,Feed - Broiler Starter (bag),Feed,Lagos,Distributor,2,14176.02,9990.73,28352.04,19981.46,8370.58,29.5
102536,2026-06-07,Turkey,Poultry,Ogun,Distributor,8,4060.0,2702.2,32480.0,21617.6,10862.4,33.4
102537,2026-06-07,Feed - Layer Mash (bag),Feed,Ibadan Metro,Direct Farm Sale,4,11848.77,9187.19,47395.08,36748.76,10646.32,22.5
102538,2026-06-07,Feed - Layer Mash (bag),Feed,Ibadan Metro,Direct Farm Sale,1,12501.05,8387.83,12501.05,8387.83,4113.22,32.9
102539,2026-06-07,Feed - Layer Mash (bag),Feed,Ogun,Direct Farm Sale,2,12571.15,8958.96,25142.3,17917.92,7224.38,28.7
102540,2026-06-07,"Ram (Live, per head)",Livestock,Oyo,Direct Farm Sale,1,86066.46,65469.02,86066.46,65469.02,20597.44,23.9
102541,2026-06-08,Goat Meat (kg),Livestock,Oyo,Retail Market,1,3442.75,2417.41,3442.75,2417.41,1025.34,29.8
102542,2026-06-08,Goat Meat (kg),Livestock,Oyo,Distributor,1,3373.32,2476.97,3373.32,2476.97,896.35,26.6
102543,2026-06-08,"Ram (Live, per head)",Livestock,Ibadan Metro,Online Order,1,87183.64,59301.36,87183.64,59301.36,27882.28,32.0
102544,2026-06-08,Feed - Broiler Starter (bag),Feed,Lagos,Direct Farm Sale,6,14341.62,9428.45,86049.72,56570.7,29479.02,34.3
102545,2026-06-08,Feed - Broiler Starter (bag),Feed,Ogun,Direct Farm Sale,5,14609.21,11387.76,73046.05,56938.8,16107.25,22.1
102546,2026-06-09,Feed - Layer Mash (bag),Feed,Oyo,Online Order,1,12268.15,7783.06,12268.15,7783.06,4485.09,36.6
102547,2026-06-09,Feed - Layer Mash (bag),Feed,Ogun,Direct Farm Sale,2,12544.11,9491.81,25088.22,18983.62,6104.6,24.3
102548,2026-06-09,Turkey,Poultry,Lagos,Retail Market,4,3976.93,2655.63,15907.72,10622.52,5285.2,33.2
102549,2026-06-09,Turkey,Poultry,Lagos,Retail Market,3,3937.2,2475.81,11811.6,7427.43,4384.17,37.1
102550,2026-06-09,"Ram (Live, per head)",Livestock,Lagos,Direct Farm Sale,1,88610.48,60882.3,88610.48,60882.3,27728.18,31.3
102551,2026-06-10,Broiler Chicken,Poultry,Ogun,Online Order,1,3039.2,2318.98,3039.2,2318.98,720.22,23.7
102552,2026-06-10,Turkey,Poultry,Lagos,Distributor,8,4163.44,2966.74,33307.52,23733.92,9573.6,28.7
102553,2026-06-10,Layer Eggs (Crate),Poultry,Lagos,Online Order,4,2528.18,1581.88,10112.72,6327.52,3785.2,37.4
102554,2026-06-10,Goat Meat (kg),Livestock,Lagos,Distributor,1,3688.76,2445.95,3688.76,2445.95,1242.81,33.7
102555,2026-06-10,Turkey,Poultry,Lagos,Direct Farm Sale,6,4107.5,2750.56,24645.0,16503.36,8141.64,33.0
102556,2026-06-10,Layer Eggs (Crate),Poultry,Lagos,Distributor,7,2700.01,1897.42,18900.07,13281.94,5618.13,29.7
102557,2026-06-10,Layer Eggs (Crate),Poultry,Ogun,Direct Farm Sale,5,2684.98,1981.31,13424.9,9906.55,3518.35,26.2
102558,2026-06-10,Turkey,Poultry,Ogun,Distributor,3,4242.7,2898.1,12728.1,8694.3,4033.8,31.7
102559,2026-06-10,Feed - Broiler Starter (bag),Feed,Oyo,Retail Market,5,14752.28,10491.91,73761.4,52459.55,21301.85,28.9
102560,2026-06-10,Broiler Chicken,Poultry,Oyo,Direct Farm Sale,6,2826.12,2186.84,16956.72,13121.04,3835.68,22.6
102561,2026-06-10,"Cattle (Live, per head)",Livestock,Lagos,Direct Farm Sale,1,246382.04,172143.15,246382.04,172143.15,74238.89,30.1
102562,2026-06-10,Goat Meat (kg),Livestock,Oyo,Retail Market,1,3503.55,2413.16,3503.55,2413.16,1090.39,31.1
102563,2026-06-10,"Cattle (Live, per head)",Livestock,Lagos,Direct Farm Sale,1,249705.93,182760.65,249705.93,182760.65,66945.28,26.8
102564,2026-06-11,Layer Eggs (Crate),Poultry,Lagos,Retail Market,7,2599.15,1965.55,18194.05,13758.85,4435.2,24.4
102565,2026-06-11,Goat Meat (kg),Livestock,Lagos,Distributor,1,3592.88,2438.87,3592.88,2438.87,1154.01,32.1
102566,2026-06-11,Turkey,Poultry,Ogun,Retail Market,2,4342.32,3196.43,8684.64,6392.86,2291.78,26.4
102567,2026-06-11,Feed - Broiler Starter (bag),Feed,Ogun,Distributor,4,15276.22,10289.03,61104.88,41156.12,19948.76,32.6
102568,2026-06-11,Layer Eggs (Crate),Poultry,Lagos,Online Order,5,2507.13,1820.66,12535.65,9103.3,3432.35,27.4
102569,2026-06-11,"Ram (Live, per head)",Livestock,Ogun,Distributor,1,83303.45,55028.53,83303.45,55028.53,28274.92,33.9
102570,2026-06-12,Goat Meat (kg),Livestock,Ogun,Retail Market,1,3704.35,2718.03,3704.35,2718.03,986.32,26.6
102571,2026-06-12,Goat Meat (kg),Livestock,Oyo,Direct Farm Sale,1,3506.68,2506.64,3506.68,2506.64,1000.04,28.5
102572,2026-06-12,Goat Meat (kg),Livestock,Ibadan Metro,Distributor,1,3639.82,2685.91,3639.82,2685.91,953.91,26.2
102573,2026-06-12,Layer Eggs (Crate),Poultry,Lagos,Retail Market,6,2753.95,1744.85,16523.7,10469.1,6054.6,36.6
102574,2026-06-12,Goat Meat (kg),Livestock,Lagos,Direct Farm Sale,1,3745.85,2410.97,3745.85,2410.97,1334.88,35.6
102575,2026-06-12,Layer Eggs (Crate),Poultry,Ogun,Direct Farm Sale,4,2696.73,1697.38,10786.92,6789.52,3997.4,37.1
102576,2026-06-12,Turkey,Poultry,Ogun,Distributor,2,4400.79,3431.14,8801.58,6862.28,1939.3,22.0
102577,2026-06-12,Feed - Layer Mash (bag),Feed,Oyo,Retail Market,4,12099.73,8987.07,48398.92,35948.28,12450.64,25.7
102578,2026-06-12,Broiler Chicken,Poultry,Oyo,Online Order,1,3056.16,2055.31,3056.16,2055.31,1000.85,32.7
102579,2026-06-13,"Cattle (Live, per head)",Livestock,Ibadan Metro,Online Order,1,259246.13,180881.67,259246.13,180881.67,78364.46,30.2
102580,2026-06-13,Feed - Layer Mash (bag),Feed,Lagos,Direct Farm Sale,12,12452.77,7995.25,149433.24,95943.0,53490.24,35.8
102581,2026-06-13,Feed - Broiler Starter (bag),Feed,Ibadan Metro,Retail Market,5,13905.15,8691.49,69525.75,43457.45,26068.3,37.5
102582,2026-06-13,Turkey,Poultry,Lagos,Direct Farm Sale,1,4066.42,2583.23,4066.42,2583.23,1483.19,36.5
102583,2026-06-13,"Ram (Live, per head)",Livestock,Lagos,Retail Market,1,92400.04,58448.84,92400.04,58448.84,33951.2,36.7
102584,2026-06-13,Feed - Layer Mash (bag),Feed,Ibadan Metro,Retail Market,1,12620.84,9834.06,12620.84,9834.06,2786.78,22.1
102585,2026-06-13,Goat Meat (kg),Livestock,Oyo,Distributor,1,3679.35,2711.6,3679.35,2711.6,967.75,26.3
102586,2026-06-13,"Ram (Live, per head)",Livestock,Ogun,Distributor,1,91537.56,69557.88,91537.56,69557.88,21979.68,24.0
102587,2026-06-13,Goat Meat (kg),Livestock,Ibadan Metro,Online Order,1,3364.37,2266.34,3364.37,2266.34,1098.03,32.6
102588,2026-06-13,"Ram (Live, per head)",Livestock,Oyo,Direct Farm Sale,1,83631.8,56851.13,83631.8,56851.13,26780.67,32.0
102589,2026-06-13,Feed - Layer Mash (bag),Feed,Oyo,Direct Farm Sale,11,11564.62,7994.75,127210.82,87942.25,39268.57,30.9
102590,2026-06-14,"Cattle (Live, per head)",Livestock,Oyo,Retail Market,1,270949.0,197562.28,270949.0,197562.28,73386.72,27.1
102591,2026-06-14,Broiler Chicken,Poultry,Ibadan Metro,Online Order,11,2822.23,1945.21,31044.53,21397.31,9647.22,31.1
102592,2026-06-14,"Ram (Live, per head)",Livestock,Lagos,Retail Market,1,93429.39,62057.73,93429.39,62057.73,31371.66,33.6
102593,2026-06-14,Feed - Layer Mash (bag),Feed,Oyo,Direct Farm Sale,1,12988.31,8176.28,12988.31,8176.28,4812.03,37.0
102594,2026-06-14,Feed - Broiler Starter (bag),Feed,Lagos,Direct Farm Sale,2,14229.2,10348.85,28458.4,20697.7,7760.7,27.3
102595,2026-06-14,Broiler Chicken,Poultry,Oyo,Online Order,7,3038.82,2093.61,21271.74,14655.27,6616.47,31.1
102596,2026-06-14,Turkey,Poultry,Oyo,Distributor,6,4373.98,2742.88,26243.88,16457.28,9786.6,37.3
102597,2026-06-14,Turkey,Poultry,Oyo,Distributor,9,4129.49,2702.04,37165.41,24318.36,12847.05,34.6
102598,2026-06-15,Feed - Broiler Starter (bag),Feed,Lagos,Retail Market,12,15127.59,9795.82,181531.08,117549.84,63981.24,35.2
102599,2026-06-15,Turkey,Poultry,Oyo,Distributor,1,4121.16,2703.07,4121.16,2703.07,1418.09,34.4
102600,2026-06-15,Feed - Layer Mash (bag),Feed,Ogun,Retail Market,2,12009.94,7765.84,24019.88,15531.68,8488.2,35.3
102601,2026-06-15,"Cattle (Live, per head)",Livestock,Lagos,Online Order,1,259534.33,168701.37,259534.33,168701.37,90832.96,35.0
102602,2026-06-15,"Cattle (Live, per head)",Livestock,Lagos,Direct Farm Sale,1,266812.18,169629.16,266812.18,169629.16,97183.02,36.4
102603,2026-06-15,Feed - Broiler Starter (bag),Feed,Lagos,Direct Farm Sale,3,15319.6,11269.97,45958.8,33809.91,12148.89,26.4
102604,2026-06-16,Feed - Layer Mash (bag),Feed,Oyo,Distributor,6,12190.99,8785.54,73145.94,52713.24,20432.7,27.9
102605,2026-06-16,"Ram (Live, per head)",Livestock,Lagos,Direct Farm Sale,1,89228.36,65195.2,89228.36,65195.2,24033.16,26.9
102606,2026-06-16,Turkey,Poultry,Lagos,Retail Market,2,4075.14,2583.77,8150.28,5167.54,2982.74,36.6
102607,2026-06-16,Turkey,Poultry,Lagos,Direct Farm Sale,11,4052.8,2538.75,44580.8,27926.25,16654.55,37.4
102608,2026-06-16,"Cattle (Live, per head)",Livestock,Ogun,Distributor,1,260159.75,196038.57,260159.75,196038.57,64121.18,24.6
102609,2026-06-16,"Ram (Live, per head)",Livestock,Lagos,Retail Market,1,83189.99,59962.13,83189.99,59962.13,23227.86,27.9
102610,2026-06-16,Broiler Chicken,Poultry,Ogun,Direct Farm Sale,3,3129.89,2150.71,9389.67,6452.13,2937.54,31.3
102611,2026-06-16,Broiler Chicken,Poultry,Ogun,Retail Market,14,2968.31,1994.52,41556.34,27923.28,13633.06,32.8
102612,2026-06-16,Layer Eggs (Crate),Poultry,Lagos,Online Order,5,2465.84,1922.94,12329.2,9614.7,2714.5,22.0
102613,2026-06-16,Goat Meat (kg),Livestock,Lagos,Retail Market,1,3475.23,2297.05,3475.23,2297.05,1178.18,33.9
102614,2026-06-16,"Cattle (Live, per head)",Livestock,Lagos,Direct Farm Sale,1,255004.86,182502.63,255004.86,182502.63,72502.23,28.4
102615,2026-06-16,Goat Meat (kg),Livestock,Lagos,Direct Farm Sale,1,3620.18,2457.97,3620.18,2457.97,1162.21,32.1
102616,2026-06-17,"Cattle (Live, per head)",Livestock,Oyo,Retail Market,1,276747.95,183382.8,276747.95,183382.8,93365.15,33.7
102617,2026-06-17,Turkey,Poultry,Lagos,Direct Farm Sale,3,4280.66,3302.85,12841.98,9908.55,2933.43,22.8
102618,2026-06-17,"Cattle (Live, per head)",Livestock,Lagos,Direct Farm Sale,1,245127.49,176697.26,245127.49,176697.26,68430.23,27.9
102619,2026-06-17,Goat Meat (kg),Livestock,Ibadan Metro,Distributor,1,3339.23,2131.05,3339.23,2131.05,1208.18,36.2
102620,2026-06-17,Turkey,Poultry,Lagos,Direct Farm Sale,1,4281.62,3141.11,4281.62,3141.11,1140.51,26.6
102621,2026-06-17,Layer Eggs (Crate),Poultry,Lagos,Distributor,6,2692.75,1892.74,16156.5,11356.44,4800.06,29.7
102622,2026-06-17,Feed - Broiler Starter (bag),Feed,Lagos,Direct Farm Sale,4,14537.6,9893.37,58150.4,39573.48,18576.92,31.9
102623,2026-06-17,"Ram (Live, per head)",Livestock,Lagos,Retail Market,1,86163.33,60304.45,86163.33,60304.45,25858.88,30.0
102624,2026-06-17,"Ram (Live, per head)",Livestock,Lagos,Online Order,1,85574.04,59323.34,85574.04,59323.34,26250.7,30.7
102625,2026-06-17,Goat Meat (kg),Livestock,Lagos,Direct Farm Sale,1,3461.7,2527.14,3461.7,2527.14,934.56,27.0
102626,2026-06-17,Layer Eggs (Crate),Poultry,Lagos,Retail Market,6,2465.75,1548.75,14794.5,9292.5,5502.0,37.2
102627,2026-06-17,Turkey,Poultry,Lagos,Distributor,5,4394.23,3140.95,21971.15,15704.75,6266.4,28.5
102628,2026-06-17,Turkey,Poultry,Ibadan Metro,Online Order,7,4451.17,3166.57,31158.19,22165.99,8992.2,28.9
102629,2026-06-18,Layer Eggs (Crate),Poultry,Oyo,Direct Farm Sale,3,2617.34,1664.76,7852.02,4994.28,2857.74,36.4
102630,2026-06-18,Feed - Layer Mash (bag),Feed,Lagos,Distributor,13,11779.71,9143.72,153136.23,118868.36,34267.87,22.4
102631,2026-06-18,Goat Meat (kg),Livestock,Ibadan Metro,Direct Farm Sale,1,3730.42,2614.53,3730.42,2614.53,1115.89,29.9
102632,2026-06-18,"Cattle (Live, per head)",Livestock,Lagos,Distributor,1,249983.07,177348.25,249983.07,177348.25,72634.82,29.1
102633,2026-06-18,"Cattle (Live, per head)",Livestock,Oyo,Retail Market,1,247381.27,190988.28,247381.27,190988.28,56392.99,22.8
102634,2026-06-18,Feed - Layer Mash (bag),Feed,Oyo,Distributor,4,11739.12,8791.64,46956.48,35166.56,11789.92,25.1
102635,2026-06-18,Goat Meat (kg),Livestock,Ibadan Metro,Direct Farm Sale,1,3464.64,2658.25,3464.64,2658.25,806.39,23.3
102636,2026-06-18,Broiler Chicken,Poultry,Lagos,Distributor,5,2963.77,2043.03,14818.85,10215.15,4603.7,31.1
102637,2026-06-19,Feed - Layer Mash (bag),Feed,Lagos,Retail Market,1,12367.14,7796.32,12367.14,7796.32,4570.82,37.0
102638,2026-06-19,Feed - Layer Mash (bag),Feed,Lagos,Direct Farm Sale,9,12612.19,8571.6,113509.71,77144.4,36365.31,32.0
102639,2026-06-19,Goat Meat (kg),Livestock,Oyo,Retail Market,1,3418.79,2341.1,3418.79,2341.1,1077.69,31.5
102640,2026-06-19,Goat Meat (kg),Livestock,Ogun,Direct Farm Sale,1,3507.89,2481.22,3507.89,2481.22,1026.67,29.3
102641,2026-06-19,Broiler Chicken,Poultry,Oyo,Distributor,3,2963.6,1908.26,8890.8,5724.78,3166.02,35.6
102642,2026-06-19,"Cattle (Live, per head)",Livestock,Lagos,Direct Farm Sale,1,255830.57,177474.46,255830.57,177474.46,78356.11,30.6
102643,2026-06-19,Goat Meat (kg),Livestock,Oyo,Retail Market,1,3620.12,2716.55,3620.12,2716.55,903.57,25.0
102644,2026-06-19,Broiler Chicken,Poultry,Ogun,Retail Market,12,2881.41,1996.56,34576.92,23958.72,10618.2,30.7
102645,2026-06-19,Turkey,Poultry,Ibadan Metro,Direct Farm Sale,6,4084.6,2738.53,24507.6,16431.18,8076.42,33.0
102646,2026-06-19,Feed - Broiler Starter (bag),Feed,Ibadan Metro,Distributor,6,14167.79,10321.36,85006.74,61928.16,23078.58,27.1
102647,2026-06-19,Feed - Broiler Starter (bag),Feed,Oyo,Direct Farm Sale,4,14901.53,9450.99,59606.12,37803.96,21802.16,36.6
102648,2026-06-19,"Ram (Live, per head)",Livestock,Lagos,Online Order,1,84293.11,60221.9,84293.11,60221.9,24071.21,28.6
102649,2026-06-19,Feed - Broiler Starter (bag),Feed,Lagos,Online Order,3,14919.78,11076.3,44759.34,33228.9,11530.44,25.8
102650,2026-06-20,Broiler Chicken,Poultry,Oyo,Distributor,3,3064.85,1955.98,9194.55,5867.94,3326.61,36.2
102651,2026-06-20,"Cattle (Live, per head)",Livestock,Lagos,Distributor,1,253695.89,172752.17,253695.89,172752.17,80943.72,31.9
102652,2026-06-20,Goat Meat (kg),Livestock,Oyo,Direct Farm Sale,1,3392.82,2231.92,3392.82,2231.92,1160.9,34.2
102653,2026-06-20,Feed - Layer Mash (bag),Feed,Oyo,Distributor,2,11678.26,7643.86,23356.52,15287.72,8068.8,34.5
102654,2026-06-20,Layer Eggs (Crate),Poultry,Oyo,Direct Farm Sale,7,2662.43,1789.22,18637.01,12524.54,6112.47,32.8
102655,2026-06-20,"Cattle (Live, per head)",Livestock,Ogun,Direct Farm Sale,1,257967.87,184181.62,257967.87,184181.62,73786.25,28.6
102656,2026-06-20,Turkey,Poultry,Ibadan Metro,Direct Farm Sale,1,4150.37,3087.36,4150.37,3087.36,1063.01,25.6
102657,2026-06-20,"Cattle (Live, per head)",Livestock,Oyo,Direct Farm Sale,1,276477.56,195443.23,276477.56,195443.23,81034.33,29.3
102658,2026-06-20,Layer Eggs (Crate),Poultry,Ogun,Distributor,2,2692.56,1717.04,5385.12,3434.08,1951.04,36.2
102659,2026-06-20,Feed - Layer Mash (bag),Feed,Lagos,Distributor,1,12876.52,8649.56,12876.52,8649.56,4226.96,32.8
102660,2026-06-20,"Ram (Live, per head)",Livestock,Oyo,Direct Farm Sale,1,89288.38,64322.14,89288.38,64322.14,24966.24,28.0
102661,2026-06-21,"Ram (Live, per head)",Livestock,Oyo,Retail Market,1,85041.73,58627.03,85041.73,58627.03,26414.7,31.1
102662,2026-06-21,Turkey,Poultry,Oyo,Retail Market,7,4440.73,3038.48,31085.11,21269.36,9815.75,31.6
102663,2026-06-21,Layer Eggs (Crate),Poultry,Lagos,Distributor,5,2638.97,1705.25,13194.85,8526.25,4668.6,35.4
102664,2026-06-21,Layer Eggs (Crate),Poultry,Ibadan Metro,Direct Farm Sale,4,2519.64,1766.1,10078.56,7064.4,3014.16,29.9
102665,2026-06-21,"Cattle (Live, per head)",Livestock,Oyo,Distributor,1,273370.64,201810.12,273370.64,201810.12,71560.52,26.2
102666,2026-06-21,Broiler Chicken,Poultry,Oyo,Distributor,5,2840.11,1810.15,14200.55,9050.75,5149.8,36.3
102667,2026-06-21,Goat Meat (kg),Livestock,Lagos,Direct Farm Sale,1,3658.09,2807.8,3658.09,2807.8,850.29,23.2
102668,2026-06-21,Turkey,Poultry,Oyo,Retail Market,11,4111.06,2719.46,45221.66,29914.06,15307.6,33.9
102669,2026-06-21,Layer Eggs (Crate),Poultry,Oyo,Distributor,9,2559.7,1902.18,23037.3,17119.62,5917.68,25.7
102670,2026-06-21,Goat Meat (kg),Livestock,Oyo,Online Order,1,3530.66,2654.96,3530.66,2654.96,875.7,24.8
102671,2026-06-21,Layer Eggs (Crate),Poultry,Lagos,Distributor,6,2776.55,1811.23,16659.3,10867.38,5791.92,34.8
102672,2026-06-21,Feed - Broiler Starter (bag),Feed,Lagos,Direct Farm Sale,4,15118.15,11458.27,60472.6,45833.08,14639.52,24.2
102673,2026-06-21,Layer Eggs (Crate),Poultry,Ogun,Retail Market,4,2766.56,1745.64,11066.24,6982.56,4083.68,36.9
102674,2026-06-22,Layer Eggs (Crate),Poultry,Lagos,Direct Farm Sale,2,2539.32,1812.78,5078.64,3625.56,1453.08,28.6
102675,2026-06-22,"Ram (Live, per head)",Livestock,Ogun,Retail Market,1,83386.54,55906.4,83386.54,55906.4,27480.14,33.0
102676,2026-06-22,Turkey,Poultry,Ibadan Metro,Retail Market,8,4114.93,3012.57,32919.44,24100.56,8818.88,26.8
102677,2026-06-22,Turkey,Poultry,Lagos,Retail Market,4,3981.05,2992.33,15924.2,11969.32,3954.88,24.8
102678,2026-06-22,"Cattle (Live, per head)",Livestock,Lagos,Direct Farm Sale,1,269613.68,205392.19,269613.68,205392.19,64221.49,23.8
102679,2026-06-22,Feed - Layer Mash (bag),Feed,Oyo,Retail Market,11,11776.28,8034.75,129539.08,88382.25,41156.83,31.8
102680,2026-06-22,Goat Meat (kg),Livestock,Oyo,Retail Market,1,3761.04,2400.98,3761.04,2400.98,1360.06,36.2
102681,2026-06-22,Feed - Layer Mash (bag),Feed,Lagos,Direct Farm Sale,3,12555.5,7894.86,37666.5,23684.58,13981.92,37.1
102682,2026-06-22,Layer Eggs (Crate),Poultry,Ogun,Direct Farm Sale,2,2777.33,1835.86,5554.66,3671.72,1882.94,33.9
102683,2026-06-22,"Ram (Live, per head)",Livestock,Lagos,Direct Farm Sale,1,88580.74,63059.3,88580.74,63059.3,25521.44,28.8
102684,2026-06-22,Feed - Layer Mash (bag),Feed,Lagos,Distributor,4,11890.64,7574.14,47562.56,30296.56,17266.0,36.3
102685,2026-06-22,Feed - Layer Mash (bag),Feed,Ibadan Metro,Distributor,3,11812.51,8574.07,35437.53,25722.21,9715.32,27.4
102686,2026-06-22,"Ram (Live, per head)",Livestock,Oyo,Retail Market,1,93002.08,67223.98,93002.08,67223.98,25778.1,27.7
102687,2026-06-23,Broiler Chicken,Poultry,Lagos,Retail Market,9,2900.67,2137.79,26106.03,19240.11,6865.92,26.3
102688,2026-06-23,Feed - Broiler Starter (bag),Feed,Lagos,Distributor,5,14998.03,9684.2,74990.15,48421.0,26569.15,35.4
102689,2026-06-23,Turkey,Poultry,Lagos,Online Order,3,4453.07,3281.29,13359.21,9843.87,3515.34,26.3
102690,2026-06-23,Feed - Layer Mash (bag),Feed,Lagos,Direct Farm Sale,5,11684.1,8061.98,58420.5,40309.9,18110.6,31.0
102691,2026-06-23,"Ram (Live, per head)",Livestock,Lagos,Direct Farm Sale,1,91809.06,64104.68,91809.06,64104.68,27704.38,30.2
102692,2026-06-23,"Cattle (Live, per head)",Livestock,Ibadan Metro,Direct Farm Sale,1,277897.65,185525.79,277897.65,185525.79,92371.86,33.2
102693,2026-06-23,Layer Eggs (Crate),Poultry,Lagos,Distributor,4,2705.78,1754.16,10823.12,7016.64,3806.48,35.2
102694,2026-06-23,"Cattle (Live, per head)",Livestock,Oyo,Online Order,1,247837.6,165797.56,247837.6,165797.56,82040.04,33.1
102695,2026-06-23,Feed - Broiler Starter (bag),Feed,Ibadan Metro,Distributor,8,14235.29,10351.53,113882.32,82812.24,31070.08,27.3
102696,2026-06-23,Layer Eggs (Crate),Poultry,Ogun,Direct Farm Sale,1,2755.91,1920.55,2755.91,1920.55,835.36,30.3
102697,2026-06-23,Broiler Chicken,Poultry,Lagos,Online Order,3,3109.07,2050.35,9327.21,6151.05,3176.16,34.1
102698,2026-06-23,Feed - Broiler Starter (bag),Feed,Ogun,Distributor,4,15054.05,10525.63,60216.2,42102.52,18113.68,30.1
102699,2026-06-23,Turkey,Poultry,Lagos,Online Order,16,4332.72,3084.12,69323.52,49345.92,19977.6,28.8
102700,2026-06-24,"Cattle (Live, per head)",Livestock,Ogun,Retail Market,1,252049.47,186959.15,252049.47,186959.15,65090.32,25.8
102701,2026-06-24,"Ram (Live, per head)",Livestock,Oyo,Retail Market,1,93355.57,71512.3,93355.57,71512.3,21843.27,23.4
102702,2026-06-24,"Ram (Live, per head)",Livestock,Lagos,Distributor,1,93734.67,64653.44,93734.67,64653.44,29081.23,31.0
102703,2026-06-24,Turkey,Poultry,Lagos,Distributor,2,4181.66,2718.55,8363.32,5437.1,2926.22,35.0
102704,2026-06-24,"Cattle (Live, per head)",Livestock,Oyo,Direct Farm Sale,1,274915.1,189330.51,274915.1,189330.51,85584.59,31.1
102705,2026-06-24,Feed - Layer Mash (bag),Feed,Lagos,Retail Market,6,12888.72,9437.96,77332.32,56627.76,20704.56,26.8
102706,2026-06-25,Feed - Broiler Starter (bag),Feed,Oyo,Distributor,6,14061.13,8719.28,84366.78,52315.68,32051.1,38.0
102707,2026-06-25,Goat Meat (kg),Livestock,Ogun,Distributor,1,3467.15,2286.64,3467.15,2286.64,1180.51,34.0
102708,2026-06-25,Goat Meat (kg),Livestock,Oyo,Retail Market,1,3384.95,2331.52,3384.95,2331.52,1053.43,31.1
102709,2026-06-25,Feed - Layer Mash (bag),Feed,Ogun,Direct Farm Sale,9,12993.45,9740.69,116941.05,87666.21,29274.84,25.0
102710,2026-06-25,"Cattle (Live, per head)",Livestock,Lagos,Direct Farm Sale,1,253406.12,172790.19,253406.12,172790.19,80615.93,31.8
102711,2026-06-25,Turkey,Poultry,Lagos,Distributor,4,4017.41,3046.51,16069.64,12186.04,3883.6,24.2
102712,2026-06-25,Goat Meat (kg),Livestock,Oyo,Direct Farm Sale,1,3386.14,2508.64,3386.14,2508.64,877.5,25.9
102713,2026-06-25,Feed - Layer Mash (bag),Feed,Ogun,Distributor,5,13092.88,8252.0,65464.4,41260.0,24204.4,37.0
102714,2026-06-25,Turkey,Poultry,Lagos,Distributor,5,4119.12,3000.13,20595.6,15000.65,5594.95,27.2
102715,2026-06-26,Layer Eggs (Crate),Poultry,Ibadan Metro,Distributor,9,2663.56,1852.96,23972.04,16676.64,7295.4,30.4
102716,2026-06-26,Goat Meat (kg),Livestock,Oyo,Distributor,1,3741.76,2335.12,3741.76,2335.12,1406.64,37.6
102717,2026-06-26,Layer Eggs (Crate),Poultry,Oyo,Online Order,8,2775.89,2141.35,22207.12,17130.8,5076.32,22.9
102718,2026-06-27,Broiler Chicken,Poultry,Oyo,Direct Farm Sale,3,3147.41,2268.68,9442.23,6806.04,2636.19,27.9
102719,2026-06-27,Feed - Broiler Starter (bag),Feed,Oyo,Distributor,5,14766.98,10015.95,73834.9,50079.75,23755.15,32.2
102720,2026-06-27,Feed - Layer Mash (bag),Feed,Ogun,Direct Farm Sale,18,12214.34,8832.39,219858.12,158983.02,60875.1,27.7
102721,2026-06-27,Feed - Layer Mash (bag),Feed,Ibadan Metro,Distributor,9,13101.54,9094.78,117913.86,81853.02,36060.84,30.6
102722,2026-06-27,"Ram (Live, per head)",Livestock,Ibadan Metro,Distributor,1,84233.0,64290.6,84233.0,64290.6,19942.4,23.7
102723,2026-06-27,Goat Meat (kg),Livestock,Lagos,Direct Farm Sale,1,3352.33,2559.64,3352.33,2559.64,792.69,23.6
102724,2026-06-27,Broiler Chicken,Poultry,Lagos,Distributor,11,3049.91,2187.67,33549.01,24064.37,9484.64,28.3
102725,2026-06-28,"Ram (Live, per head)",Livestock,Lagos,Direct Farm Sale,1,94337.25,69854.66,94337.25,69854.66,24482.59,26.0
102726,2026-06-28,Turkey,Poultry,Ogun,Distributor,3,4029.9,2857.43,12089.7,8572.29,3517.41,29.1
102727,2026-06-28,"Ram (Live, per head)",Livestock,Lagos,Retail Market,1,92386.34,67305.88,92386.34,67305.88,25080.46,27.1
102728,2026-06-28,Layer Eggs (Crate),Poultry,Oyo,Distributor,6,2527.67,1825.2,15166.02,10951.2,4214.82,27.8
102729,2026-06-28,"Cattle (Live, per head)",Livestock,Lagos,Online Order,1,262025.56,184361.84,262025.56,184361.84,77663.72,29.6
102730,2026-06-28,"Cattle (Live, per head)",Livestock,Lagos,Online Order,1,274296.78,212669.89,274296.78,212669.89,61626.89,22.5
102731,2026-06-28,Goat Meat (kg),Livestock,Ogun,Direct Farm Sale,1,3325.96,2584.49,3325.96,2584.49,741.47,22.3
102732,2026-06-28,Goat Meat (kg),Livestock,Lagos,Retail Market,1,3399.81,2609.9,3399.81,2609.9,789.91,23.2
102733,2026-06-29,Layer Eggs (Crate),Poultry,Oyo,Direct Farm Sale,4,2520.88,1685.6,10083.52,6742.4,3341.12,33.1
102734,2026-06-29,Feed - Layer Mash (bag),Feed,Oyo,Direct Farm Sale,2,12700.74,9707.41,25401.48,19414.82,5986.66,23.6
102735,2026-06-29,"Ram (Live, per head)",Livestock,Lagos,Retail Market,1,91171.42,63226.95,91171.42,63226.95,27944.47,30.7
102736,2026-06-29,Goat Meat (kg),Livestock,Lagos,Retail Market,1,3568.12,2685.49,3568.12,2685.49,882.63,24.7
102737,2026-06-29,Layer Eggs (Crate),Poultry,Lagos,Distributor,4,2699.36,1990.88,10797.44,7963.52,2833.92,26.2
102738,2026-06-29,"Cattle (Live, per head)",Livestock,Ogun,Direct Farm Sale,1,267392.74,196277.1,267392.74,196277.1,71115.64,26.6
102739,2026-06-29,Turkey,Poultry,Oyo,Retail Market,9,4007.21,3099.07,36064.89,27891.63,8173.26,22.7
102740,2026-06-29,Layer Eggs (Crate),Poultry,Lagos,Direct Farm Sale,17,2737.0,1715.98,46529.0,29171.66,17357.34,37.3
102741,2026-06-30,Broiler Chicken,Poultry,Lagos,Retail Market,1,2936.23,2219.61,2936.23,2219.61,716.62,24.4
102742,2026-06-30,Broiler Chicken,Poultry,Lagos,Direct Farm Sale,1,2986.12,1934.98,2986.12,1934.98,1051.14,35.2
102743,2026-06-30,Feed - Broiler Starter (bag),Feed,Oyo,Retail Market,3,14912.43,11138.07,44737.29,33414.21,11323.08,25.3
102744,2026-06-30,Broiler Chicken,Poultry,Lagos,Distributor,9,3177.47,2476.43,28597.23,22287.87,6309.36,22.1
102745,2026-06-30,Goat Meat (kg),Livestock,Ogun,Retail Market,1,3469.52,2498.82,3469.52,2498.82,970.7,28.0
102746,2026-06-30,Feed - Layer Mash (bag),Feed,Lagos,Direct Farm Sale,1,12890.74,8070.53,12890.74,8070.53,4820.21,37.4
102747,2026-06-30,Broiler Chicken,Poultry,Ogun,Retail Market,4,3058.33,2152.45,12233.32,8609.8,3623.52,29.6
102748,2026-06-30,Feed - Broiler Starter (bag),Feed,Ibadan Metro,Retail Market,11,15384.82,9646.52,169233.02,106111.72,63121.3,37.3
102749,2026-06-30,"Cattle (Live, per head)",Livestock,Oyo,Distributor,1,258834.03,178847.71,258834.03,178847.71,79986.32,30.9
102750,2026-06-30,Broiler Chicken,Poultry,Lagos,Distributor,8,3166.31,2266.67,25330.48,18133.36,7197.12,28.4
102751,2026-06-30,Feed - Layer Mash (bag),Feed,Ogun,Direct Farm Sale,11,12784.86,8407.18,140633.46,92478.98,48154.48,34.2
102752,2026-07-01,Broiler Chicken,Poultry,Ibadan Metro,Direct Farm Sale,3,3007.83,2015.48,9023.49,6046.44,2977.05,33.0
102753,2026-07-01,Layer Eggs (Crate),Poultry,Ibadan Metro,Direct Farm Sale,4,2774.53,2067.99,11098.12,8271.96,2826.16,25.5
102754,2026-07-01,Turkey,Poultry,Ibadan Metro,Direct Farm Sale,3,4460.68,3476.58,13382.04,10429.74,2952.3,22.1
102755,2026-07-01,Feed - Layer Mash (bag),Feed,Ogun,Direct Farm Sale,2,11982.67,9089.75,23965.34,18179.5,5785.84,24.1
102756,2026-07-01,Broiler Chicken,Poultry,Lagos,Direct Farm Sale,4,3125.76,2233.58,12503.04,8934.32,3568.72,28.5
102757,2026-07-01,"Ram (Live, per head)",Livestock,Lagos,Distributor,1,92318.79,62849.31,92318.79,62849.31,29469.48,31.9
102758,2026-07-01,Layer Eggs (Crate),Poultry,Ogun,Distributor,6,2710.54,1763.39,16263.24,10580.34,5682.9,34.9
102759,2026-07-01,Feed - Broiler Starter (bag),Feed,Lagos,Distributor,9,13945.16,9963.32,125506.44,89669.88,35836.56,28.6
102760,2026-07-01,"Cattle (Live, per head)",Livestock,Lagos,Direct Farm Sale,1,258060.32,193920.5,258060.32,193920.5,64139.82,24.9
102761,2026-07-01,Goat Meat (kg),Livestock,Lagos,Online Order,1,3735.25,2416.64,3735.25,2416.64,1318.61,35.3
102762,2026-07-02,Goat Meat (kg),Livestock,Oyo,Direct Farm Sale,1,3338.95,2466.85,3338.95,2466.85,872.1,26.1
102763,2026-07-02,Goat Meat (kg),Livestock,Ogun,Direct Farm Sale,1,3553.6,2422.05,3553.6,2422.05,1131.55,31.8
102764,2026-07-02,Broiler Chicken,Poultry,Ogun,Direct Farm Sale,7,3141.88,2222.26,21993.16,15555.82,6437.34,29.3
102765,2026-07-02,Broiler Chicken,Poultry,Lagos,Online Order,13,2919.34,1959.39,37951.42,25472.07,12479.35,32.9
102766,2026-07-02,Goat Meat (kg),Livestock,Ibadan Metro,Retail Market,1,3378.7,2424.72,3378.7,2424.72,953.98,28.2
102767,2026-07-02,Feed - Layer Mash (bag),Feed,Ogun,Direct Farm Sale,6,12432.42,8167.76,74594.52,49006.56,25587.96,34.3
102768,2026-07-02,Layer Eggs (Crate),Poultry,Ogun,Retail Market,2,2538.13,1633.25,5076.26,3266.5,1809.76,35.7
102769,2026-07-03,Turkey,Poultry,Ibadan Metro,Online Order,4,4003.41,2569.9,16013.64,10279.6,5734.04,35.8
102770,2026-07-03,Goat Meat (kg),Livestock,Ogun,Distributor,1,3324.89,2297.24,3324.89,2297.24,1027.65,30.9
102771,2026-07-03,Layer Eggs (Crate),Poultry,Ogun,Distributor,7,2765.06,1979.11,19355.42,13853.77,5501.65,28.4
102772,2026-07-03,Feed - Broiler Starter (bag),Feed,Ogun,Retail Market,3,15187.3,10664.9,45561.9,31994.7,13567.2,29.8
102773,2026-07-03,Broiler Chicken,Poultry,Ogun,Distributor,4,2868.95,1881.02,11475.8,7524.08,3951.72,34.4
102774,2026-07-03,Goat Meat (kg),Livestock,Ogun,Direct Farm Sale,1,3442.13,2345.61,3442.13,2345.61,1096.52,31.9
102775,2026-07-03,Feed - Broiler Starter (bag),Feed,Oyo,Direct Farm Sale,12,15360.14,11651.87,184321.68,139822.44,44499.24,24.1
102776,2026-07-03,Turkey,Poultry,Lagos,Direct Farm Sale,1,4318.51,3099.6,4318.51,3099.6,1218.91,28.2
102777,2026-07-04,Broiler Chicken,Poultry,Ogun,Retail Market,2,3054.08,2381.22,6108.16,4762.44,1345.72,22.0
102778,2026-07-04,Goat Meat (kg),Livestock,Lagos,Direct Farm Sale,1,3762.89,2440.63,3762.89,2440.63,1322.26,35.1
102779,2026-07-04,Goat Meat (kg),Livestock,Oyo,Retail Market,1,3517.9,2496.69,3517.9,2496.69,1021.21,29.0
102780,2026-07-04,Broiler Chicken,Poultry,Lagos,Distributor,9,3137.71,2404.52,28239.39,21640.68,6598.71,23.4
102781,2026-07-04,"Cattle (Live, per head)",Livestock,Ogun,Online Order,1,266572.09,181158.6,266572.09,181158.6,85413.49,32.0
102782,2026-07-04,Goat Meat (kg),Livestock,Lagos,Distributor,1,3321.65,2486.88,3321.65,2486.88,834.77,25.1
102783,2026-07-04,Feed - Layer Mash (bag),Feed,Oyo,Direct Farm Sale,3,11940.02,7817.01,35820.06,23451.03,12369.03,34.5
102784,2026-07-04,Broiler Chicken,Poultry,Oyo,Retail Market,2,2881.09,2093.07,5762.18,4186.14,1576.04,27.4
102785,2026-07-04,Turkey,Poultry,Lagos,Direct Farm Sale,2,4265.45,2998.34,8530.9,5996.68,2534.22,29.7
102786,2026-07-05,Broiler Chicken,Poultry,Oyo,Direct Farm Sale,7,3151.25,2242.03,22058.75,15694.21,6364.54,28.9
102787,2026-07-05,Turkey,Poultry,Lagos,Direct Farm Sale,3,4057.75,2794.72,12173.25,8384.16,3789.09,31.1
102788,2026-07-05,Turkey,Poultry,Ogun,Direct Farm Sale,4,4172.32,3208.73,16689.28,12834.92,3854.36,23.1
102789,2026-07-05,"Cattle (Live, per head)",Livestock,Ogun,Retail Market,1,277488.45,214301.37,277488.45,214301.37,63187.08,22.8
102790,2026-07-05,Layer Eggs (Crate),Poultry,Lagos,Direct Farm Sale,3,2745.9,1864.25,8237.7,5592.75,2644.95,32.1
102791,2026-07-05,Turkey,Poultry,Oyo,Online Order,3,4042.92,2972.21,12128.76,8916.63,3212.13,26.5
102792,2026-07-05,Layer Eggs (Crate),Poultry,Ogun,Retail Market,6,2563.77,1682.19,15382.62,10093.14,5289.48,34.4
102793,2026-07-05,Feed - Layer Mash (bag),Feed,Lagos,Direct Farm Sale,1,12938.16,8710.88,12938.16,8710.88,4227.28,32.7
102794,2026-07-06,"Cattle (Live, per head)",Livestock,Oyo,Retail Market,1,251567.69,158326.93,251567.69,158326.93,93240.76,37.1
102795,2026-07-06,"Cattle (Live, per head)",Livestock,Oyo,Distributor,1,253116.51,184182.47,253116.51,184182.47,68934.04,27.2
102796,2026-07-06,Turkey,Poultry,Lagos,Retail Market,3,3944.18,2679.41,11832.54,8038.23,3794.31,32.1
102797,2026-07-06,Feed - Layer Mash (bag),Feed,Lagos,Distributor,5,12198.37,7998.67,60991.85,39993.35,20998.5,34.4
102798,2026-07-06,Goat Meat (kg),Livestock,Oyo,Distributor,1,3450.53,2586.21,3450.53,2586.21,864.32,25.0
102799,2026-07-06,Feed - Broiler Starter (bag),Feed,Ogun,Distributor,14,15397.18,10670.39,215560.52,149385.46,66175.06,30.7
102800,2026-07-06,Goat Meat (kg),Livestock,Lagos,Distributor,1,3408.82,2185.76,3408.82,2185.76,1223.06,35.9
102801,2026-07-06,Broiler Chicken,Poultry,Ibadan Metro,Direct Farm Sale,7,2836.42,2156.6,19854.94,15096.2,4758.74,24.0
102802,2026-07-06,Feed - Broiler Starter (bag),Feed,Oyo,Online Order,1,14441.2,10550.57,14441.2,10550.57,3890.63,26.9
102803,2026-07-06,Feed - Broiler Starter (bag),Feed,Ogun,Distributor,6,13620.72,9984.68,81724.32,59908.08,21816.24,26.7
102804,2026-07-06,Feed - Layer Mash (bag),Feed,Ogun,Online Order,12,12288.97,7864.71,147467.64,94376.52,53091.12,36.0
102805,2026-07-07,Broiler Chicken,Poultry,Lagos,Direct Farm Sale,1,3058.32,2133.05,3058.32,2133.05,925.27,30.3
102806,2026-07-07,"Ram (Live, per head)",Livestock,Ogun,Distributor,1,87690.75,66092.01,87690.75,66092.01,21598.74,24.6
102807,2026-07-07,Turkey,Poultry,Ibadan Metro,Online Order,4,3952.29,2868.26,15809.16,11473.04,4336.12,27.4
102808,2026-07-07,Feed - Broiler Starter (bag),Feed,Ogun,Retail Market,7,14171.21,10190.01,99198.47,71330.07,27868.4,28.1
102809,2026-07-07,"Cattle (Live, per head)",Livestock,Lagos,Direct Farm Sale,1,264854.67,199349.99,264854.67,199349.99,65504.68,24.7
102810,2026-07-07,"Ram (Live, per head)",Livestock,Ogun,Direct Farm Sale,1,84409.6,58631.0,84409.6,58631.0,25778.6,30.5
102811,2026-07-07,Feed - Broiler Starter (bag),Feed,Ibadan Metro,Retail Market,1,14769.24,10258.02,14769.24,10258.02,4511.22,30.5
102812,2026-07-07,Feed - Layer Mash (bag),Feed,Lagos,Distributor,1,11961.56,8756.62,11961.56,8756.62,3204.94,26.8
102813,2026-07-07,Broiler Chicken,Poultry,Lagos,Direct Farm Sale,12,2863.57,1883.86,34362.84,22606.32,11756.52,34.2
102814,2026-07-07,Feed - Broiler Starter (bag),Feed,Lagos,Distributor,4,14829.65,10881.9,59318.6,43527.6,15791.0,26.6
102815,2026-07-08,Feed - Layer Mash (bag),Feed,Ogun,Distributor,1,12042.79,8287.65,12042.79,8287.65,3755.14,31.2
102816,2026-07-08,Layer Eggs (Crate),Poultry,Ibadan Metro,Retail Market,4,2556.61,1737.08,10226.44,6948.32,3278.12,32.1
102817,2026-07-08,"Ram (Live, per head)",Livestock,Ogun,Direct Farm Sale,1,83667.98,64069.88,83667.98,64069.88,19598.1,23.4
102818,2026-07-08,Feed - Broiler Starter (bag),Feed,Ibadan Metro,Direct Farm Sale,1,14148.79,10181.89,14148.79,10181.89,3966.9,28.0
102819,2026-07-08,Broiler Chicken,Poultry,Ogun,Distributor,6,3060.52,1989.03,18363.12,11934.18,6428.94,35.0
102820,2026-07-08,"Ram (Live, per head)",Livestock,Ogun,Direct Farm Sale,1,93180.16,66887.41,93180.16,66887.41,26292.75,28.2
102821,2026-07-08,Goat Meat (kg),Livestock,Lagos,Direct Farm Sale,1,3559.71,2546.67,3559.71,2546.67,1013.04,28.5
102822,2026-07-08,Feed - Broiler Starter (bag),Feed,Oyo,Retail Market,6,15301.64,9662.67,91809.84,57976.02,33833.82,36.9
102823,2026-07-08,"Ram (Live, per head)",Livestock,Ogun,Direct Farm Sale,1,89349.97,60461.2,89349.97,60461.2,28888.77,32.3
102824,2026-07-08,Broiler Chicken,Poultry,Lagos,Distributor,3,2871.82,2238.07,8615.46,6714.21,1901.25,22.1
102825,2026-07-08,Layer Eggs (Crate),Poultry,Ogun,Direct Farm Sale,2,2531.12,1715.68,5062.24,3431.36,1630.88,32.2
102826,2026-07-08,"Cattle (Live, per head)",Livestock,Ogun,Distributor,1,276145.87,193761.82,276145.87,193761.82,82384.05,29.8
102827,2026-07-08,Goat Meat (kg),Livestock,Lagos,Retail Market,1,3746.85,2435.64,3746.85,2435.64,1311.21,35.0
102828,2026-07-09,Feed - Broiler Starter (bag),Feed,Ibadan Metro,Online Order,6,14983.1,11348.89,89898.6,68093.34,21805.26,24.3
102829,2026-07-09,Feed - Layer Mash (bag),Feed,Lagos,Distributor,7,12735.93,9084.47,89151.51,63591.29,25560.22,28.7
102830,2026-07-09,"Cattle (Live, per head)",Livestock,Lagos,Distributor,1,253872.92,189735.97,253872.92,189735.97,64136.95,25.3
102831,2026-07-09,Turkey,Poultry,Ogun,Distributor,4,3996.3,2861.49,15985.2,11445.96,4539.24,28.4
102832,2026-07-09,Goat Meat (kg),Livestock,Lagos,Online Order,1,3672.73,2704.05,3672.73,2704.05,968.68,26.4
102833,2026-07-09,Layer Eggs (Crate),Poultry,Lagos,Direct Farm Sale,4,2731.11,1964.84,10924.44,7859.36,3065.08,28.1
102834,2026-07-09,Turkey,Poultry,Lagos,Direct Farm Sale,11,4130.19,2886.8,45432.09,31754.8,13677.29,30.1
102835,2026-07-09,Turkey,Poultry,Oyo,Direct Farm Sale,5,4066.07,3058.06,20330.35,15290.3,5040.05,24.8
102836,2026-07-09,Layer Eggs (Crate),Poultry,Oyo,Distributor,1,2499.14,1555.55,2499.14,1555.55,943.59,37.8
102837,2026-07-10,Turkey,Poultry,Lagos,Retail Market,1,4030.34,2705.84,4030.34,2705.84,1324.5,32.9
102838,2026-07-10,Feed - Layer Mash (bag),Feed,Lagos,Retail Market,1,11672.02,8809.98,11672.02,8809.98,2862.04,24.5
102839,2026-07-10,Layer Eggs (Crate),Poultry,Ogun,Distributor,3,2576.84,1620.81,7730.52,4862.43,2868.09,37.1
102840,2026-07-10,Layer Eggs (Crate),Poultry,Lagos,Distributor,3,2534.97,1940.3,7604.91,5820.9,1784.01,23.5
102841,2026-07-10,"Ram (Live, per head)",Livestock,Ibadan Metro,Direct Farm Sale,1,93170.5,59552.09,93170.5,59552.09,33618.41,36.1
102842,2026-07-10,Turkey,Poultry,Oyo,Direct Farm Sale,9,4023.26,2553.62,36209.34,22982.58,13226.76,36.5
102843,2026-07-10,Goat Meat (kg),Livestock,Ibadan Metro,Direct Farm Sale,1,3416.76,2178.6,3416.76,2178.6,1238.16,36.2
102844,2026-07-10,Broiler Chicken,Poultry,Lagos,Direct Farm Sale,7,2974.19,2092.37,20819.33,14646.59,6172.74,29.6
102845,2026-07-11,Turkey,Poultry,Ogun,Direct Farm Sale,1,4258.29,2755.04,4258.29,2755.04,1503.25,35.3
102846,2026-07-11,Broiler Chicken,Poultry,Ibadan Metro,Direct Farm Sale,2,2831.25,1955.64,5662.5,3911.28,1751.22,30.9
102847,2026-07-11,Layer Eggs (Crate),Poultry,Ogun,Retail Market,10,2691.07,2076.75,26910.7,20767.5,6143.2,22.8
102848,2026-07-11,"Ram (Live, per head)",Livestock,Lagos,Online Order,1,89558.36,66406.79,89558.36,66406.79,23151.57,25.9
102849,2026-07-11,Turkey,Poultry,Oyo,Direct Farm Sale,2,4018.27,3120.54,8036.54,6241.08,1795.46,22.3
102850,2026-07-11,"Ram (Live, per head)",Livestock,Ogun,Direct Farm Sale,1,91324.24,59317.1,91324.24,59317.1,32007.14,35.0
102851,2026-07-11,"Cattle (Live, per head)",Livestock,Lagos,Direct Farm Sale,1,261969.16,194786.67,261969.16,194786.67,67182.49,25.6
102852,2026-07-11,"Ram (Live, per head)",Livestock,Lagos,Retail Market,1,85647.17,58781.05,85647.17,58781.05,26866.12,31.4
102853,2026-07-11,Turkey,Poultry,Lagos,Direct Farm Sale,7,4085.21,2657.26,28596.47,18600.82,9995.65,35.0
102854,2026-07-11,Broiler Chicken,Poultry,Lagos,Direct Farm Sale,3,2921.76,2126.09,8765.28,6378.27,2387.01,27.2
102855,2026-07-11,Turkey,Poultry,Lagos,Distributor,8,4095.76,2909.48,32766.08,23275.84,9490.24,29.0
102856,2026-07-11,Broiler Chicken,Poultry,Lagos,Retail Market,1,2887.03,2203.23,2887.03,2203.23,683.8,23.7
102857,2026-07-11,"Ram (Live, per head)",Livestock,Lagos,Direct Farm Sale,1,94386.12,60022.56,94386.12,60022.56,34363.56,36.4
102858,2026-07-12,Feed - Broiler Starter (bag),Feed,Oyo,Online Order,1,14317.68,10239.08,14317.68,10239.08,4078.6,28.5
102859,2026-07-12,"Ram (Live, per head)",Livestock,Oyo,Retail Market,1,83826.31,55937.42,83826.31,55937.42,27888.89,33.3
102860,2026-07-12,Turkey,Poultry,Ogun,Direct Farm Sale,3,4356.18,2988.59,13068.54,8965.77,4102.77,31.4
102861,2026-07-12,"Ram (Live, per head)",Livestock,Ogun,Online Order,1,92042.83,61969.17,92042.83,61969.17,30073.66,32.7
102862,2026-07-12,Feed - Broiler Starter (bag),Feed,Ogun,Direct Farm Sale,5,14857.45,10982.03,74287.25,54910.15,19377.1,26.1
102863,2026-07-12,Goat Meat (kg),Livestock,Lagos,Distributor,1,3340.45,2417.46,3340.45,2417.46,922.99,27.6
102864,2026-07-12,Layer Eggs (Crate),Poultry,Ogun,Online Order,2,2750.52,1728.85,5501.04,3457.7,2043.34,37.1
102865,2026-07-12,Layer Eggs (Crate),Poultry,Ogun,Distributor,8,2639.88,1985.03,21119.04,15880.24,5238.8,24.8
102866,2026-07-12,Feed - Broiler Starter (bag),Feed,Ibadan Metro,Retail Market,6,14848.13,10552.7,89088.78,63316.2,25772.58,28.9
102867,2026-07-12,"Cattle (Live, per head)",Livestock,Ogun,Direct Farm Sale,1,270724.5,208943.38,270724.5,208943.38,61781.12,22.8
102868,2026-07-12,Layer Eggs (Crate),Poultry,Oyo,Online Order,5,2509.39,1834.99,12546.95,9174.95,3372.0,26.9
102869,2026-07-12,Turkey,Poultry,Ogun,Online Order,7,4380.32,2850.04,30662.24,19950.28,10711.96,34.9
102870,2026-07-12,"Cattle (Live, per head)",Livestock,Lagos,Direct Farm Sale,1,247224.51,163237.75,247224.51,163237.75,83986.76,34.0
102871,2026-07-12,"Cattle (Live, per head)",Livestock,Ibadan Metro,Distributor,1,274105.56,213768.25,274105.56,213768.25,60337.31,22.0
102872,2026-07-12,Broiler Chicken,Poultry,Ogun,Retail Market,10,2884.26,2016.08,28842.6,20160.8,8681.8,30.1
102873,2026-07-12,Layer Eggs (Crate),Poultry,Ogun,Direct Farm Sale,14,2773.13,2101.89,38823.82,29426.46,9397.36,24.2
102874,2026-07-12,Goat Meat (kg),Livestock,Lagos,Distributor,1,3600.07,2375.22,3600.07,2375.22,1224.85,34.0
102875,2026-07-12,Layer Eggs (Crate),Poultry,Ibadan Metro,Retail Market,9,2623.19,1859.18,23608.71,16732.62,6876.09,29.1
102876,2026-07-13,Feed - Layer Mash (bag),Feed,Lagos,Direct Farm Sale,1,12593.72,9645.84,12593.72,9645.84,2947.88,23.4
102877,2026-07-13,Goat Meat (kg),Livestock,Lagos,Retail Market,1,3461.72,2440.65,3461.72,2440.65,1021.07,29.5
102878,2026-07-13,"Cattle (Live, per head)",Livestock,Oyo,Direct Farm Sale,1,246439.98,176772.11,246439.98,176772.11,69667.87,28.3
102879,2026-07-13,Feed - Layer Mash (bag),Feed,Ogun,Direct Farm Sale,10,11918.78,9267.95,119187.8,92679.5,26508.3,22.2
102880,2026-07-13,"Ram (Live, per head)",Livestock,Lagos,Distributor,1,88569.16,56988.53,88569.16,56988.53,31580.63,35.7
102881,2026-07-13,Feed - Layer Mash (bag),Feed,Ogun,Retail Market,4,12923.51,9111.42,51694.04,36445.68,15248.36,29.5
102882,2026-07-13,Turkey,Poultry,Lagos,Direct Farm Sale,2,4130.19,3059.39,8260.38,6118.78,2141.6,25.9
102883,2026-07-13,Feed - Broiler Starter (bag),Feed,Ogun,Distributor,1,13551.58,10391.67,13551.58,10391.67,3159.91,23.3
102884,2026-07-13,"Ram (Live, per head)",Livestock,Oyo,Retail Market,1,87846.91,57670.79,87846.91,57670.79,30176.12,34.4
102885,2026-07-13,"Ram (Live, per head)",Livestock,Oyo,Direct Farm Sale,1,87421.52,57530.71,87421.52,57530.71,29890.81,34.2
102886,2026-07-14,"Cattle (Live, per head)",Livestock,Lagos,Distributor,1,252539.85,189223.52,252539.85,189223.52,63316.33,25.1
102887,2026-07-14,Feed - Layer Mash (bag),Feed,Ibadan Metro,Direct Farm Sale,8,12534.99,8282.08,100279.92,66256.64,34023.28,33.9
102888,2026-07-14,"Ram (Live, per head)",Livestock,Ibadan Metro,Distributor,1,88799.85,66982.0,88799.85,66982.0,21817.85,24.6
102889,2026-07-14,Layer Eggs (Crate),Poultry,Ogun,Online Order,2,2741.42,1957.14,5482.84,3914.28,1568.56,28.6
102890,2026-07-14,"Ram (Live, per head)",Livestock,Lagos,Distributor,1,86757.64,59407.82,86757.64,59407.82,27349.82,31.5
102891,2026-07-14,Feed - Layer Mash (bag),Feed,Oyo,Direct Farm Sale,1,11709.15,8485.36,11709.15,8485.36,3223.79,27.5
102892,2026-07-14,Turkey,Poultry,Lagos,Direct Farm Sale,4,4277.39,2807.23,17109.56,11228.92,5880.64,34.4
102893,2026-07-14,"Cattle (Live, per head)",Livestock,Oyo,Retail Market,1,249538.47,158670.39,249538.47,158670.39,90868.08,36.4
102894,2026-07-14,Goat Meat (kg),Livestock,Oyo,Retail Market,1,3691.11,2594.64,3691.11,2594.64,1096.47,29.7
102895,2026-07-14,Goat Meat (kg),Livestock,Lagos,Retail Market,1,3736.16,2577.65,3736.16,2577.65,1158.51,31.0
102896,2026-07-14,Feed - Broiler Starter (bag),Feed,Ibadan Metro,Direct Farm Sale,3,13621.39,9773.8,40864.17,29321.4,11542.77,28.2
102897,2026-07-14,"Cattle (Live, per head)",Livestock,Ogun,Online Order,1,259694.56,199105.97,259694.56,199105.97,60588.59,23.3
102898,2026-07-15,Broiler Chicken,Poultry,Ogun,Distributor,8,2890.17,1924.05,23121.36,15392.4,7728.96,33.4
102899,2026-07-15,Feed - Layer Mash (bag),Feed,Lagos,Direct Farm Sale,2,12695.67,9227.99,25391.34,18455.98,6935.36,27.3
102900,2026-07-15,Feed - Layer Mash (bag),Feed,Oyo,Direct Farm Sale,1,11590.05,8207.92,11590.05,8207.92,3382.13,29.2
102901,2026-07-15,Broiler Chicken,Poultry,Lagos,Online Order,3,2865.17,1843.2,8595.51,5529.6,3065.91,35.7
102902,2026-07-15,Turkey,Poultry,Ogun,Direct Farm Sale,5,4078.69,2921.52,20393.45,14607.6,5785.85,28.4
102903,2026-07-15,Feed - Layer Mash (bag),Feed,Lagos,Retail Market,5,11838.02,8195.54,59190.1,40977.7,18212.4,30.8
102904,2026-07-15,"Cattle (Live, per head)",Livestock,Lagos,Online Order,1,249204.96,184831.69,249204.96,184831.69,64373.27,25.8
102905,2026-07-15,"Ram (Live, per head)",Livestock,Lagos,Direct Farm Sale,1,84465.13,57030.05,84465.13,57030.05,27435.08,32.5
102906,2026-07-15,Turkey,Poultry,Lagos,Retail Market,2,4165.46,2953.67,8330.92,5907.34,2423.58,29.1
102907,2026-07-15,Feed - Broiler Starter (bag),Feed,Oyo,Direct Farm Sale,4,13732.61,8605.38,54930.44,34421.52,20508.92,37.3
102908,2026-07-16,Feed - Layer Mash (bag),Feed,Lagos,Distributor,4,12520.45,9238.6,50081.8,36954.4,13127.4,26.2
102909,2026-07-16,Layer Eggs (Crate),Poultry,Lagos,Online Order,2,2513.32,1782.83,5026.64,3565.66,1460.98,29.1
102910,2026-07-16,"Ram (Live, per head)",Livestock,Ogun,Retail Market,1,87768.35,57557.68,87768.35,57557.68,30210.67,34.4
102911,2026-07-16,Goat Meat (kg),Livestock,Lagos,Retail Market,1,3484.63,2601.2,3484.63,2601.2,883.43,25.4
102912,2026-07-16,Feed - Layer Mash (bag),Feed,Oyo,Online Order,3,12813.04,9164.13,38439.12,27492.39,10946.73,28.5
102913,2026-07-16,Layer Eggs (Crate),Poultry,Oyo,Distributor,8,2659.36,2011.98,21274.88,16095.84,5179.04,24.3
102914,2026-07-16,Layer Eggs (Crate),Poultry,Lagos,Online Order,2,2651.22,1902.3,5302.44,3804.6,1497.84,28.2
102915,2026-07-16,Layer Eggs (Crate),Poultry,Lagos,Direct Farm Sale,1,2616.51,1757.59,2616.51,1757.59,858.92,32.8
102916,2026-07-17,Layer Eggs (Crate),Poultry,Ibadan Metro,Retail Market,10,2496.47,1765.0,24964.7,17650.0,7314.7,29.3
102917,2026-07-17,"Ram (Live, per head)",Livestock,Ibadan Metro,Retail Market,1,86387.57,59962.59,86387.57,59962.59,26424.98,30.6
102918,2026-07-17,"Cattle (Live, per head)",Livestock,Lagos,Online Order,1,248689.27,164474.12,248689.27,164474.12,84215.15,33.9
102919,2026-07-17,Feed - Layer Mash (bag),Feed,Ogun,Retail Market,13,12869.02,9890.17,167297.26,128572.21,38725.05,23.1
102920,2026-07-17,Feed - Layer Mash (bag),Feed,Lagos,Distributor,6,11853.47,8001.37,71120.82,48008.22,23112.6,32.5
102921,2026-07-17,"Cattle (Live, per head)",Livestock,Oyo,Distributor,1,248636.27,169332.04,248636.27,169332.04,79304.23,31.9
102922,2026-07-17,"Ram (Live, per head)",Livestock,Lagos,Direct Farm Sale,1,91569.73,68274.33,91569.73,68274.33,23295.4,25.4
102923,2026-07-17,"Cattle (Live, per head)",Livestock,Ibadan Metro,Retail Market,1,272522.54,171965.47,272522.54,171965.47,100557.07,36.9
102924,2026-07-18,Broiler Chicken,Poultry,Ogun,Retail Market,11,2867.69,1872.55,31544.59,20598.05,10946.54,34.7
102925,2026-07-18,Broiler Chicken,Poultry,Lagos,Distributor,1,3083.58,2335.19,3083.58,2335.19,748.39,24.3
102926,2026-07-18,Feed - Broiler Starter (bag),Feed,Ibadan Metro,Online Order,3,14084.97,10468.23,42254.91,31404.69,10850.22,25.7
102927,2026-07-18,Feed - Broiler Starter (bag),Feed,Ogun,Retail Market,6,14533.25,9681.84,87199.5,58091.04,29108.46,33.4
102928,2026-07-18,"Ram (Live, per head)",Livestock,Lagos,Distributor,1,87801.29,57330.01,87801.29,57330.01,30471.28,34.7
102929,2026-07-18,Layer Eggs (Crate),Poultry,Lagos,Distributor,2,2657.63,1948.59,5315.26,3897.18,1418.08,26.7
102930,2026-07-18,"Cattle (Live, per head)",Livestock,Ogun,Direct Farm Sale,1,277027.13,172759.51,277027.13,172759.51,104267.62,37.6
102931,2026-07-18,Feed - Broiler Starter (bag),Feed,Ogun,Retail Market,9,14773.48,11413.13,132961.32,102718.17,30243.15,22.7
102932,2026-07-18,Layer Eggs (Crate),Poultry,Lagos,Retail Market,10,2676.12,1702.62,26761.2,17026.2,9735.0,36.4
102933,2026-07-19,Broiler Chicken,Poultry,Ogun,Direct Farm Sale,2,2999.7,2109.76,5999.4,4219.52,1779.88,29.7
102934,2026-07-19,"Cattle (Live, per head)",Livestock,Ogun,Retail Market,1,267250.42,186965.69,267250.42,186965.69,80284.73,30.0
102935,2026-07-19,Goat Meat (kg),Livestock,Ibadan Metro,Direct Farm Sale,1,3634.99,2487.49,3634.99,2487.49,1147.5,31.6
102936,2026-07-19,"Ram (Live, per head)",Livestock,Ogun,Retail Market,1,86952.24,59120.11,86952.24,59120.11,27832.13,32.0
102937,2026-07-19,Broiler Chicken,Poultry,Ogun,Retail Market,5,3091.84,1999.46,15459.2,9997.3,5461.9,35.3
102938,2026-07-19,Broiler Chicken,Poultry,Lagos,Direct Farm Sale,4,3168.29,2395.83,12673.16,9583.32,3089.84,24.4
102939,2026-07-19,Broiler Chicken,Poultry,Ogun,Online Order,3,2946.6,1901.93,8839.8,5705.79,3134.01,35.5
102940,2026-07-20,Goat Meat (kg),Livestock,Oyo,Distributor,1,3334.42,2564.02,3334.42,2564.02,770.4,23.1
102941,2026-07-20,Feed - Broiler Starter (bag),Feed,Ibadan Metro,Direct Farm Sale,3,13733.62,9491.33,41200.86,28473.99,12726.87,30.9
102942,2026-07-20,Broiler Chicken,Poultry,Ogun,Direct Farm Sale,6,3128.94,1986.61,18773.64,11919.66,6853.98,36.5
102943,2026-07-20,Turkey,Poultry,Lagos,Retail Market,4,4156.54,3086.08,16626.16,12344.32,4281.84,25.8
102944,2026-07-20,Feed - Broiler Starter (bag),Feed,Lagos,Direct Farm Sale,13,13933.09,10244.32,181130.17,133176.16,47954.01,26.5
102945,2026-07-20,"Ram (Live, per head)",Livestock,Lagos,Direct Farm Sale,1,91452.66,67721.4,91452.66,67721.4,23731.26,25.9
102946,2026-07-20,Feed - Broiler Starter (bag),Feed,Oyo,Distributor,11,14121.68,10939.57,155338.48,120335.27,35003.21,22.5
102947,2026-07-20,"Cattle (Live, per head)",Livestock,Ibadan Metro,Distributor,1,262223.78,190829.95,262223.78,190829.95,71393.83,27.2
102948,2026-07-20,Layer Eggs (Crate),Poultry,Lagos,Distributor,1,2497.8,1695.36,2497.8,1695.36,802.44,32.1
102949,2026-07-20,Broiler Chicken,Poultry,Lagos,Direct Farm Sale,8,3016.08,2097.19,24128.64,16777.52,7351.12,30.5
102950,2026-07-20,Goat Meat (kg),Livestock,Ogun,Direct Farm Sale,1,3558.91,2496.36,3558.91,2496.36,1062.55,29.9
102951,2026-07-20,"Cattle (Live, per head)",Livestock,Ogun,Direct Farm Sale,1,255260.3,188213.03,255260.3,188213.03,67047.27,26.3
102952,2026-07-21,"Ram (Live, per head)",Livestock,Oyo,Online Order,1,91832.87,63526.54,91832.87,63526.54,28306.33,30.8
102953,2026-07-21,Turkey,Poultry,Lagos,Distributor,1,4446.12,2978.38,4446.12,2978.38,1467.74,33.0
102954,2026-07-21,"Ram (Live, per head)",Livestock,Lagos,Distributor,1,92172.12,64042.23,92172.12,64042.23,28129.89,30.5
102955,2026-07-21,"Ram (Live, per head)",Livestock,Ibadan Metro,Direct Farm Sale,1,90197.26,55989.0,90197.26,55989.0,34208.26,37.9
102956,2026-07-21,"Ram (Live, per head)",Livestock,Ibadan Metro,Retail Market,1,85665.8,66610.18,85665.8,66610.18,19055.62,22.2
102957,2026-07-21,Goat Meat (kg),Livestock,Oyo,Distributor,1,3444.0,2651.81,3444.0,2651.81,792.19,23.0
102958,2026-07-21,"Ram (Live, per head)",Livestock,Lagos,Distributor,1,88171.93,55185.0,88171.93,55185.0,32986.93,37.4
102959,2026-07-21,Feed - Broiler Starter (bag),Feed,Lagos,Direct Farm Sale,7,14864.68,10772.39,104052.76,75406.73,28646.03,27.5
102960,2026-07-21,Turkey,Poultry,Ogun,Online Order,2,4186.38,3195.29,8372.76,6390.58,1982.18,23.7
102961,2026-07-21,Turkey,Poultry,Ogun,Online Order,3,4122.79,2774.51,12368.37,8323.53,4044.84,32.7
102962,2026-07-21,Feed - Broiler Starter (bag),Feed,Ibadan Metro,Retail Market,1,14417.64,10673.85,14417.64,10673.85,3743.79,26.0
102963,2026-07-22,"Ram (Live, per head)",Livestock,Lagos,Online Order,1,85101.82,59948.52,85101.82,59948.52,25153.3,29.6
102964,2026-07-22,Goat Meat (kg),Livestock,Ogun,Retail Market,1,3747.12,2859.26,3747.12,2859.26,887.86,23.7
102965,2026-07-22,Feed - Broiler Starter (bag),Feed,Lagos,Direct Farm Sale,11,15020.72,9359.52,165227.92,102954.72,62273.2,37.7
102966,2026-07-22,Turkey,Poultry,Oyo,Direct Farm Sale,7,4321.01,3219.92,30247.07,22539.44,7707.63,25.5
102967,2026-07-22,Layer Eggs (Crate),Poultry,Lagos,Online Order,11,2630.04,1788.15,28930.44,19669.65,9260.79,32.0
102968,2026-07-22,"Ram (Live, per head)",Livestock,Lagos,Direct Farm Sale,1,89145.91,57813.52,89145.91,57813.52,31332.39,35.1
102969,2026-07-22,Feed - Layer Mash (bag),Feed,Ogun,Direct Farm Sale,4,11539.33,7843.02,46157.32,31372.08,14785.24,32.0
102970,2026-07-23,Goat Meat (kg),Livestock,Ibadan Metro,Distributor,1,3602.5,2407.97,3602.5,2407.97,1194.53,33.2
102971,2026-07-23,Layer Eggs (Crate),Poultry,Oyo,Direct Farm Sale,5,2486.29,1555.87,12431.45,7779.35,4652.1,37.4
102972,2026-07-23,Feed - Layer Mash (bag),Feed,Ibadan Metro,Retail Market,3,12079.9,8959.34,36239.7,26878.02,9361.68,25.8
102973,2026-07-23,Broiler Chicken,Poultry,Oyo,Direct Farm Sale,1,3047.26,2194.11,3047.26,2194.11,853.15,28.0
102974,2026-07-23,"Cattle (Live, per head)",Livestock,Ibadan Metro,Retail Market,1,252107.9,177791.85,252107.9,177791.85,74316.05,29.5
102975,2026-07-23,Broiler Chicken,Poultry,Ibadan Metro,Retail Market,14,3178.74,2190.07,44502.36,30660.98,13841.38,31.1
102976,2026-07-23,Feed - Broiler Starter (bag),Feed,Ogun,Retail Market,2,14062.56,9724.18,28125.12,19448.36,8676.76,30.9
102977,2026-07-24,"Cattle (Live, per head)",Livestock,Lagos,Online Order,1,269479.61,182813.42,269479.61,182813.42,86666.19,32.2
102978,2026-07-24,Turkey,Poultry,Ibadan Metro,Direct Farm Sale,10,4202.85,3198.95,42028.5,31989.5,10039.0,23.9
102979,2026-07-24,Layer Eggs (Crate),Poultry,Ibadan Metro,Direct Farm Sale,1,2572.72,1673.1,2572.72,1673.1,899.62,35.0
102980,2026-07-24,Feed - Layer Mash (bag),Feed,Oyo,Direct Farm Sale,4,12822.16,8166.94,51288.64,32667.76,18620.88,36.3
102981,2026-07-24,Turkey,Poultry,Ibadan Metro,Distributor,6,3936.04,2524.75,23616.24,15148.5,8467.74,35.9
102982,2026-07-24,Feed - Broiler Starter (bag),Feed,Ibadan Metro,Online Order,7,13754.83,10089.96,96283.81,70629.72,25654.09,26.6
102983,2026-07-24,Turkey,Poultry,Ogun,Direct Farm Sale,11,4336.71,3059.78,47703.81,33657.58,14046.23,29.4
102984,2026-07-24,Broiler Chicken,Poultry,Oyo,Distributor,1,3149.64,2400.02,3149.64,2400.02,749.62,23.8
102985,2026-07-24,Feed - Broiler Starter (bag),Feed,Ogun,Direct Farm Sale,8,15298.3,11722.16,122386.4,93777.28,28609.12,23.4
102986,2026-07-24,"Ram (Live, per head)",Livestock,Ogun,Retail Market,1,83246.24,53012.35,83246.24,53012.35,30233.89,36.3
102987,2026-07-25,"Cattle (Live, per head)",Livestock,Ogun,Retail Market,1,271966.63,171726.53,271966.63,171726.53,100240.1,36.9
102988,2026-07-25,Layer Eggs (Crate),Poultry,Ogun,Distributor,4,2733.43,1760.27,10933.72,7041.08,3892.64,35.6
102989,2026-07-25,Layer Eggs (Crate),Poultry,Lagos,Online Order,6,2751.79,1906.42,16510.74,11438.52,5072.22,30.7
102990,2026-07-25,Feed - Layer Mash (bag),Feed,Ogun,Distributor,6,12123.46,7714.64,72740.76,46287.84,26452.92,36.4
102991,2026-07-25,Turkey,Poultry,Ogun,Retail Market,4,3968.66,2660.57,15874.64,10642.28,5232.36,33.0
102992,2026-07-25,Broiler Chicken,Poultry,Oyo,Online Order,17,3063.86,1916.31,52085.62,32577.27,19508.35,37.5
102993,2026-07-25,Layer Eggs (Crate),Poultry,Ogun,Distributor,7,2576.29,1739.65,18034.03,12177.55,5856.48,32.5
102994,2026-07-25,Feed - Layer Mash (bag),Feed,Ogun,Distributor,4,11652.85,7581.99,46611.4,30327.96,16283.44,34.9
102995,2026-07-25,Feed - Layer Mash (bag),Feed,Ibadan Metro,Direct Farm Sale,13,12492.3,9555.48,162399.9,124221.24,38178.66,23.5
102996,2026-07-25,Layer Eggs (Crate),Poultry,Lagos,Retail Market,9,2488.79,1918.88,22399.11,17269.92,5129.19,22.9
102997,2026-07-25,"Ram (Live, per head)",Livestock,Ibadan Metro,Direct Farm Sale,1,83452.92,63676.03,83452.92,63676.03,19776.89,23.7
102998,2026-07-26,Broiler Chicken,Poultry,Lagos,Retail Market,1,3067.37,2185.67,3067.37,2185.67,881.7,28.7
102999,2026-07-26,Broiler Chicken,Poultry,Ibadan Metro,Distributor,2,3130.09,1950.67,6260.18,3901.34,2358.84,37.7
103000,2026-07-26,"Ram (Live, per head)",Livestock,Ogun,Direct Farm Sale,1,89368.59,62078.24,89368.59,62078.24,27290.35,30.5
103001,2026-07-26,Layer Eggs (Crate),Poultry,Ibadan Metro,Distributor,3,2773.5,1821.11,8320.5,5463.33,2857.17,34.3
103002,2026-07-26,Feed - Layer Mash (bag),Feed,Ogun,Distributor,2,12452.75,8988.76,24905.5,17977.52,6927.98,27.8
103003,2026-07-26,"Cattle (Live, per head)",Livestock,Lagos,Retail Market,1,265731.51,165265.87,265731.51,165265.87,100465.64,37.8
103004,2026-07-26,Feed - Layer Mash (bag),Feed,Lagos,Direct Farm Sale,1,11567.63,7626.14,11567.63,7626.14,3941.49,34.1
103005,2026-07-26,"Cattle (Live, per head)",Livestock,Ibadan Metro,Direct Farm Sale,1,265745.94,198657.98,265745.94,198657.98,67087.96,25.2
103006,2026-07-26,Feed - Broiler Starter (bag),Feed,Lagos,Online Order,3,15159.85,10529.26,45479.55,31587.78,13891.77,30.5
103007,2026-07-26,"Cattle (Live, per head)",Livestock,Lagos,Distributor,1,249576.23,155990.57,249576.23,155990.57,93585.66,37.5
103008,2026-07-26,Turkey,Poultry,Ibadan Metro,Direct Farm Sale,4,3963.96,2760.96,15855.84,11043.84,4812.0,30.3
103009,2026-07-27,Turkey,Poultry,Ogun,Distributor,8,4047.94,2518.36,32383.52,20146.88,12236.64,37.8
103010,2026-07-27,Feed - Broiler Starter (bag),Feed,Lagos,Direct Farm Sale,2,15034.39,9999.16,30068.78,19998.32,10070.46,33.5
103011,2026-07-27,Feed - Layer Mash (bag),Feed,Lagos,Retail Market,2,12304.49,8172.52,24608.98,16345.04,8263.94,33.6
103012,2026-07-27,Layer Eggs (Crate),Poultry,Oyo,Direct Farm Sale,10,2764.79,1720.25,27647.9,17202.5,10445.4,37.8
103013,2026-07-27,Broiler Chicken,Poultry,Lagos,Direct Farm Sale,11,3105.33,1982.45,34158.63,21806.95,12351.68,36.2
103014,2026-07-27,Layer Eggs (Crate),Poultry,Oyo,Direct Farm Sale,4,2639.7,1891.51,10558.8,7566.04,2992.76,28.3
103015,2026-07-28,Layer Eggs (Crate),Poultry,Ogun,Direct Farm Sale,11,2495.14,1743.27,27446.54,19175.97,8270.57,30.1
103016,2026-07-28,Broiler Chicken,Poultry,Ibadan Metro,Distributor,2,3175.34,2337.34,6350.68,4674.68,1676.0,26.4
103017,2026-07-28,Goat Meat (kg),Livestock,Ibadan Metro,Distributor,1,3723.7,2726.91,3723.7,2726.91,996.79,26.8
103018,2026-07-28,Goat Meat (kg),Livestock,Oyo,Direct Farm Sale,1,3452.92,2310.08,3452.92,2310.08,1142.84,33.1
103019,2026-07-28,Feed - Layer Mash (bag),Feed,Ogun,Distributor,5,12897.68,9589.73,64488.4,47948.65,16539.75,25.6
103020,2026-07-28,Feed - Layer Mash (bag),Feed,Lagos,Distributor,12,12913.04,9571.25,154956.48,114855.0,40101.48,25.9
103021,2026-07-28,Feed - Broiler Starter (bag),Feed,Lagos,Retail Market,6,13767.65,9437.99,82605.9,56627.94,25977.96,31.4
103022,2026-07-28,"Cattle (Live, per head)",Livestock,Lagos,Direct Farm Sale,1,268148.09,197218.43,268148.09,197218.43,70929.66,26.5
103023,2026-07-28,Goat Meat (kg),Livestock,Ibadan Metro,Direct Farm Sale,1,3559.65,2357.0,3559.65,2357.0,1202.65,33.8
103024,2026-07-28,"Cattle (Live, per head)",Livestock,Oyo,Distributor,1,248433.17,181160.71,248433.17,181160.71,67272.46,27.1
103025,2026-07-28,Turkey,Poultry,Ibadan Metro,Distributor,1,4369.16,2728.78,4369.16,2728.78,1640.38,37.5
103026,2026-07-28,Feed - Layer Mash (bag),Feed,Ibadan Metro,Distributor,19,11710.11,8473.47,222492.09,160995.93,61496.16,27.6
103027,2026-07-28,Layer Eggs (Crate),Poultry,Lagos,Direct Farm Sale,6,2603.27,1836.43,15619.62,11018.58,4601.04,29.5
103028,2026-07-28,Layer Eggs (Crate),Poultry,Lagos,Distributor,6,2577.94,1602.97,15467.64,9617.82,5849.82,37.8
103029,2026-07-29,"Cattle (Live, per head)",Livestock,Ogun,Distributor,1,249961.73,194610.23,249961.73,194610.23,55351.5,22.1
103030,2026-07-29,Broiler Chicken,Poultry,Lagos,Distributor,7,2947.7,2157.22,20633.9,15100.54,5533.36,26.8
103031,2026-07-29,Goat Meat (kg),Livestock,Oyo,Distributor,1,3375.14,2470.78,3375.14,2470.78,904.36,26.8
103032,2026-07-29,Layer Eggs (Crate),Poultry,Lagos,Distributor,4,2665.52,1663.75,10662.08,6655.0,4007.08,37.6
103033,2026-07-29,"Cattle (Live, per head)",Livestock,Ibadan Metro,Direct Farm Sale,1,253649.2,189723.88,253649.2,189723.88,63925.32,25.2
103034,2026-07-29,Turkey,Poultry,Oyo,Distributor,3,4333.26,2960.49,12999.78,8881.47,4118.31,31.7
103035,2026-07-29,Turkey,Poultry,Lagos,Direct Farm Sale,8,4022.11,2710.08,32176.88,21680.64,10496.24,32.6
103036,2026-07-29,"Cattle (Live, per head)",Livestock,Oyo,Direct Farm Sale,1,255779.69,175540.5,255779.69,175540.5,80239.19,31.4
103037,2026-07-30,"Ram (Live, per head)",Livestock,Oyo,Direct Farm Sale,1,91965.57,70448.78,91965.57,70448.78,21516.79,23.4
103038,2026-07-30,Turkey,Poultry,Ogun,Distributor,2,4341.81,2931.52,8683.62,5863.04,2820.58,32.5
103039,2026-07-30,Goat Meat (kg),Livestock,Lagos,Online Order,1,3586.24,2488.34,3586.24,2488.34,1097.9,30.6
103040,2026-07-30,"Cattle (Live, per head)",Livestock,Ogun,Online Order,1,274964.34,193003.01,274964.34,193003.01,81961.33,29.8
103041,2026-07-30,"Cattle (Live, per head)",Livestock,Ibadan Metro,Distributor,1,251029.62,165608.96,251029.62,165608.96,85420.66,34.0
103042,2026-07-30,"Cattle (Live, per head)",Livestock,Ogun,Retail Market,1,267695.31,166927.21,267695.31,166927.21,100768.1,37.6
103043,2026-07-30,"Ram (Live, per head)",Livestock,Lagos,Direct Farm Sale,1,92032.7,61952.13,92032.7,61952.13,30080.57,32.7
103044,2026-07-30,Goat Meat (kg),Livestock,Ogun,Direct Farm Sale,1,3612.0,2718.82,3612.0,2718.82,893.18,24.7
103045,2026-07-30,Feed - Broiler Starter (bag),Feed,Lagos,Distributor,8,14146.24,9331.48,113169.92,74651.84,38518.08,34.0
103046,2026-07-31,Layer Eggs (Crate),Poultry,Lagos,Direct Farm Sale,1,2706.24,1969.91,2706.24,1969.91,736.33,27.2
103047,2026-07-31,Goat Meat (kg),Livestock,Lagos,Direct Farm Sale,1,3510.62,2661.11,3510.62,2661.11,849.51,24.2
103048,2026-07-31,Turkey,Poultry,Ogun,Distributor,3,4334.08,3135.28,13002.24,9405.84,3596.4,27.7
103049,2026-07-31,Goat Meat (kg),Livestock,Ibadan Metro,Direct Farm Sale,1,3672.98,2618.68,3672.98,2618.68,1054.3,28.7
103050,2026-07-31,Turkey,Poultry,Ogun,Distributor,1,3956.18,2979.2,3956.18,2979.2,976.98,24.7
103051,2026-07-31,Turkey,Poultry,Ogun,Online Order,5,4276.18,2861.25,21380.9,14306.25,7074.65,33.1
103052,2026-07-31,Feed - Broiler Starter (bag),Feed,Oyo,Distributor,3,14086.97,10926.12,42260.91,32778.36,9482.55,22.4
103053,2026-07-31,Turkey,Poultry,Ibadan Metro,Retail Market,6,4100.27,2701.63,24601.62,16209.78,8391.84,34.1
103054,2026-08-01,"Cattle (Live, per head)",Livestock,Ogun,Distributor,1,271831.45,202397.24,271831.45,202397.24,69434.21,25.5
103055,2026-08-01,Feed - Broiler Starter (bag),Feed,Lagos,Retail Market,10,15926.69,12213.08,159266.9,122130.8,37136.1,23.3
103056,2026-08-01,Turkey,Poultry,Ogun,Retail Market,6,4386.21,3053.14,26317.26,18318.84,7998.42,30.4
103057,2026-08-01,Broiler Chicken,Poultry,Ogun,Retail Market,2,3136.79,2142.58,6273.58,4285.16,1988.42,31.7
103058,2026-08-01,Layer Eggs (Crate),Poultry,Oyo,Direct Farm Sale,1,2908.31,1818.18,2908.31,1818.18,1090.13,37.5
103059,2026-08-01,Turkey,Poultry,Lagos,Distributor,7,4772.34,3147.5,33406.38,22032.5,11373.88,34.0
103060,2026-08-01,Broiler Chicken,Poultry,Lagos,Distributor,3,3217.7,2007.76,9653.1,6023.28,3629.82,37.6
103061,2026-08-01,Broiler Chicken,Poultry,Ibadan Metro,Online Order,1,3058.76,2177.08,3058.76,2177.08,881.68,28.8
103062,2026-08-01,Goat Meat (kg),Livestock,Ogun,Direct Farm Sale,1,3653.15,2684.47,3653.15,2684.47,968.68,26.5
103063,2026-08-02,"Ram (Live, per head)",Livestock,Lagos,Distributor,1,93545.25,60970.39,93545.25,60970.39,32574.86,34.8
103064,2026-08-02,"Cattle (Live, per head)",Livestock,Oyo,Direct Farm Sale,1,296288.01,196133.74,296288.01,196133.74,100154.27,33.8
103065,2026-08-02,Feed - Broiler Starter (bag),Feed,Lagos,Retail Market,11,15359.87,9757.01,168958.57,107327.11,61631.46,36.5
103066,2026-08-02,Broiler Chicken,Poultry,Ogun,Distributor,2,3098.5,1982.17,6197.0,3964.34,2232.66,36.0
103067,2026-08-02,"Cattle (Live, per head)",Livestock,Lagos,Online Order,1,271354.44,201511.96,271354.44,201511.96,69842.48,25.7
103068,2026-08-02,Layer Eggs (Crate),Poultry,Ogun,Direct Farm Sale,10,2951.15,2015.98,29511.5,20159.8,9351.7,31.7
103069,2026-08-02,Feed - Layer Mash (bag),Feed,Ogun,Distributor,6,13791.32,9336.55,82747.92,56019.3,26728.62,32.3
103070,2026-08-02,"Cattle (Live, per head)",Livestock,Lagos,Distributor,1,295755.16,217732.71,295755.16,217732.71,78022.45,26.4
103071,2026-08-02,Turkey,Poultry,Ogun,Retail Market,6,4470.84,3135.0,26825.04,18810.0,8015.04,29.9
103072,2026-08-02,Feed - Broiler Starter (bag),Feed,Oyo,Distributor,6,15871.25,10493.98,95227.5,62963.88,32263.62,33.9
103073,2026-08-02,Feed - Broiler Starter (bag),Feed,Ibadan Metro,Direct Farm Sale,2,16631.84,11012.01,33263.68,22024.02,11239.66,33.8
103074,2026-08-02,Feed - Layer Mash (bag),Feed,Lagos,Distributor,8,12906.15,8981.49,103249.2,71851.92,31397.28,30.4
103075,2026-08-03,Turkey,Poultry,Lagos,Distributor,9,4858.75,3067.97,43728.75,27611.73,16117.02,36.9
103076,2026-08-03,"Ram (Live, per head)",Livestock,Lagos,Distributor,1,91895.72,57233.43,91895.72,57233.43,34662.29,37.7
103077,2026-08-03,Goat Meat (kg),Livestock,Lagos,Retail Market,1,3701.51,2777.83,3701.51,2777.83,923.68,25.0
103078,2026-08-03,Goat Meat (kg),Livestock,Lagos,Distributor,1,3883.68,2815.05,3883.68,2815.05,1068.63,27.5
103079,2026-08-04,"Cattle (Live, per head)",Livestock,Ibadan Metro,Direct Farm Sale,1,291861.69,194707.34,291861.69,194707.34,97154.35,33.3
103080,2026-08-04,Feed - Broiler Starter (bag),Feed,Lagos,Distributor,8,14756.72,10275.41,118053.76,82203.28,35850.48,30.4
103081,2026-08-04,Feed - Layer Mash (bag),Feed,Lagos,Retail Market,1,13966.37,10165.85,13966.37,10165.85,3800.52,27.2
103082,2026-08-04,"Cattle (Live, per head)",Livestock,Ogun,Online Order,1,296751.76,218709.57,296751.76,218709.57,78042.19,26.3
103083,2026-08-04,"Ram (Live, per head)",Livestock,Ogun,Distributor,1,98154.43,76042.91,98154.43,76042.91,22111.52,22.5
103084,2026-08-04,Broiler Chicken,Poultry,Lagos,Retail Market,10,3443.58,2464.11,34435.8,24641.1,9794.7,28.4
103085,2026-08-04,Feed - Broiler Starter (bag),Feed,Lagos,Online Order,2,15965.91,11422.45,31931.82,22844.9,9086.92,28.5
103086,2026-08-04,Turkey,Poultry,Lagos,Retail Market,1,4402.99,3264.16,4402.99,3264.16,1138.83,25.9
103087,2026-08-04,Feed - Broiler Starter (bag),Feed,Oyo,Direct Farm Sale,10,16236.72,10998.99,162367.2,109989.9,52377.3,32.3
103088,2026-08-04,Broiler Chicken,Poultry,Oyo,Direct Farm Sale,2,3431.95,2499.35,6863.9,4998.7,1865.2,27.2
103089,2026-08-04,"Ram (Live, per head)",Livestock,Oyo,Distributor,1,98992.06,64820.07,98992.06,64820.07,34171.99,34.5
103090,2026-08-04,Feed - Broiler Starter (bag),Feed,Ogun,Distributor,13,16146.25,12128.32,209901.25,157668.16,52233.09,24.9
103091,2026-08-04,Goat Meat (kg),Livestock,Ogun,Direct Farm Sale,1,3862.12,2498.3,3862.12,2498.3,1363.82,35.3
103092,2026-08-04,Broiler Chicken,Poultry,Ibadan Metro,Retail Market,4,3426.75,2530.64,13707.0,10122.56,3584.44,26.2
103093,2026-08-05,Broiler Chicken,Poultry,Ibadan Metro,Retail Market,4,3341.54,2286.42,13366.16,9145.68,4220.48,31.6
103094,2026-08-05,Broiler Chicken,Poultry,Oyo,Direct Farm Sale,1,3126.01,2081.23,3126.01,2081.23,1044.78,33.4
103095,2026-08-05,Goat Meat (kg),Livestock,Oyo,Online Order,1,3614.34,2657.81,3614.34,2657.81,956.53,26.5
103096,2026-08-05,"Cattle (Live, per head)",Livestock,Lagos,Retail Market,1,280559.13,196653.58,280559.13,196653.58,83905.55,29.9
103097,2026-08-05,"Cattle (Live, per head)",Livestock,Oyo,Direct Farm Sale,1,281856.13,218737.53,281856.13,218737.53,63118.6,22.4
103098,2026-08-05,Turkey,Poultry,Ibadan Metro,Distributor,5,4468.87,3240.86,22344.35,16204.3,6140.05,27.5
103099,2026-08-05,Feed - Layer Mash (bag),Feed,Oyo,Distributor,7,13296.8,10163.29,93077.6,71143.03,21934.57,23.6
103100,2026-08-05,Feed - Broiler Starter (bag),Feed,Lagos,Online Order,3,15250.16,9573.03,45750.48,28719.09,17031.39,37.2
103101,2026-08-05,"Ram (Live, per head)",Livestock,Ogun,Distributor,1,97999.49,63582.42,97999.49,63582.42,34417.07,35.1
103102,2026-08-05,Broiler Chicken,Poultry,Oyo,Retail Market,1,3191.78,2466.75,3191.78,2466.75,725.03,22.7
103103,2026-08-05,Layer Eggs (Crate),Poultry,Oyo,Direct Farm Sale,5,2911.73,1896.69,14558.65,9483.45,5075.2,34.9
103104,2026-08-06,Broiler Chicken,Poultry,Lagos,Distributor,16,3454.57,2664.37,55273.12,42629.92,12643.2,22.9
103105,2026-08-06,Turkey,Poultry,Lagos,Online Order,10,4747.14,3029.56,47471.4,30295.6,17175.8,36.2
103106,2026-08-06,Goat Meat (kg),Livestock,Lagos,Retail Market,1,4056.45,2864.83,4056.45,2864.83,1191.62,29.4
103107,2026-08-06,"Ram (Live, per head)",Livestock,Oyo,Distributor,1,97936.99,64716.79,97936.99,64716.79,33220.2,33.9
103108,2026-08-06,"Cattle (Live, per head)",Livestock,Ogun,Distributor,1,298279.88,192621.24,298279.88,192621.24,105658.64,35.4
103109,2026-08-06,Feed - Broiler Starter (bag),Feed,Oyo,Retail Market,5,16364.13,11063.18,81820.65,55315.9,26504.75,32.4
103110,2026-08-06,Goat Meat (kg),Livestock,Lagos,Direct Farm Sale,1,3625.59,2600.51,3625.59,2600.51,1025.08,28.3
103111,2026-08-06,Turkey,Poultry,Ogun,Retail Market,3,4661.87,3522.31,13985.61,10566.93,3418.68,24.4
103112,2026-08-06,Goat Meat (kg),Livestock,Lagos,Direct Farm Sale,1,3768.94,2652.27,3768.94,2652.27,1116.67,29.6
103113,2026-08-07,"Cattle (Live, per head)",Livestock,Oyo,Retail Market,1,294816.91,219670.87,294816.91,219670.87,75146.04,25.5
103114,2026-08-07,Feed - Broiler Starter (bag),Feed,Ogun,Retail Market,4,15791.87,9904.61,63167.48,39618.44,23549.04,37.3
103115,2026-08-07,Feed - Layer Mash (bag),Feed,Lagos,Retail Market,14,12850.3,8012.22,179904.2,112171.08,67733.12,37.6
103116,2026-08-07,Feed - Layer Mash (bag),Feed,Ogun,Distributor,1,13434.17,10458.27,13434.17,10458.27,2975.9,22.2
103117,2026-08-07,"Ram (Live, per head)",Livestock,Ogun,Distributor,1,95296.31,63035.74,95296.31,63035.74,32260.57,33.9
103118,2026-08-07,Feed - Layer Mash (bag),Feed,Oyo,Distributor,4,13710.53,10234.35,54842.12,40937.4,13904.72,25.4
103119,2026-08-07,Feed - Broiler Starter (bag),Feed,Ibadan Metro,Retail Market,2,14776.8,10337.61,29553.6,20675.22,8878.38,30.0
103120,2026-08-07,Turkey,Poultry,Lagos,Distributor,11,4380.6,3382.9,48186.6,37211.9,10974.7,22.8
103121,2026-08-07,Feed - Layer Mash (bag),Feed,Ogun,Distributor,10,13848.58,8886.83,138485.8,88868.3,49617.5,35.8
103122,2026-08-07,Goat Meat (kg),Livestock,Lagos,Direct Farm Sale,1,3653.16,2584.91,3653.16,2584.91,1068.25,29.2
103123,2026-08-07,"Cattle (Live, per head)",Livestock,Ogun,Direct Farm Sale,1,282282.63,217941.48,282282.63,217941.48,64341.15,22.8
103124,2026-08-07,Feed - Layer Mash (bag),Feed,Lagos,Direct Farm Sale,10,12975.07,9742.4,129750.7,97424.0,32326.7,24.9
103125,2026-08-07,Turkey,Poultry,Lagos,Direct Farm Sale,3,4348.71,3282.23,13046.13,9846.69,3199.44,24.5
103126,2026-08-08,Broiler Chicken,Poultry,Ibadan Metro,Direct Farm Sale,10,3243.68,2057.42,32436.8,20574.2,11862.6,36.6
103127,2026-08-08,"Cattle (Live, per head)",Livestock,Ogun,Distributor,1,278595.51,182449.27,278595.51,182449.27,96146.24,34.5
103128,2026-08-08,Broiler Chicken,Poultry,Lagos,Retail Market,8,3427.63,2426.97,27421.04,19415.76,8005.28,29.2
103129,2026-08-08,"Ram (Live, per head)",Livestock,Ibadan Metro,Distributor,1,90998.93,62505.26,90998.93,62505.26,28493.67,31.3
103130,2026-08-08,Broiler Chicken,Poultry,Ibadan Metro,Distributor,10,3071.28,2114.81,30712.8,21148.1,9564.7,31.1
103131,2026-08-08,Feed - Broiler Starter (bag),Feed,Ogun,Retail Market,10,16517.56,11914.07,165175.6,119140.7,46034.9,27.9
103132,2026-08-08,Broiler Chicken,Poultry,Ibadan Metro,Retail Market,7,3450.82,2494.18,24155.74,17459.26,6696.48,27.7
103133,2026-08-08,"Ram (Live, per head)",Livestock,Ogun,Distributor,1,93536.29,64588.67,93536.29,64588.67,28947.62,30.9
103134,2026-08-08,Turkey,Poultry,Lagos,Distributor,1,4628.23,3085.72,4628.23,3085.72,1542.51,33.3
103135,2026-08-08,Goat Meat (kg),Livestock,Oyo,Distributor,1,3759.22,2680.8,3759.22,2680.8,1078.42,28.7
103136,2026-08-08,Turkey,Poultry,Oyo,Distributor,1,4543.01,3315.62,4543.01,3315.62,1227.39,27.0
103137,2026-08-09,Feed - Broiler Starter (bag),Feed,Ogun,Online Order,2,15739.65,10595.31,31479.3,21190.62,10288.68,32.7
103138,2026-08-09,Turkey,Poultry,Ogun,Direct Farm Sale,10,4531.29,3505.45,45312.9,35054.5,10258.4,22.6
103139,2026-08-09,Broiler Chicken,Poultry,Ibadan Metro,Direct Farm Sale,1,3279.11,2400.73,3279.11,2400.73,878.38,26.8
103140,2026-08-09,Turkey,Poultry,Lagos,Distributor,12,4307.35,3078.34,51688.2,36940.08,14748.12,28.5
103141,2026-08-09,"Cattle (Live, per head)",Livestock,Ogun,Distributor,1,302228.2,233392.91,302228.2,233392.91,68835.29,22.8
103142,2026-08-09,"Cattle (Live, per head)",Livestock,Lagos,Distributor,1,287298.45,211460.87,287298.45,211460.87,75837.58,26.4
103143,2026-08-09,"Ram (Live, per head)",Livestock,Ibadan Metro,Online Order,1,91811.85,68252.73,91811.85,68252.73,23559.12,25.7
103144,2026-08-09,Layer Eggs (Crate),Poultry,Lagos,Direct Farm Sale,5,2687.68,2011.03,13438.4,10055.15,3383.25,25.2
103145,2026-08-10,Goat Meat (kg),Livestock,Lagos,Online Order,1,3835.57,2821.25,3835.57,2821.25,1014.32,26.4
103146,2026-08-10,Goat Meat (kg),Livestock,Ibadan Metro,Direct Farm Sale,1,3760.14,2848.89,3760.14,2848.89,911.25,24.2
103147,2026-08-10,Feed - Broiler Starter (bag),Feed,Ibadan Metro,Retail Market,4,16460.55,11842.81,65842.2,47371.24,18470.96,28.1
103148,2026-08-10,Layer Eggs (Crate),Poultry,Ibadan Metro,Distributor,3,2778.52,1831.03,8335.56,5493.09,2842.47,34.1
103149,2026-08-10,Turkey,Poultry,Lagos,Retail Market,4,4859.29,3207.63,19437.16,12830.52,6606.64,34.0
103150,2026-08-10,"Ram (Live, per head)",Livestock,Lagos,Retail Market,1,97620.83,69763.91,97620.83,69763.91,27856.92,28.5
103151,2026-08-10,"Cattle (Live, per head)",Livestock,Ibadan Metro,Retail Market,1,274556.22,194772.16,274556.22,194772.16,79784.06,29.1
103152,2026-08-10,Feed - Layer Mash (bag),Feed,Lagos,Retail Market,1,13184.03,8307.05,13184.03,8307.05,4876.98,37.0
103153,2026-08-10,Feed - Layer Mash (bag),Feed,Ogun,Distributor,8,12866.19,8901.44,102929.52,71211.52,31718.0,30.8
103154,2026-08-10,Turkey,Poultry,Ibadan Metro,Retail Market,13,4838.11,3628.5,62895.43,47170.5,15724.93,25.0
103155,2026-08-10,Layer Eggs (Crate),Poultry,Oyo,Distributor,1,2818.82,1947.05,2818.82,1947.05,871.77,30.9
103156,2026-08-11,Layer Eggs (Crate),Poultry,Ibadan Metro,Distributor,5,2717.93,2046.12,13589.65,10230.6,3359.05,24.7
103157,2026-08-11,Turkey,Poultry,Ogun,Retail Market,5,4636.1,3355.16,23180.5,16775.8,6404.7,27.6
103158,2026-08-11,"Cattle (Live, per head)",Livestock,Ibadan Metro,Direct Farm Sale,1,302304.72,206397.06,302304.72,206397.06,95907.66,31.7
103159,2026-08-11,Goat Meat (kg),Livestock,Lagos,Direct Farm Sale,1,3641.53,2819.37,3641.53,2819.37,822.16,22.6
103160,2026-08-11,Layer Eggs (Crate),Poultry,Lagos,Distributor,2,2733.49,2103.96,5466.98,4207.92,1259.06,23.0
103161,2026-08-11,"Cattle (Live, per head)",Livestock,Ogun,Online Order,1,286677.03,201647.77,286677.03,201647.77,85029.26,29.7
103162,2026-08-11,"Ram (Live, per head)",Livestock,Ogun,Direct Farm Sale,1,90914.12,67701.59,90914.12,67701.59,23212.53,25.5
103163,2026-08-11,Goat Meat (kg),Livestock,Ogun,Direct Farm Sale,1,4069.41,2737.03,4069.41,2737.03,1332.38,32.7
103164,2026-08-12,Turkey,Poultry,Lagos,Direct Farm Sale,2,4640.66,3093.17,9281.32,6186.34,3094.98,33.3
103165,2026-08-12,Broiler Chicken,Poultry,Ogun,Direct Farm Sale,6,3357.18,2111.75,20143.08,12670.5,7472.58,37.1
103166,2026-08-12,"Cattle (Live, per head)",Livestock,Lagos,Direct Farm Sale,1,287040.66,201975.86,287040.66,201975.86,85064.8,29.6
103167,2026-08-12,"Cattle (Live, per head)",Livestock,Lagos,Retail Market,1,277744.91,191311.74,277744.91,191311.74,86433.17,31.1
103168,2026-08-12,Goat Meat (kg),Livestock,Ibadan Metro,Direct Farm Sale,1,3975.51,2926.93,3975.51,2926.93,1048.58,26.4
103169,2026-08-12,Layer Eggs (Crate),Poultry,Ogun,Direct Farm Sale,2,2957.76,1840.35,5915.52,3680.7,2234.82,37.8
103170,2026-08-12,Goat Meat (kg),Livestock,Lagos,Distributor,1,3668.0,2518.83,3668.0,2518.83,1149.17,31.3
103171,2026-08-12,Turkey,Poultry,Lagos,Retail Market,1,4372.22,2828.22,4372.22,2828.22,1544.0,35.3
103172,2026-08-12,Broiler Chicken,Poultry,Ibadan Metro,Retail Market,6,3423.72,2511.14,20542.32,15066.84,5475.48,26.7
103173,2026-08-12,"Ram (Live, per head)",Livestock,Ibadan Metro,Retail Market,1,96228.08,69475.57,96228.08,69475.57,26752.51,27.8
103174,2026-08-12,"Cattle (Live, per head)",Livestock,Lagos,Online Order,1,267577.53,192207.09,267577.53,192207.09,75370.44,28.2
103175,2026-08-12,Broiler Chicken,Poultry,Ogun,Direct Farm Sale,3,3060.78,2039.04,9182.34,6117.12,3065.22,33.4
103176,2026-08-13,"Cattle (Live, per head)",Livestock,Ogun,Direct Farm Sale,1,302294.94,220352.07,302294.94,220352.07,81942.87,27.1
103177,2026-08-13,Feed - Layer Mash (bag),Feed,Oyo,Retail Market,1,13514.23,10137.3,13514.23,10137.3,3376.93,25.0
103178,2026-08-13,Goat Meat (kg),Livestock,Oyo,Retail Market,1,3801.29,2426.54,3801.29,2426.54,1374.75,36.2
103179,2026-08-13,Goat Meat (kg),Livestock,Lagos,Online Order,1,3949.65,2914.66,3949.65,2914.66,1034.99,26.2
103180,2026-08-13,Turkey,Poultry,Oyo,Retail Market,3,4770.45,3172.38,14311.35,9517.14,4794.21,33.5
103181,2026-08-13,Turkey,Poultry,Lagos,Distributor,5,4744.94,3241.1,23724.7,16205.5,7519.2,31.7
103182,2026-08-13,Feed - Layer Mash (bag),Feed,Ogun,Distributor,2,12750.62,8954.1,25501.24,17908.2,7593.04,29.8
103183,2026-08-13,Feed - Broiler Starter (bag),Feed,Lagos,Distributor,12,15392.42,9716.91,184709.04,116602.92,68106.12,36.9
103184,2026-08-13,Broiler Chicken,Poultry,Lagos,Distributor,4,3275.06,2352.87,13100.24,9411.48,3688.76,28.2
103185,2026-08-13,Goat Meat (kg),Livestock,Oyo,Retail Market,1,3617.22,2433.09,3617.22,2433.09,1184.13,32.7
103186,2026-08-13,"Cattle (Live, per head)",Livestock,Lagos,Retail Market,1,301674.27,232947.42,301674.27,232947.42,68726.85,22.8
103187,2026-08-13,Goat Meat (kg),Livestock,Ogun,Retail Market,1,3630.3,2477.0,3630.3,2477.0,1153.3,31.8
103188,2026-08-13,"Cattle (Live, per head)",Livestock,Lagos,Distributor,1,289884.79,191826.53,289884.79,191826.53,98058.26,33.8
103189,2026-08-13,"Ram (Live, per head)",Livestock,Lagos,Online Order,1,92369.41,59612.22,92369.41,59612.22,32757.19,35.5
103190,2026-08-13,"Cattle (Live, per head)",Livestock,Lagos,Online Order,1,298589.91,228541.04,298589.91,228541.04,70048.87,23.5
103191,2026-08-14,Feed - Broiler Starter (bag),Feed,Ogun,Direct Farm Sale,4,15197.11,9776.7,60788.44,39106.8,21681.64,35.7
103192,2026-08-14,Turkey,Poultry,Oyo,Direct Farm Sale,6,4787.2,3656.65,28723.2,21939.9,6783.3,23.6
103193,2026-08-14,Feed - Broiler Starter (bag),Feed,Ibadan Metro,Direct Farm Sale,4,15947.02,11778.47,63788.08,47113.88,16674.2,26.1
103194,2026-08-14,"Ram (Live, per head)",Livestock,Lagos,Distributor,1,96277.57,62208.62,96277.57,62208.62,34068.95,35.4
103195,2026-08-14,"Ram (Live, per head)",Livestock,Lagos,Direct Farm Sale,1,91025.22,58570.93,91025.22,58570.93,32454.29,35.7
103196,2026-08-14,"Cattle (Live, per head)",Livestock,Ogun,Direct Farm Sale,1,267702.06,189023.6,267702.06,189023.6,78678.46,29.4
103197,2026-08-14,Turkey,Poultry,Lagos,Direct Farm Sale,8,4705.68,3427.56,37645.44,27420.48,10224.96,27.2
103198,2026-08-14,Layer Eggs (Crate),Poultry,Ogun,Retail Market,7,3021.66,2184.91,21151.62,15294.37,5857.25,27.7
103199,2026-08-14,Goat Meat (kg),Livestock,Lagos,Distributor,1,3715.97,2559.29,3715.97,2559.29,1156.68,31.1
103200,2026-08-14,Feed - Layer Mash (bag),Feed,Lagos,Direct Farm Sale,5,13585.72,9757.84,67928.6,48789.2,19139.4,28.2
103201,2026-08-14,"Ram (Live, per head)",Livestock,Oyo,Distributor,1,94175.21,63817.26,94175.21,63817.26,30357.95,32.2
103202,2026-08-14,"Ram (Live, per head)",Livestock,Lagos,Direct Farm Sale,1,101366.91,74609.67,101366.91,74609.67,26757.24,26.4
103203,2026-08-15,Feed - Broiler Starter (bag),Feed,Ibadan Metro,Retail Market,1,14907.1,9435.41,14907.1,9435.41,5471.69,36.7
103204,2026-08-15,Feed - Broiler Starter (bag),Feed,Ibadan Metro,Distributor,1,16363.41,11028.49,16363.41,11028.49,5334.92,32.6
103205,2026-08-15,"Ram (Live, per head)",Livestock,Lagos,Online Order,1,98445.18,65848.82,98445.18,65848.82,32596.36,33.1
103206,2026-08-15,Layer Eggs (Crate),Poultry,Ogun,Distributor,7,2956.99,1981.08,20698.93,13867.56,6831.37,33.0
103207,2026-08-15,Goat Meat (kg),Livestock,Oyo,Retail Market,1,3895.62,2453.61,3895.62,2453.61,1442.01,37.0
103208,2026-08-15,"Ram (Live, per head)",Livestock,Lagos,Retail Market,1,90704.92,65931.34,90704.92,65931.34,24773.58,27.3
103209,2026-08-15,Broiler Chicken,Poultry,Ogun,Retail Market,6,3181.45,2439.29,19088.7,14635.74,4452.96,23.3
103210,2026-08-15,Feed - Broiler Starter (bag),Feed,Lagos,Retail Market,3,16473.39,12785.07,49420.17,38355.21,11064.96,22.4
103211,2026-08-15,Goat Meat (kg),Livestock,Lagos,Retail Market,1,3692.57,2438.81,3692.57,2438.81,1253.76,34.0
103212,2026-08-15,"Ram (Live, per head)",Livestock,Ibadan Metro,Distributor,1,97913.83,71139.73,97913.83,71139.73,26774.1,27.3
103213,2026-08-15,Goat Meat (kg),Livestock,Ibadan Metro,Retail Market,1,3803.9,2437.75,3803.9,2437.75,1366.15,35.9
103214,2026-08-15,Layer Eggs (Crate),Poultry,Ibadan Metro,Retail Market,13,2980.05,2013.39,38740.65,26174.07,12566.58,32.4
103215,2026-08-15,Feed - Layer Mash (bag),Feed,Lagos,Distributor,7,13909.63,8776.41,97367.41,61434.87,35932.54,36.9
103216,2026-08-16,Turkey,Poultry,Ogun,Distributor,2,4469.92,3272.32,8939.84,6544.64,2395.2,26.8
103217,2026-08-16,"Cattle (Live, per head)",Livestock,Ogun,Distributor,1,283501.21,208462.54,283501.21,208462.54,75038.67,26.5
103218,2026-08-16,"Ram (Live, per head)",Livestock,Ibadan Metro,Retail Market,1,101265.3,78021.54,101265.3,78021.54,23243.76,23.0
103219,2026-08-16,"Cattle (Live, per head)",Livestock,Oyo,Distributor,1,270382.46,210613.5,270382.46,210613.5,59768.96,22.1
103220,2026-08-16,Layer Eggs (Crate),Poultry,Oyo,Distributor,7,2889.41,1993.26,20225.87,13952.82,6273.05,31.0
103221,2026-08-16,"Ram (Live, per head)",Livestock,Ogun,Online Order,1,99227.72,61709.75,99227.72,61709.75,37517.97,37.8
103222,2026-08-16,Broiler Chicken,Poultry,Ogun,Retail Market,8,3051.27,1932.48,24410.16,15459.84,8950.32,36.7
103223,2026-08-17,"Cattle (Live, per head)",Livestock,Oyo,Direct Farm Sale,1,282033.53,187240.94,282033.53,187240.94,94792.59,33.6
103224,2026-08-17,Feed - Layer Mash (bag),Feed,Lagos,Distributor,5,12917.09,9057.37,64585.45,45286.85,19298.6,29.9
103225,2026-08-17,Feed - Layer Mash (bag),Feed,Oyo,Direct Farm Sale,4,12923.29,8468.14,51693.16,33872.56,17820.6,34.5
103226,2026-08-17,Layer Eggs (Crate),Poultry,Ibadan Metro,Direct Farm Sale,6,2961.32,2309.13,17767.92,13854.78,3913.14,22.0
103227,2026-08-17,Layer Eggs (Crate),Poultry,Lagos,Direct Farm Sale,12,2939.47,2145.34,35273.64,25744.08,9529.56,27.0
103228,2026-08-17,Turkey,Poultry,Ogun,Direct Farm Sale,1,4825.23,3177.28,4825.23,3177.28,1647.95,34.2
103229,2026-08-17,Feed - Layer Mash (bag),Feed,Oyo,Direct Farm Sale,9,12855.25,8441.12,115697.25,75970.08,39727.17,34.3
103230,2026-08-17,Broiler Chicken,Poultry,Lagos,Retail Market,4,3350.32,2149.07,13401.28,8596.28,4805.0,35.9
103231,2026-08-17,"Cattle (Live, per head)",Livestock,Ibadan Metro,Direct Farm Sale,1,291208.57,194177.1,291208.57,194177.1,97031.47,33.3
103232,2026-08-17,"Cattle (Live, per head)",Livestock,Lagos,Retail Market,1,266728.19,206912.9,266728.19,206912.9,59815.29,22.4
103233,2026-08-17,Feed - Broiler Starter (bag),Feed,Ogun,Online Order,7,16650.2,12671.0,116551.4,88697.0,27854.4,23.9
103234,2026-08-18,Goat Meat (kg),Livestock,Ogun,Retail Market,1,3947.37,2984.16,3947.37,2984.16,963.21,24.4
103235,2026-08-18,Feed - Layer Mash (bag),Feed,Oyo,Direct Farm Sale,5,13805.33,10188.16,69026.65,50940.8,18085.85,26.2
103236,2026-08-18,Feed - Broiler Starter (bag),Feed,Ogun,Distributor,5,15440.66,10263.3,77203.3,51316.5,25886.8,33.5
103237,2026-08-18,Turkey,Poultry,Lagos,Distributor,1,4716.0,3184.58,4716.0,3184.58,1531.42,32.5
103238,2026-08-18,Layer Eggs (Crate),Poultry,Ogun,Direct Farm Sale,2,2832.17,2101.55,5664.34,4203.1,1461.24,25.8
103239,2026-08-18,Broiler Chicken,Poultry,Oyo,Direct Farm Sale,1,3058.58,2097.32,3058.58,2097.32,961.26,31.4
103240,2026-08-18,Feed - Broiler Starter (bag),Feed,Ibadan Metro,Direct Farm Sale,12,16207.41,12633.77,194488.92,151605.24,42883.68,22.0
103241,2026-08-19,Feed - Broiler Starter (bag),Feed,Lagos,Online Order,5,16528.29,12839.02,82641.45,64195.1,18446.35,22.3
103242,2026-08-19,Goat Meat (kg),Livestock,Lagos,Retail Market,1,4018.28,2713.96,4018.28,2713.96,1304.32,32.5
103243,2026-08-19,Layer Eggs (Crate),Poultry,Ogun,Direct Farm Sale,1,2852.7,2099.58,2852.7,2099.58,753.12,26.4
103244,2026-08-19,"Ram (Live, per head)",Livestock,Lagos,Retail Market,1,90590.47,64206.85,90590.47,64206.85,26383.62,29.1
103245,2026-08-19,Feed - Layer Mash (bag),Feed,Lagos,Retail Market,3,12657.62,8690.8,37972.86,26072.4,11900.46,31.3
103246,2026-08-19,Broiler Chicken,Poultry,Lagos,Distributor,12,3360.82,2576.52,40329.84,30918.24,9411.6,23.3
103247,2026-08-19,"Cattle (Live, per head)",Livestock,Ibadan Metro,Direct Farm Sale,1,284478.83,205674.25,284478.83,205674.25,78804.58,27.7
103248,2026-08-19,Broiler Chicken,Poultry,Ibadan Metro,Direct Farm Sale,12,3407.68,2571.82,40892.16,30861.84,10030.32,24.5
103249,2026-08-19,Layer Eggs (Crate),Poultry,Oyo,Retail Market,8,2761.02,1987.98,22088.16,15903.84,6184.32,28.0
103250,2026-08-19,Goat Meat (kg),Livestock,Ogun,Distributor,1,4063.36,2752.79,4063.36,2752.79,1310.57,32.3
103251,2026-08-20,"Ram (Live, per head)",Livestock,Ogun,Retail Market,1,95606.44,64235.66,95606.44,64235.66,31370.78,32.8
103252,2026-08-20,"Cattle (Live, per head)",Livestock,Ibadan Metro,Retail Market,1,292494.75,200724.5,292494.75,200724.5,91770.25,31.4
103253,2026-08-20,Goat Meat (kg),Livestock,Lagos,Direct Farm Sale,1,3941.13,2834.97,3941.13,2834.97,1106.16,28.1
103254,2026-08-20,Feed - Layer Mash (bag),Feed,Oyo,Direct Farm Sale,17,13468.65,9434.94,228967.05,160393.98,68573.07,29.9
103255,2026-08-20,"Cattle (Live, per head)",Livestock,Ogun,Direct Farm Sale,1,279064.87,179632.87,279064.87,179632.87,99432.0,35.6
103256,2026-08-20,Turkey,Poultry,Lagos,Distributor,5,4657.27,3238.53,23286.35,16192.65,7093.7,30.5
103257,2026-08-20,"Ram (Live, per head)",Livestock,Lagos,Distributor,1,97216.1,60534.95,97216.1,60534.95,36681.15,37.7
103258,2026-08-20,"Cattle (Live, per head)",Livestock,Ogun,Retail Market,1,271481.85,209219.35,271481.85,209219.35,62262.5,22.9
103259,2026-08-20,Broiler Chicken,Poultry,Lagos,Distributor,2,3159.33,2011.24,6318.66,4022.48,2296.18,36.3
103260,2026-08-21,Feed - Layer Mash (bag),Feed,Ibadan Metro,Distributor,5,14063.09,9302.96,70315.45,46514.8,23800.65,33.8
103261,2026-08-21,Feed - Layer Mash (bag),Feed,Ogun,Direct Farm Sale,1,12855.13,8681.23,12855.13,8681.23,4173.9,32.5
103262,2026-08-21,Feed - Layer Mash (bag),Feed,Lagos,Retail Market,9,12942.23,8326.37,116480.07,74937.33,41542.74,35.7
103263,2026-08-21,Feed - Broiler Starter (bag),Feed,Lagos,Direct Farm Sale,3,16037.87,12480.0,48113.61,37440.0,10673.61,22.2
103264,2026-08-21,Turkey,Poultry,Ogun,Retail Market,2,4529.83,3250.18,9059.66,6500.36,2559.3,28.2
103265,2026-08-21,Goat Meat (kg),Livestock,Ogun,Direct Farm Sale,1,3815.32,2575.75,3815.32,2575.75,1239.57,32.5
103266,2026-08-22,"Cattle (Live, per head)",Livestock,Ibadan Metro,Retail Market,1,288295.01,182384.87,288295.01,182384.87,105910.14,36.7
103267,2026-08-22,Layer Eggs (Crate),Poultry,Lagos,Retail Market,2,2892.2,2234.29,5784.4,4468.58,1315.82,22.7
103268,2026-08-22,Turkey,Poultry,Oyo,Direct Farm Sale,8,4645.51,2964.41,37164.08,23715.28,13448.8,36.2
103269,2026-08-22,Feed - Broiler Starter (bag),Feed,Ogun,Direct Farm Sale,7,15830.78,10994.83,110815.46,76963.81,33851.65,30.5
103270,2026-08-22,Goat Meat (kg),Livestock,Lagos,Distributor,1,3776.64,2815.97,3776.64,2815.97,960.67,25.4
103271,2026-08-22,Turkey,Poultry,Ibadan Metro,Direct Farm Sale,2,4407.28,2911.97,8814.56,5823.94,2990.62,33.9
103272,2026-08-23,Feed - Layer Mash (bag),Feed,Lagos,Distributor,4,12654.01,9619.05,50616.04,38476.2,12139.84,24.0
103273,2026-08-23,Turkey,Poultry,Lagos,Distributor,18,4689.87,3094.34,84417.66,55698.12,28719.54,34.0
103274,2026-08-23,Feed - Layer Mash (bag),Feed,Lagos,Direct Farm Sale,1,13170.44,9979.59,13170.44,9979.59,3190.85,24.2
103275,2026-08-23,Turkey,Poultry,Ibadan Metro,Direct Farm Sale,8,4390.24,3397.22,35121.92,27177.76,7944.16,22.6
103276,2026-08-23,Feed - Layer Mash (bag),Feed,Ogun,Direct Farm Sale,4,13027.71,8206.58,52110.84,32826.32,19284.52,37.0
103277,2026-08-23,Turkey,Poultry,Oyo,Retail Market,1,4327.73,2826.14,4327.73,2826.14,1501.59,34.7
103278,2026-08-24,Goat Meat (kg),Livestock,Oyo,Direct Farm Sale,1,3960.53,2939.21,3960.53,2939.21,1021.32,25.8
103279,2026-08-24,Goat Meat (kg),Livestock,Oyo,Distributor,1,3675.65,2504.2,3675.65,2504.2,1171.45,31.9
103280,2026-08-24,Turkey,Poultry,Oyo,Direct Farm Sale,4,4349.04,3163.9,17396.16,12655.6,4740.56,27.3
103281,2026-08-24,"Cattle (Live, per head)",Livestock,Oyo,Retail Market,1,276085.01,180657.41,276085.01,180657.41,95427.6,34.6
103282,2026-08-24,"Ram (Live, per head)",Livestock,Ibadan Metro,Retail Market,1,93244.62,65618.06,93244.62,65618.06,27626.56,29.6
103283,2026-08-24,Layer Eggs (Crate),Poultry,Lagos,Distributor,2,2812.97,2140.86,5625.94,4281.72,1344.22,23.9
103284,2026-08-24,Goat Meat (kg),Livestock,Ibadan Metro,Distributor,1,4073.8,3171.96,4073.8,3171.96,901.84,22.1
103285,2026-08-24,Layer Eggs (Crate),Poultry,Lagos,Distributor,6,2734.93,2034.35,16409.58,12206.1,4203.48,25.6
103286,2026-08-24,Turkey,Poultry,Oyo,Retail Market,5,4437.03,2908.05,22185.15,14540.25,7644.9,34.5
103287,2026-08-24,Layer Eggs (Crate),Poultry,Lagos,Direct Farm Sale,8,2940.88,2171.08,23527.04,17368.64,6158.4,26.2
103288,2026-08-25,Broiler Chicken,Poultry,Oyo,Retail Market,15,3174.5,2211.26,47617.5,33168.9,14448.6,30.3
103289,2026-08-25,"Cattle (Live, per head)",Livestock,Ibadan Metro,Retail Market,1,298518.69,187387.33,298518.69,187387.33,111131.36,37.2
103290,2026-08-25,Feed - Layer Mash (bag),Feed,Ogun,Retail Market,3,13513.27,8847.4,40539.81,26542.2,13997.61,34.5
103291,2026-08-25,Goat Meat (kg),Livestock,Ogun,Direct Farm Sale,1,3809.09,2892.58,3809.09,2892.58,916.51,24.1
103292,2026-08-25,"Cattle (Live, per head)",Livestock,Lagos,Direct Farm Sale,1,285884.37,180075.85,285884.37,180075.85,105808.52,37.0
103293,2026-08-25,Feed - Layer Mash (bag),Feed,Lagos,Retail Market,2,12767.7,8237.43,25535.4,16474.86,9060.54,35.5
103294,2026-08-25,Turkey,Poultry,Ogun,Retail Market,23,4630.28,3326.85,106496.44,76517.55,29978.89,28.2
